mes,codigo_producto,metodo,prediccion,inferior,superior,half_width,alpha_aci
2025-03-01,CITG000725ALTE,ANIO_ANTERIOR,0.0,0.0,0.0,0.0,0.16000000000000006
2025-03-01,CITG000725ARIP,ANIO_ANTERIOR,0.0,0.0,0.0,0.0,0.16000000000000006
2025-03-01,CITG000725ARSP,ANIO_ANTERIOR,0.0,0.0,0.0,0.0,0.16000000000000006
2025-03-01,CITG000725ARTE,ANIO_ANTERIOR,0.0,0.0,0.0,0.0,0.16000000000000006
2025-03-01,CP201030RHRP,ANIO_ANTERIOR,0.0,0.0,0.0,0.0,0.16000000000000006
2025-03-01,INACTIVO,ANIO_ANTERIOR,0.0,0.0,6880.0,6880.0,0.11000000000000004
2025-03-01,LSESTERILA01,ANIO_ANTERIOR,0.0,0.0,0.0,0.0,0.16000000000000006
2025-03-01,MC000624ELEP,ANIO_ANTERIOR,0.0,0.0,0.0,0.0,0.16000000000000006
2025-03-01,MC000624ELRP,ANIO_ANTERIOR,10.0,0.0,7590.0,7580.0,0.025000000000000005
2025-03-01,MC000624EREP,ANIO_ANTERIOR,0.0,0.0,0.0,0.0,0.16000000000000006
2025-03-01,MC001030ELRP,ANIO_ANTERIOR,0.0,0.0,0.0,0.0,0.16000000000000006
2025-03-01,MC021020DRRP,ANIO_ANTERIOR,0.0,0.0,0.0,0.0,0.16000000000000006
2025-03-01,MC031020DRRC,ANIO_ANTERIOR,0.0,0.0,1600.0,1600.0,0.04500000000000001
2025-03-01,MC031020DRRP,ANIO_ANTERIOR,510.0,0.0,20910.0,20400.0,0.11000000000000004
2025-03-01,MC031020KRRP,ANIO_ANTERIOR,0.0,0.0,0.0,0.0,0.16000000000000006
2025-03-01,MC050919DRRP,ANIO_ANTERIOR,0.0,0.0,0.0,0.0,0.16000000000000006
2025-03-01,MC051020DRRC,ANIO_ANTERIOR,1147.0,0.0,7447.0,6300.0,0.060000000000000026
2025-03-01,MC051020DRRP,ANIO_ANTERIOR,6156.0,0.0,20198.0,14042.0,0.05500000000000002
2025-03-01,MC051020DRZP,ANIO_ANTERIOR,0.0,0.0,0.0,0.0,0.16000000000000006
2025-03-01,MC051020KRRP,ANIO_ANTERIOR,0.0,0.0,0.0,0.0,0.16000000000000006
2025-03-01,MC051020LMRP,ANIO_ANTERIOR,0.0,0.0,1260.0,1260.0,0.11000000000000004
2025-03-01,MC051022LMRP,ANIO_ANTERIOR,0.0,0.0,0.0,0.0,0.16000000000000006
2025-03-01,MC052525CLRP,ANIO_ANTERIOR,0.0,0.0,0.0,0.0,0.16000000000000006
2025-03-01,MC061224DMRP,ANIO_ANTERIOR,0.0,0.0,0.0,0.0,0.16000000000000006
2025-03-01,MC061224HVEP,ANIO_ANTERIOR,0.0,0.0,1000.0,1000.0,0.11000000000000004
2025-03-01,MC061224HVRP,ANIO_ANTERIOR,30.0,0.0,9480.0,9450.0,0.060000000000000026
2025-03-01,MC061224LVRC,ANIO_ANTERIOR,0.0,0.0,1700.0,1700.0,0.11000000000000004
2025-03-01,MC061224LVRP,ANIO_ANTERIOR,66.0,0.0,21252.0,21186.0,0.11000000000000004
2025-03-01,MC061330LVRC,ANIO_ANTERIOR,0.0,0.0,0.0,0.0,0.16000000000000006
2025-03-01,MC061330LVRP,ANIO_ANTERIOR,0.0,0.0,80.0,80.0,0.06000000000000003
2025-03-01,MC071919CJRP,ANIO_ANTERIOR,0.0,0.0,0.0,0.0,0.16000000000000006
2025-03-01,MC081020DRRC,ANIO_ANTERIOR,0.0,0.0,180.0,180.0,0.11000000000000004
2025-03-01,MC081020DRRP,ANIO_ANTERIOR,0.0,0.0,800.0,800.0,0.015000000000000001
2025-03-01,MC100626NLRP,ANIO_ANTERIOR,0.0,0.0,0.0,0.0,0.16000000000000006
2025-03-01,MC100628CLRP,ANIO_ANTERIOR,0.0,0.0,0.0,0.0,0.16000000000000006
2025-03-01,MC101330LHRC,ANIO_ANTERIOR,350.0,0.0,3085.0,2735.0,0.060000000000000026
2025-03-01,MC101330LHRP,ANIO_ANTERIOR,2019.0,0.0,19329.0,17310.0,0.05000000000000002
2025-03-01,MC101330LVRC,ANIO_ANTERIOR,182.0,0.0,1020.0,838.0,0.11000000000000004
2025-03-01,MC101330LVRP,KRR,655.3546813229841,0.0,5278.706725749955,4623.352044426971,0.060000000000000026
2025-03-01,MC101330LVRPTG,ANIO_ANTERIOR,0.0,0.0,11843.0,11843.0,0.06000000000000003
2025-03-01,MC120620DRRC,ANIO_ANTERIOR,0.0,0.0,30.0,30.0,0.11000000000000004
2025-03-01,MC120620DRRP,ANIO_ANTERIOR,0.0,0.0,561.0,561.0,0.060000000000000026
2025-03-01,MC121206DRRP,ANIO_ANTERIOR,0.0,0.0,1760.0,1760.0,0.04000000000000001
2025-03-01,MC131330IVRC,ANIO_ANTERIOR,0.0,0.0,0.0,0.0,0.16000000000000006
2025-03-01,MC131330LHRC,ANIO_ANTERIOR,0.0,0.0,3.0,3.0,0.11000000000000004
2025-03-01,MC131330LHRP,ANIO_ANTERIOR,0.0,0.0,300.0,300.0,0.060000000000000026
2025-03-01,MC131330LVRC,ANIO_ANTERIOR,0.0,0.0,0.0,0.0,0.16000000000000006
2025-03-01,MC131330LVRP,ANIO_ANTERIOR,0.0,0.0,0.0,0.0,0.16000000000000006
2025-03-01,MC201015RHRC,ANIO_ANTERIOR,550.0,107.0,993.0,443.0,0.04000000000000001
2025-03-01,MC201015RHRP,KRR,8686.624109117201,4231.566996709938,13141.681221524464,4455.057112407263,0.020000000000000004
2025-03-01,MC201020CCRC,ANIO_ANTERIOR,0.0,0.0,0.0,0.0,0.16000000000000006
2025-03-01,MC201020CCRP,ANIO_ANTERIOR,0.0,0.0,0.0,0.0,0.16000000000000006
2025-03-01,MC201020CTRP,ANIO_ANTERIOR,0.0,0.0,0.0,0.0,0.16000000000000006
2025-03-01,MC201020RHRC,ANIO_ANTERIOR,0.0,0.0,0.0,0.0,0.16000000000000006
2025-03-01,MC201020RHRP,ANIO_ANTERIOR,0.0,0.0,0.0,0.0,0.16000000000000006
2025-03-01,MC201030RH3C,ANIO_ANTERIOR,0.0,0.0,0.0,0.0,0.16000000000000006
2025-03-01,MC201030RH3P,ANIO_ANTERIOR,0.0,0.0,0.0,0.0,0.16000000000000006
2025-03-01,MC201030RHRC,KRR,11897.97852322762,2927.082914270877,20868.874132184363,8970.895608956744,0.025000000000000005
2025-03-01,MC201030RHRP,KRR,49636.59833432402,20991.253072795735,78281.94359585231,28645.345261528288,0.025000000000000005
2025-03-01,MC201030RVRC,ANIO_ANTERIOR,0.0,0.0,782.0,782.0,0.11000000000000004
2025-03-01,MC201030RVRP,ANIO_ANTERIOR,2200.0,0.0,10900.0,8700.0,0.060000000000000026
2025-03-01,MC201040RHRC,ANIO_ANTERIOR,0.0,0.0,0.0,0.0,0.16000000000000006
2025-03-01,MC201040RHRP,ANIO_ANTERIOR,0.0,0.0,0.0,0.0,0.16000000000000006
2025-03-01,MC201215RHRC,ANIO_ANTERIOR,390.0,0.0,1568.0,1178.0,0.04500000000000001
2025-03-01,MC201215RHRP,KRR,17235.462938767796,13481.689324549403,20989.23655298619,3753.773614218393,0.060000000000000026
2025-03-01,MC201220LVRP,ANIO_ANTERIOR,0.0,0.0,150.0,150.0,0.060000000000000026
2025-03-01,MC201230RHRC,KRR,21136.314222694815,9213.691918620538,33058.93652676909,11922.622304074277,0.11000000000000004
2025-03-01,MC201230RHRP,KRR,146524.59541918756,117704.09747033901,175345.09336803612,28820.497948848555,0.060000000000000026
2025-03-01,MC201230RVRC,ANIO_ANTERIOR,0.0,0.0,3150.0,3150.0,0.010000000000000016
2025-03-01,MC201230RVRP,KRR,11783.785184026825,26.318209218474294,23541.252158835174,11757.46697480835,0.11000000000000004
2025-03-01,MC201240LVRC,ANIO_ANTERIOR,0.0,0.0,1100.0,1100.0,0.060000000000000026
2025-03-01,MC201240LVRP,ANIO_ANTERIOR,0.0,0.0,2888.0,2888.0,0.01
2025-03-01,MC201240RHRC,ANIO_ANTERIOR,0.0,0.0,0.0,0.0,0.16000000000000006
2025-03-01,MC201240RHRP,ANIO_ANTERIOR,0.0,0.0,0.0,0.0,0.16000000000000006
2025-03-01,MC201520CCRP,ANIO_ANTERIOR,0.0,0.0,0.0,0.0,0.16000000000000006
2025-03-01,MCCONTROL01,ANIO_ANTERIOR,0.0,0.0,0.0,0.0,0.16000000000000006
2025-03-01,MCENSAYO0001,ANIO_ANTERIOR,0.0,0.0,0.0,0.0,0.16000000000000006
2025-03-01,MCENSAYO0002,ANIO_ANTERIOR,0.0,0.0,0.0,0.0,0.16000000000000006
2025-03-01,MCENSAYO0003,ANIO_ANTERIOR,0.0,0.0,5674.0,5674.0,0.04000000000000001
2025-03-01,MCENSAYO0004,ANIO_ANTERIOR,0.0,0.0,0.0,0.0,0.16000000000000006
2025-03-01,MCENSAYO0005,ANIO_ANTERIOR,0.0,0.0,85.0,85.0,0.11000000000000004
2025-03-01,MCENSAYO0015,ANIO_ANTERIOR,0.0,0.0,6120.0,6120.0,0.06000000000000003
2025-03-01,MCENSAYO0016,ANIO_ANTERIOR,0.0,0.0,4186.0,4186.0,0.11000000000000004
2025-03-01,MCENSAYO0017,ANIO_ANTERIOR,0.0,0.0,60751.0,60751.0,0.010000000000000023
2025-03-01,PRESUPUESTO,ANIO_ANTERIOR,0.0,0.0,0.0,0.0,0.16000000000000006
2025-03-01,TG000325ALAP,ANIO_ANTERIOR,0.0,0.0,85.0,85.0,0.11000000000000004
2025-03-01,TG000325ALMP,ANIO_ANTERIOR,0.0,0.0,71.0,71.0,0.060000000000000026
2025-03-01,TG000325ALRP,ANIO_ANTERIOR,0.0,0.0,0.0,0.0,0.16000000000000006
2025-03-01,TG000325ALSP,ANIO_ANTERIOR,0.0,0.0,7.0,7.0,0.060000000000000026
2025-03-01,TG000325ALTP,ANIO_ANTERIOR,0.0,0.0,52.0,52.0,0.060000000000000026
2025-03-01,TG000325ALYP,ANIO_ANTERIOR,0.0,0.0,2.0,2.0,0.11000000000000004
2025-03-01,TG000325ARAP,ANIO_ANTERIOR,0.0,0.0,0.0,0.0,0.16000000000000006
2025-03-01,TG000325ARMP,ANIO_ANTERIOR,0.0,0.0,0.0,0.0,0.16000000000000006
2025-03-01,TG000325ARSP,ANIO_ANTERIOR,0.0,0.0,0.0,0.0,0.16000000000000006
2025-03-01,TG000325ARTP,ANIO_ANTERIOR,0.0,0.0,0.0,0.0,0.16000000000000006
2025-03-01,TG000325TEKP,ANIO_ANTERIOR,0.0,0.0,0.0,0.0,0.16000000000000006
2025-03-01,TG000325TELP,ANIO_ANTERIOR,0.0,0.0,0.0,0.0,0.16000000000000006
2025-03-01,TG000325TENP,ANIO_ANTERIOR,0.0,0.0,0.0,0.0,0.16000000000000006
2025-03-01,TG00047N004P,ANIO_ANTERIOR,0.0,0.0,0.0,0.0,0.16000000000000006
2025-03-01,TG00047N104P,ANIO_ANTERIOR,0.0,0.0,1.0,1.0,0.11000000000000004
2025-03-01,TG00047N204P,ANIO_ANTERIOR,0.0,0.0,0.0,0.0,0.16000000000000006
2025-03-01,TG00047N304P,ANIO_ANTERIOR,0.0,0.0,0.0,0.0,0.16000000000000006
2025-03-01,TG00047N404P,ANIO_ANTERIOR,0.0,0.0,0.0,0.0,0.16000000000000006
2025-03-01,TG00047N504P,ANIO_ANTERIOR,0.0,0.0,0.0,0.0,0.16000000000000006
2025-03-01,TG00047N604P,ANIO_ANTERIOR,0.0,0.0,0.0,0.0,0.16000000000000006
2025-03-01,TG00047N704P,ANIO_ANTERIOR,0.0,0.0,0.0,0.0,0.16000000000000006
2025-03-01,TG00047N804P,ANIO_ANTERIOR,0.0,0.0,0.0,0.0,0.16000000000000006
2025-03-01,TG00047NA04P,ANIO_ANTERIOR,0.0,0.0,2.0,2.0,0.11000000000000004
2025-03-01,TG00047NB04P,ANIO_ANTERIOR,0.0,0.0,0.0,0.0,0.16000000000000006
2025-03-01,TG00047NC04P,ANIO_ANTERIOR,0.0,0.0,1.0,1.0,0.11000000000000004
2025-03-01,TG00047ND04P,ANIO_ANTERIOR,0.0,0.0,0.0,0.0,0.16000000000000006
2025-03-01,TG00047NE04P,ANIO_ANTERIOR,0.0,0.0,0.0,0.0,0.16000000000000006
2025-03-01,TG00047NES4P,ANIO_ANTERIOR,0.0,0.0,0.0,0.0,0.16000000000000006
2025-03-01,TG00047NF04P,ANIO_ANTERIOR,0.0,0.0,0.0,0.0,0.16000000000000006
2025-03-01,TG00047NG04P,ANIO_ANTERIOR,0.0,0.0,0.0,0.0,0.16000000000000006
2025-03-01,TG00047NGU4P,ANIO_ANTERIOR,0.0,0.0,0.0,0.0,0.16000000000000006
2025-03-01,TG00047NH04P,ANIO_ANTERIOR,0.0,0.0,0.0,0.0,0.16000000000000006
2025-03-01,TG00047NI04P,ANIO_ANTERIOR,0.0,0.0,3.0,3.0,0.11000000000000004
2025-03-01,TG00047NJ04P,ANIO_ANTERIOR,0.0,0.0,0.0,0.0,0.16000000000000006
2025-03-01,TG00047NK04P,ANIO_ANTERIOR,0.0,0.0,0.0,0.0,0.16000000000000006
2025-03-01,TG00047NL04P,ANIO_ANTERIOR,0.0,0.0,0.0,0.0,0.16000000000000006
2025-03-01,TG00047NM04P,ANIO_ANTERIOR,0.0,0.0,1.0,1.0,0.11000000000000004
2025-03-01,TG00047NN04P,ANIO_ANTERIOR,0.0,0.0,0.0,0.0,0.16000000000000006
2025-03-01,TG00047NNN4P,ANIO_ANTERIOR,0.0,0.0,0.0,0.0,0.16000000000000006
2025-03-01,TG00047NP04P,ANIO_ANTERIOR,0.0,0.0,1.0,1.0,0.11000000000000004
2025-03-01,TG00047NQ04P,ANIO_ANTERIOR,0.0,0.0,1.0,1.0,0.11000000000000004
2025-03-01,TG00047NR04P,ANIO_ANTERIOR,0.0,0.0,0.0,0.0,0.16000000000000006
2025-03-01,TG00047NS04P,ANIO_ANTERIOR,0.0,0.0,1.0,1.0,0.11000000000000004
2025-03-01,TG00047NSE4P,ANIO_ANTERIOR,0.0,0.0,0.0,0.0,0.16000000000000006
2025-03-01,TG00047NT04P,ANIO_ANTERIOR,0.0,0.0,1.0,1.0,0.11000000000000004
2025-03-01,TG00047NU04P,ANIO_ANTERIOR,0.0,0.0,0.0,0.0,0.16000000000000006
2025-03-01,TG00047NV04P,ANIO_ANTERIOR,0.0,0.0,0.0,0.0,0.16000000000000006
2025-03-01,TG00047NX04P,ANIO_ANTERIOR,0.0,0.0,1.0,1.0,0.11000000000000004
2025-03-01,TG00047NY04P,ANIO_ANTERIOR,0.0,0.0,0.0,0.0,0.16000000000000006
2025-03-01,TG00047NZ04P,ANIO_ANTERIOR,0.0,0.0,0.0,0.0,0.16000000000000006
2025-03-01,TG000515ERMP,ANIO_ANTERIOR,0.0,0.0,0.6,0.6,0.11000000000000004
2025-03-01,TG000515ERRP,ANIO_ANTERIOR,0.0,0.0,0.0,0.0,0.16000000000000006
2025-03-01,TG000624ALAE,ANIO_ANTERIOR,0.0,0.0,158.0,158.0,0.060000000000000026
2025-03-01,TG000624ALAP,ANIO_ANTERIOR,0.0,0.0,87.0,87.0,0.11000000000000004
2025-03-01,TG000624ALGE,ANIO_ANTERIOR,0.0,0.0,0.0,0.0,0.16000000000000006
2025-03-01,TG000624ALGP,ANIO_ANTERIOR,0.0,0.0,0.0,0.0,0.16000000000000006
2025-03-01,TG000624ALME,ANIO_ANTERIOR,0.0,0.0,52.0,52.0,0.11000000000000004
2025-03-01,TG000624ALMP,ANIO_ANTERIOR,0.0,0.0,0.0,0.0,0.16000000000000006
2025-03-01,TG000624ALRE,ANIO_ANTERIOR,0.0,0.0,0.0,0.0,0.16000000000000006
2025-03-01,TG000624ALRP,ANIO_ANTERIOR,0.0,0.0,0.0,0.0,0.16000000000000006
2025-03-01,TG000624ELAC,ANIO_ANTERIOR,0.0,0.0,0.0,0.0,0.16000000000000006
2025-03-01,TG000624ELAP,ANIO_ANTERIOR,0.0,0.0,0.0,0.0,0.16000000000000006
2025-03-01,TG000624ELGC,ANIO_ANTERIOR,0.0,0.0,0.0,0.0,0.16000000000000006
2025-03-01,TG000624ELGP,ANIO_ANTERIOR,0.0,0.0,0.0,0.0,0.16000000000000006
2025-03-01,TG000624ELMC,ANIO_ANTERIOR,0.0,0.0,0.0,0.0,0.16000000000000006
2025-03-01,TG000624ELMP,ANIO_ANTERIOR,0.0,0.0,0.0,0.0,0.16000000000000006
2025-03-01,TG000624ELRC,ANIO_ANTERIOR,0.0,0.0,0.0,0.0,0.16000000000000006
2025-03-01,TG000624ELRP,ANIO_ANTERIOR,0.0,0.0,0.0,0.0,0.16000000000000006
2025-03-01,TG000624LLAP,ANIO_ANTERIOR,45182.0,0.0,90364.0,45182.0,0.060000000000000026
2025-03-01,TG000626ELAP,ANIO_ANTERIOR,0.0,0.0,0.0,0.0,0.16000000000000006
2025-03-01,TG000626ELAP1,ANIO_ANTERIOR,75550.0,0.0,192821.0,117271.0,0.04500000000000001
2025-03-01,TG000626ELAP2,ANIO_ANTERIOR,0.0,0.0,71316.0,71316.0,0.060000000000000026
2025-03-01,TG000626ELMP,ANIO_ANTERIOR,0.0,0.0,0.0,0.0,0.16000000000000006
2025-03-01,TG000626ELMP1,ANIO_ANTERIOR,0.0,0.0,14472.0,14472.0,0.04500000000000001
2025-03-01,TG000626ELMP2,ANIO_ANTERIOR,0.0,0.0,1435.0,1435.0,0.11000000000000004
2025-03-01,TG000626ELRP,ANIO_ANTERIOR,0.0,0.0,0.0,0.0,0.16000000000000006
2025-03-01,TG000626ELRP1,ANIO_ANTERIOR,9300.0,0.0,30272.0,20972.0,0.01
2025-03-01,TG000626ELRP2,ANIO_ANTERIOR,9660.0,0.0,27660.0,18000.0,0.060000000000000026
2025-03-01,TG000630ELAP,ANIO_ANTERIOR,0.0,0.0,2300.0,2300.0,0.11000000000000004
2025-03-01,TG000725ALAE,ANIO_ANTERIOR,0.0,0.0,0.0,0.0,0.16000000000000006
2025-03-01,TG000725ALAE1,ANIO_ANTERIOR,35.0,0.0,568.0,533.0,0.060000000000000026
2025-03-01,TG000725ALAP,ANIO_ANTERIOR,0.0,0.0,0.0,0.0,0.16000000000000006
2025-03-01,TG000725ALAP1,ANIO_ANTERIOR,462.0,0.0,5718.0,5256.0,0.11000000000000004
2025-03-01,TG000725ALAP2,ANIO_ANTERIOR,0.0,0.0,1716.0,1716.0,0.020000000000000004
2025-03-01,TG000725ALAX,ANIO_ANTERIOR,0.0,0.0,100.0,100.0,0.11000000000000004
2025-03-01,TG000725ALFP,ANIO_ANTERIOR,0.0,0.0,0.0,0.0,0.16000000000000006
2025-03-01,TG000725ALIP,ANIO_ANTERIOR,0.0,0.0,0.0,0.0,0.16000000000000006
2025-03-01,TG000725ALME,ANIO_ANTERIOR,0.0,0.0,0.0,0.0,0.16000000000000006
2025-03-01,TG000725ALME1,ANIO_ANTERIOR,20.0,0.0,442.0,422.0,0.060000000000000026
2025-03-01,TG000725ALME2,ANIO_ANTERIOR,9.0,0.0,168.0,159.0,0.030000000000000006
2025-03-01,TG000725ALMP,ANIO_ANTERIOR,0.0,0.0,0.0,0.0,0.16000000000000006
2025-03-01,TG000725ALMP1,ANIO_ANTERIOR,1.0,0.0,1454.0,1453.0,0.05000000000000002
2025-03-01,TG000725ALMP2,ANIO_ANTERIOR,608.0,0.0,2935.0,2327.0,0.015000000000000001
2025-03-01,TG000725ALOP,ANIO_ANTERIOR,0.0,0.0,0.0,0.0,0.16000000000000006
2025-03-01,TG000725ALQP,ANIO_ANTERIOR,0.0,0.0,0.0,0.0,0.16000000000000006
2025-03-01,TG000725ALRE,ANIO_ANTERIOR,0.0,0.0,0.0,0.0,0.16000000000000006
2025-03-01,TG000725ALRE1,ANIO_ANTERIOR,332.0,0.0,1976.0,1644.0,0.05500000000000002
2025-03-01,TG000725ALRE2,ANIO_ANTERIOR,200.0,0.0,2248.0,2048.0,0.025000000000000005
2025-03-01,TG000725ALRESR,ANIO_ANTERIOR,0.0,0.0,140.0,140.0,0.11000000000000004
2025-03-01,TG000725ALRP,ANIO_ANTERIOR,0.0,0.0,0.0,0.0,0.16000000000000006
2025-03-01,TG000725ALRP1,ANIO_ANTERIOR,643.0,0.0,4932.0,4289.0,0.11000000000000004
2025-03-01,TG000725ALRP2,ANIO_ANTERIOR,440.0,0.0,2582.0,2142.0,0.060000000000000026
2025-03-01,TG000725ALSE,ANIO_ANTERIOR,0.0,0.0,0.0,0.0,0.16000000000000006
2025-03-01,TG000725ALSP,ANIO_ANTERIOR,0.0,0.0,0.0,0.0,0.16000000000000006
2025-03-01,TG000725ALTE,ANIO_ANTERIOR,0.0,0.0,18.0,18.0,0.11000000000000004
2025-03-01,TG000725ALTP,ANIO_ANTERIOR,100.0,0.0,2532.0,2432.0,0.020000000000000004
2025-03-01,TG000725ALVP,ANIO_ANTERIOR,0.0,0.0,0.0,0.0,0.16000000000000006
2025-03-01,TG000725ALWP,ANIO_ANTERIOR,0.0,0.0,0.0,0.0,0.16000000000000006
2025-03-01,TG000725ALYE,ANIO_ANTERIOR,0.0,0.0,403.0,403.0,0.11000000000000004
2025-03-01,TG000725ALYP,ANIO_ANTERIOR,50.0,0.0,412.0,362.0,0.015000000000000001
2025-03-01,TG000725ARAE,ANIO_ANTERIOR,0.0,0.0,0.0,0.0,0.16000000000000006
2025-03-01,TG000725ARAP,ANIO_ANTERIOR,0.0,0.0,0.0,0.0,0.16000000000000006
2025-03-01,TG000725ARAP1,ANIO_ANTERIOR,0.0,0.0,500.0,500.0,0.010000000000000016
2025-03-01,TG000725ARAP2,ANIO_ANTERIOR,0.0,0.0,9.0,9.0,0.11000000000000004
2025-03-01,TG000725ARFP,ANIO_ANTERIOR,0.0,0.0,0.0,0.0,0.16000000000000006
2025-03-01,TG000725ARIP,ANIO_ANTERIOR,0.0,0.0,0.0,0.0,0.16000000000000006
2025-03-01,TG000725ARME,ANIO_ANTERIOR,0.0,0.0,0.0,0.0,0.16000000000000006
2025-03-01,TG000725ARMP,ANIO_ANTERIOR,0.0,0.0,0.0,0.0,0.16000000000000006
2025-03-01,TG000725ARMP1,ANIO_ANTERIOR,0.0,0.0,9.0,9.0,0.11000000000000004
2025-03-01,TG000725ARMP2,ANIO_ANTERIOR,0.0,0.0,730.0,730.0,0.010000000000000016
2025-03-01,TG000725ARQP,ANIO_ANTERIOR,0.0,0.0,0.0,0.0,0.16000000000000006
2025-03-01,TG000725ARRP,ANIO_ANTERIOR,0.0,0.0,0.0,0.0,0.16000000000000006
2025-03-01,TG000725ARRP1,ANIO_ANTERIOR,116.0,0.0,837.0,721.0,0.01
2025-03-01,TG000725ARRP2,ANIO_ANTERIOR,66.0,0.0,456.0,390.0,0.01
2025-03-01,TG000725ARSE,ANIO_ANTERIOR,0.0,0.0,0.0,0.0,0.16000000000000006
2025-03-01,TG000725ARSP,ANIO_ANTERIOR,0.0,0.0,0.0,0.0,0.16000000000000006
2025-03-01,TG000725ARTE,ANIO_ANTERIOR,19.0,2.0,36.0,17.0,0.025000000000000005
2025-03-01,TG000725ARTP,ANIO_ANTERIOR,0.0,0.0,3.0,3.0,0.11000000000000004
2025-03-01,TG000725ARVP,ANIO_ANTERIOR,0.0,0.0,0.0,0.0,0.16000000000000006
2025-03-01,TG000725ARWP,ANIO_ANTERIOR,0.0,0.0,0.0,0.0,0.16000000000000006
2025-03-01,TG000725ARYE,ANIO_ANTERIOR,0.0,0.0,0.0,0.0,0.16000000000000006
2025-03-01,TG000725ARYP,ANIO_ANTERIOR,0.0,0.0,0.0,0.0,0.16000000000000006
2025-03-01,TG000725SRMP,ANIO_ANTERIOR,0.0,0.0,46.0,46.0,0.11000000000000004
2025-03-01,TG000725SRRP,ANIO_ANTERIOR,0.0,0.0,61.5,61.5,0.060000000000000026
2025-03-01,TG000820ALRP,ANIO_ANTERIOR,0.0,0.0,3.0,3.0,0.11000000000000004
2025-03-01,TG000920CLDP,ANIO_ANTERIOR,0.0,0.0,48.0,48.0,0.11000000000000004
2025-03-01,TG000920CLJP,ANIO_ANTERIOR,0.0,0.0,6.0,6.0,0.11000000000000004
2025-03-01,TG000920CLPP,ANIO_ANTERIOR,92.0,0.0,214.0,122.0,0.05000000000000002
2025-03-01,TG000920CLRP,ANIO_ANTERIOR,0.0,0.0,0.0,0.0,0.16000000000000006
2025-03-01,TG001010ALRE,ANIO_ANTERIOR,0.0,0.0,0.0,0.0,0.16000000000000006
2025-03-01,TG001010ALTP,ANIO_ANTERIOR,0.0,0.0,2.0,2.0,0.11000000000000004
2025-03-01,TG001010ARAE,ANIO_ANTERIOR,0.0,0.0,1.0,1.0,0.11000000000000004
2025-03-01,TG001010ARQE,ANIO_ANTERIOR,0.0,0.0,0.0,0.0,0.16000000000000006
2025-03-01,TG001010ARRE,ANIO_ANTERIOR,0.0,0.0,0.0,0.0,0.16000000000000006
2025-03-01,TG001010ARRE1,ANIO_ANTERIOR,22.0,0.0,340.0,318.0,0.11000000000000004
2025-03-01,TG001010ARRE2,ANIO_ANTERIOR,70.0,0.0,140.0,70.0,0.11000000000000004
2025-03-01,TG001010ARRP,ANIO_ANTERIOR,0.0,0.0,0.0,0.0,0.16000000000000006
2025-03-01,TG001010ARRP1,ANIO_ANTERIOR,476.0,0.0,1729.0,1253.0,0.060000000000000026
2025-03-01,TG001010ARRP2,ANIO_ANTERIOR,30.0,0.0,273.0,243.0,0.060000000000000026
2025-03-01,TG001020ALAE,ANIO_ANTERIOR,0.0,0.0,0.0,0.0,0.16000000000000006
2025-03-01,TG001020ALAE1,ANIO_ANTERIOR,0.0,0.0,1443.0,1443.0,0.05500000000000002
2025-03-01,TG001020ALAE2,ANIO_ANTERIOR,50.0,0.0,522.0,472.0,0.015000000000000001
2025-03-01,TG001020ALAESR,ANIO_ANTERIOR,27.0,0.0,237.0,210.0,0.010000000000000016
2025-03-01,TG001020ALAP,ANIO_ANTERIOR,0.0,0.0,0.0,0.0,0.16000000000000006
2025-03-01,TG001020ALAP1,ANIO_ANTERIOR,158.0,0.0,1742.0,1584.0,0.010000000000000016
2025-03-01,TG001020ALAP2,ANIO_ANTERIOR,566.0,0.0,4202.0,3636.0,0.05500000000000002
2025-03-01,TG001020ALDE,ANIO_ANTERIOR,0.0,0.0,0.0,0.0,0.16000000000000006
2025-03-01,TG001020ALDE1,ANIO_ANTERIOR,138.0,0.0,1072.0,934.0,0.05000000000000002
2025-03-01,TG001020ALDE2,ANIO_ANTERIOR,200.0,0.0,1250.0,1050.0,0.025000000000000005
2025-03-01,TG001020ALDESR,ANIO_ANTERIOR,0.0,0.0,476.0,476.0,0.04000000000000001
2025-03-01,TG001020ALDP,ANIO_ANTERIOR,0.0,0.0,0.0,0.0,0.16000000000000006
2025-03-01,TG001020ALDP1,ANIO_ANTERIOR,1972.0,0.0,5541.0,3569.0,0.05500000000000002
2025-03-01,TG001020ALDP2,ANIO_ANTERIOR,570.0,0.0,1628.0,1058.0,0.015000000000000001
2025-03-01,TG001020ALFP,ANIO_ANTERIOR,0.0,0.0,0.0,0.0,0.16000000000000006
2025-03-01,TG001020ALJE,ANIO_ANTERIOR,0.0,0.0,1.0,1.0,0.11000000000000004
2025-03-01,TG001020ALME,ANIO_ANTERIOR,0.0,0.0,0.0,0.0,0.16000000000000006
2025-03-01,TG001020ALME1,ANIO_ANTERIOR,0.0,0.0,64.0,64.0,0.11000000000000004
2025-03-01,TG001020ALME2,ANIO_ANTERIOR,0.0,0.0,18.0,18.0,0.11000000000000004
2025-03-01,TG001020ALMP,ANIO_ANTERIOR,0.0,0.0,0.0,0.0,0.16000000000000006
2025-03-01,TG001020ALMP1,ANIO_ANTERIOR,34.0,0.0,1508.0,1474.0,0.11000000000000004
2025-03-01,TG001020ALMP2,ANIO_ANTERIOR,260.0,0.0,1659.0,1399.0,0.025000000000000005
2025-03-01,TG001020ALRE,ANIO_ANTERIOR,0.0,0.0,0.0,0.0,0.16000000000000006
2025-03-01,TG001020ALRE1,ANIO_ANTERIOR,1443.0,0.0,4530.0,3087.0,0.060000000000000026
2025-03-01,TG001020ALRE2,ANIO_ANTERIOR,277.0,0.0,2368.0,2091.0,0.05000000000000002
2025-03-01,TG001020ALRESR,ANIO_ANTERIOR,3100.0,0.0,6200.0,3100.0,0.11000000000000004
2025-03-01,TG001020ALRP,ANIO_ANTERIOR,0.0,0.0,0.0,0.0,0.16000000000000006
2025-03-01,TG001020ALRP1,ANIO_ANTERIOR,1921.0,0.0,13286.0,11365.0,0.11000000000000004
2025-03-01,TG001020ALRP2,ANIO_ANTERIOR,3578.0,0.0,8682.0,5104.0,0.04000000000000001
2025-03-01,TG001020ALRX,ANIO_ANTERIOR,0.0,0.0,2016.0,2016.0,0.060000000000000026
2025-03-01,TG001020ALYP,ANIO_ANTERIOR,0.0,0.0,165.0,165.0,0.01
2025-03-01,TG001020CLAE,ANIO_ANTERIOR,0.0,0.0,0.0,0.0,0.16000000000000006
2025-03-01,TG001020CLAP,ANIO_ANTERIOR,8.0,0.0,104.0,96.0,0.060000000000000026
2025-03-01,TG001020CLRE,ANIO_ANTERIOR,0.0,0.0,0.0,0.0,0.16000000000000006
2025-03-01,TG001020CLRE1,ANIO_ANTERIOR,0.0,0.0,52.0,52.0,0.11000000000000004
2025-03-01,TG001020CLRP,ANIO_ANTERIOR,0.0,0.0,508.0,508.0,0.060000000000000026
2025-03-01,TG001020CLRP1,ANIO_ANTERIOR,64.0,0.0,459.0,395.0,0.04500000000000001
2025-03-01,TG001020CLRP2,ANIO_ANTERIOR,0.0,0.0,100.0,100.0,0.11000000000000004
2025-03-01,TG001515BLRP,ANIO_ANTERIOR,0.0,0.0,488.0,488.0,0.11000000000000004
2025-03-01,TG001515BLRP1,ANIO_ANTERIOR,0.0,0.0,488.0,488.0,0.11000000000000004
2025-03-01,TG002020BLAE,ANIO_ANTERIOR,0.0,0.0,0.0,0.0,0.16000000000000006
2025-03-01,TG002020BLAP,ANIO_ANTERIOR,0.0,0.0,0.0,0.0,0.16000000000000006
2025-03-01,TG002020BLRE,ANIO_ANTERIOR,0.0,0.0,0.0,0.0,0.16000000000000006
2025-03-01,TG002020BLRP,ANIO_ANTERIOR,0.0,0.0,0.0,0.0,0.16000000000000006
2025-03-01,TG002020CLAE,ANIO_ANTERIOR,0.0,0.0,0.0,0.0,0.16000000000000006
2025-03-01,TG002020CLAP,ANIO_ANTERIOR,1.0,0.0,26.0,25.0,0.060000000000000026
2025-03-01,TG002020CLCP,ANIO_ANTERIOR,0.0,0.0,0.0,0.0,0.16000000000000006
2025-03-01,TG002020CLJB,ANIO_ANTERIOR,0.0,0.0,0.0,0.0,0.16000000000000006
2025-03-01,TG002020CLRP,ANIO_ANTERIOR,47.0,0.0,287.0,240.0,0.01
2025-03-01,TG002025CLAE,ANIO_ANTERIOR,0.0,0.0,0.0,0.0,0.16000000000000006
2025-03-01,TG002025CLAP,ANIO_ANTERIOR,0.0,0.0,57.0,57.0,0.060000000000000026
2025-03-01,TG002025CLCP,ANIO_ANTERIOR,0.0,0.0,0.0,0.0,0.16000000000000006
2025-03-01,TG002025CLRE,ANIO_ANTERIOR,0.0,0.0,126.0,126.0,0.11000000000000004
2025-03-01,TG002025CLRP,ANIO_ANTERIOR,27.0,0.0,203.0,176.0,0.04000000000000001
2025-03-01,TG002525CLAP,ANIO_ANTERIOR,0.0,0.0,0.0,0.0,0.16000000000000006
2025-03-01,TG003122JLME,ANIO_ANTERIOR,0.0,0.0,6.0,6.0,0.11000000000000004
2025-03-01,TG00314NGU1P,ANIO_ANTERIOR,0.0,0.0,1.0,1.0,0.11000000000000004
2025-03-01,TG00314NGU2P,ANIO_ANTERIOR,0.0,0.0,0.0,0.0,0.16000000000000006
2025-03-01,TG00314NSE1P,ANIO_ANTERIOR,0.0,0.0,0.0,0.0,0.16000000000000006
2025-03-01,TG00314NSE2P,ANIO_ANTERIOR,0.0,0.0,0.0,0.0,0.16000000000000006
2025-03-01,TG00314NSE3P,ANIO_ANTERIOR,0.0,0.0,0.0,0.0,0.16000000000000006
2025-03-01,TG00505T044P,ANIO_ANTERIOR,0.0,0.0,0.0,0.0,0.16000000000000006
2025-03-01,TG00707T043P,ANIO_ANTERIOR,0.0,0.0,0.0,0.0,0.16000000000000006
2025-03-01,TG00714N101P,ANIO_ANTERIOR,0.0,0.0,0.0,0.0,0.16000000000000006
2025-03-01,TG00714N102P,ANIO_ANTERIOR,0.0,0.0,0.0,0.0,0.16000000000000006
2025-03-01,TG00714N103P,ANIO_ANTERIOR,0.0,0.0,0.0,0.0,0.16000000000000006
2025-03-01,TG00714N201P,ANIO_ANTERIOR,0.0,0.0,1.0,1.0,0.11000000000000004
2025-03-01,TG00714N202P,ANIO_ANTERIOR,0.0,0.0,0.0,0.0,0.16000000000000006
2025-03-01,TG00714N203P,ANIO_ANTERIOR,0.0,0.0,0.0,0.0,0.16000000000000006
2025-03-01,TG00714N301E,ANIO_ANTERIOR,0.0,0.0,1.0,1.0,0.11000000000000004
2025-03-01,TG00714N301P,ANIO_ANTERIOR,0.0,0.0,0.0,0.0,0.16000000000000006
2025-03-01,TG00714N302P,ANIO_ANTERIOR,0.0,0.0,0.0,0.0,0.16000000000000006
2025-03-01,TG00714N303P,ANIO_ANTERIOR,0.0,0.0,5.0,5.0,0.11000000000000004
2025-03-01,TG00714N401E,ANIO_ANTERIOR,0.0,0.0,0.0,0.0,0.16000000000000006
2025-03-01,TG00714N401P,ANIO_ANTERIOR,0.0,0.0,1.0,1.0,0.11000000000000004
2025-03-01,TG00714N402P,ANIO_ANTERIOR,0.0,0.0,0.0,0.0,0.16000000000000006
2025-03-01,TG00714N403P,ANIO_ANTERIOR,0.0,0.0,0.0,0.0,0.16000000000000006
2025-03-01,TG00714N501P,ANIO_ANTERIOR,0.0,0.0,1.0,1.0,0.11000000000000004
2025-03-01,TG00714N502P,ANIO_ANTERIOR,0.0,0.0,0.0,0.0,0.16000000000000006
2025-03-01,TG00714N503P,ANIO_ANTERIOR,0.0,0.0,0.0,0.0,0.16000000000000006
2025-03-01,TG00714N601E,ANIO_ANTERIOR,0.0,0.0,0.0,0.0,0.16000000000000006
2025-03-01,TG00714N601P,ANIO_ANTERIOR,0.0,0.0,0.0,0.0,0.16000000000000006
2025-03-01,TG00714N602P,ANIO_ANTERIOR,0.0,0.0,0.0,0.0,0.16000000000000006
2025-03-01,TG00714N603P,ANIO_ANTERIOR,0.0,0.0,0.0,0.0,0.16000000000000006
2025-03-01,TG00714N701E,ANIO_ANTERIOR,0.0,0.0,0.0,0.0,0.16000000000000006
2025-03-01,TG00714N701P,ANIO_ANTERIOR,0.0,0.0,0.0,0.0,0.16000000000000006
2025-03-01,TG00714N702P,ANIO_ANTERIOR,0.0,0.0,0.0,0.0,0.16000000000000006
2025-03-01,TG00714N703P,ANIO_ANTERIOR,0.0,0.0,0.0,0.0,0.16000000000000006
2025-03-01,TG00714N801E,ANIO_ANTERIOR,0.0,0.0,0.0,0.0,0.16000000000000006
2025-03-01,TG00714N801P,ANIO_ANTERIOR,0.0,0.0,0.0,0.0,0.16000000000000006
2025-03-01,TG00714N802P,ANIO_ANTERIOR,0.0,0.0,0.0,0.0,0.16000000000000006
2025-03-01,TG00714N803P,ANIO_ANTERIOR,0.0,0.0,0.0,0.0,0.16000000000000006
2025-03-01,TG00714NA01E,ANIO_ANTERIOR,0.0,0.0,2.0,2.0,0.060000000000000026
2025-03-01,TG00714NA01P,ANIO_ANTERIOR,0.0,0.0,0.0,0.0,0.16000000000000006
2025-03-01,TG00714NA02P,ANIO_ANTERIOR,0.0,0.0,0.0,0.0,0.16000000000000006
2025-03-01,TG00714NA03P,ANIO_ANTERIOR,0.0,0.0,1.0,1.0,0.11000000000000004
2025-03-01,TG00714NB01E,ANIO_ANTERIOR,0.0,0.0,0.0,0.0,0.16000000000000006
2025-03-01,TG00714NB01P,ANIO_ANTERIOR,0.0,0.0,0.0,0.0,0.16000000000000006
2025-03-01,TG00714NB02P,ANIO_ANTERIOR,0.0,0.0,0.0,0.0,0.16000000000000006
2025-03-01,TG00714NB03P,ANIO_ANTERIOR,0.0,0.0,1.0,1.0,0.11000000000000004
2025-03-01,TG00714NC01P,ANIO_ANTERIOR,0.0,0.0,0.0,0.0,0.16000000000000006
2025-03-01,TG00714NC02P,ANIO_ANTERIOR,0.0,0.0,0.0,0.0,0.16000000000000006
2025-03-01,TG00714NC03P,ANIO_ANTERIOR,0.0,0.0,0.0,0.0,0.16000000000000006
2025-03-01,TG00714ND01E,ANIO_ANTERIOR,0.0,0.0,0.0,0.0,0.16000000000000006
2025-03-01,TG00714ND01P,ANIO_ANTERIOR,0.0,0.0,1.0,1.0,0.11000000000000004
2025-03-01,TG00714ND02P,ANIO_ANTERIOR,0.0,0.0,0.0,0.0,0.16000000000000006
2025-03-01,TG00714ND03P,ANIO_ANTERIOR,0.0,0.0,0.0,0.0,0.16000000000000006
2025-03-01,TG00714NE01E,ANIO_ANTERIOR,0.0,0.0,3.0,3.0,0.060000000000000026
2025-03-01,TG00714NE01P,ANIO_ANTERIOR,0.0,0.0,0.0,0.0,0.16000000000000006
2025-03-01,TG00714NE02P,ANIO_ANTERIOR,0.0,0.0,0.0,0.0,0.16000000000000006
2025-03-01,TG00714NE03P,ANIO_ANTERIOR,0.0,0.0,0.0,0.0,0.16000000000000006
2025-03-01,TG00714NES3P,ANIO_ANTERIOR,0.0,0.0,0.0,0.0,0.16000000000000006
2025-03-01,TG00714NF01E,ANIO_ANTERIOR,0.0,0.0,0.0,0.0,0.16000000000000006
2025-03-01,TG00714NF01P,ANIO_ANTERIOR,0.0,0.0,2.0,2.0,0.11000000000000004
2025-03-01,TG00714NF02P,ANIO_ANTERIOR,0.0,0.0,0.0,0.0,0.16000000000000006
2025-03-01,TG00714NF03P,ANIO_ANTERIOR,0.0,0.0,0.0,0.0,0.16000000000000006
2025-03-01,TG00714NG01E,ANIO_ANTERIOR,0.0,0.0,2.0,2.0,0.11000000000000004
2025-03-01,TG00714NG01P,ANIO_ANTERIOR,0.0,0.0,0.0,0.0,0.16000000000000006
2025-03-01,TG00714NG02P,ANIO_ANTERIOR,0.0,0.0,0.0,0.0,0.16000000000000006
2025-03-01,TG00714NG03P,ANIO_ANTERIOR,0.0,0.0,0.0,0.0,0.16000000000000006
2025-03-01,TG00714NH01E,ANIO_ANTERIOR,0.0,0.0,1.0,1.0,0.11000000000000004
2025-03-01,TG00714NH01P,ANIO_ANTERIOR,0.0,0.0,0.0,0.0,0.16000000000000006
2025-03-01,TG00714NH02P,ANIO_ANTERIOR,0.0,0.0,0.0,0.0,0.16000000000000006
2025-03-01,TG00714NH03P,ANIO_ANTERIOR,0.0,0.0,1.0,1.0,0.11000000000000004
2025-03-01,TG00714NI01P,ANIO_ANTERIOR,0.0,0.0,1.0,1.0,0.11000000000000004
2025-03-01,TG00714NI02P,ANIO_ANTERIOR,0.0,0.0,0.0,0.0,0.16000000000000006
2025-03-01,TG00714NI03P,ANIO_ANTERIOR,0.0,0.0,0.0,0.0,0.16000000000000006
2025-03-01,TG00714NJ01E,ANIO_ANTERIOR,0.0,0.0,2.0,2.0,0.11000000000000004
2025-03-01,TG00714NJ01P,ANIO_ANTERIOR,0.0,0.0,0.0,0.0,0.16000000000000006
2025-03-01,TG00714NJ02P,ANIO_ANTERIOR,0.0,0.0,0.0,0.0,0.16000000000000006
2025-03-01,TG00714NJ03P,ANIO_ANTERIOR,0.0,0.0,0.0,0.0,0.16000000000000006
2025-03-01,TG00714NK01E,ANIO_ANTERIOR,0.0,0.0,0.0,0.0,0.16000000000000006
2025-03-01,TG00714NK01P,ANIO_ANTERIOR,0.0,0.0,1.0,1.0,0.11000000000000004
2025-03-01,TG00714NK02P,ANIO_ANTERIOR,0.0,0.0,0.0,0.0,0.16000000000000006
2025-03-01,TG00714NK03P,ANIO_ANTERIOR,0.0,0.0,0.0,0.0,0.16000000000000006
2025-03-01,TG00714NL01P,ANIO_ANTERIOR,0.0,0.0,0.0,0.0,0.16000000000000006
2025-03-01,TG00714NL02P,ANIO_ANTERIOR,0.0,0.0,0.0,0.0,0.16000000000000006
2025-03-01,TG00714NL03P,ANIO_ANTERIOR,0.0,0.0,0.0,0.0,0.16000000000000006
2025-03-01,TG00714NM01E,ANIO_ANTERIOR,0.0,0.0,0.0,0.0,0.16000000000000006
2025-03-01,TG00714NM01P,ANIO_ANTERIOR,0.0,0.0,1.0,1.0,0.11000000000000004
2025-03-01,TG00714NM03P,ANIO_ANTERIOR,0.0,0.0,0.0,0.0,0.16000000000000006
2025-03-01,TG00714NN01E,ANIO_ANTERIOR,0.0,0.0,0.0,0.0,0.16000000000000006
2025-03-01,TG00714NN01P,ANIO_ANTERIOR,0.0,0.0,1.0,1.0,0.11000000000000004
2025-03-01,TG00714NN02P,ANIO_ANTERIOR,0.0,0.0,0.0,0.0,0.16000000000000006
2025-03-01,TG00714NN03P,ANIO_ANTERIOR,0.0,0.0,0.0,0.0,0.16000000000000006
2025-03-01,TG00714NNN1E,ANIO_ANTERIOR,0.0,0.0,0.0,0.0,0.16000000000000006
2025-03-01,TG00714NNN1P,ANIO_ANTERIOR,0.0,0.0,0.0,0.0,0.16000000000000006
2025-03-01,TG00714NNN2P,ANIO_ANTERIOR,0.0,0.0,0.0,0.0,0.16000000000000006
2025-03-01,TG00714NO01P,ANIO_ANTERIOR,0.0,0.0,1.0,1.0,0.11000000000000004
2025-03-01,TG00714NO02P,ANIO_ANTERIOR,0.0,0.0,0.0,0.0,0.16000000000000006
2025-03-01,TG00714NO03P,ANIO_ANTERIOR,0.0,0.0,0.0,0.0,0.16000000000000006
2025-03-01,TG00714NP01E,ANIO_ANTERIOR,0.0,0.0,0.0,0.0,0.16000000000000006
2025-03-01,TG00714NP01P,ANIO_ANTERIOR,0.0,0.0,2.0,2.0,0.060000000000000026
2025-03-01,TG00714NP02P,ANIO_ANTERIOR,0.0,0.0,0.0,0.0,0.16000000000000006
2025-03-01,TG00714NP03P,ANIO_ANTERIOR,0.0,0.0,0.0,0.0,0.16000000000000006
2025-03-01,TG00714NQ01E,ANIO_ANTERIOR,0.0,0.0,0.0,0.0,0.16000000000000006
2025-03-01,TG00714NQ01P,ANIO_ANTERIOR,0.0,0.0,0.0,0.0,0.16000000000000006
2025-03-01,TG00714NQ02P,ANIO_ANTERIOR,0.0,0.0,0.0,0.0,0.16000000000000006
2025-03-01,TG00714NR01P,ANIO_ANTERIOR,0.0,0.0,3.0,3.0,0.060000000000000026
2025-03-01,TG00714NR02P,ANIO_ANTERIOR,0.0,0.0,0.0,0.0,0.16000000000000006
2025-03-01,TG00714NS01E,ANIO_ANTERIOR,0.0,0.0,0.0,0.0,0.16000000000000006
2025-03-01,TG00714NS01P,ANIO_ANTERIOR,0.0,0.0,0.0,0.0,0.16000000000000006
2025-03-01,TG00714NS02P,ANIO_ANTERIOR,0.0,0.0,0.0,0.0,0.16000000000000006
2025-03-01,TG00714NT01E,ANIO_ANTERIOR,0.0,0.0,0.0,0.0,0.16000000000000006
2025-03-01,TG00714NT01P,ANIO_ANTERIOR,0.0,0.0,0.0,0.0,0.16000000000000006
2025-03-01,TG00714NT02P,ANIO_ANTERIOR,0.0,0.0,3.0,3.0,0.11000000000000004
2025-03-01,TG00714NT03P,ANIO_ANTERIOR,0.0,0.0,0.0,0.0,0.16000000000000006
2025-03-01,TG00714NU01E,ANIO_ANTERIOR,0.0,0.0,0.0,0.0,0.16000000000000006
2025-03-01,TG00714NU01P,ANIO_ANTERIOR,0.0,0.0,1.0,1.0,0.11000000000000004
2025-03-01,TG00714NU02P,ANIO_ANTERIOR,0.0,0.0,0.0,0.0,0.16000000000000006
2025-03-01,TG00714NU03P,ANIO_ANTERIOR,0.0,0.0,0.0,0.0,0.16000000000000006
2025-03-01,TG00714NV01E,ANIO_ANTERIOR,0.0,0.0,0.0,0.0,0.16000000000000006
2025-03-01,TG00714NV01P,ANIO_ANTERIOR,0.0,0.0,0.0,0.0,0.16000000000000006
2025-03-01,TG00714NV02P,ANIO_ANTERIOR,0.0,0.0,0.0,0.0,0.16000000000000006
2025-03-01,TG00714NV03P,ANIO_ANTERIOR,0.0,0.0,0.0,0.0,0.16000000000000006
2025-03-01,TG00714NW01E,ANIO_ANTERIOR,0.0,0.0,0.0,0.0,0.16000000000000006
2025-03-01,TG00714NW01P,ANIO_ANTERIOR,0.0,0.0,0.0,0.0,0.16000000000000006
2025-03-01,TG00714NW02P,ANIO_ANTERIOR,0.0,0.0,0.0,0.0,0.16000000000000006
2025-03-01,TG00714NX01E,ANIO_ANTERIOR,0.0,0.0,0.0,0.0,0.16000000000000006
2025-03-01,TG00714NX01P,ANIO_ANTERIOR,0.0,0.0,0.0,0.0,0.16000000000000006
2025-03-01,TG00714NX03P,ANIO_ANTERIOR,0.0,0.0,0.0,0.0,0.16000000000000006
2025-03-01,TG00714NY01E,ANIO_ANTERIOR,0.0,0.0,0.0,0.0,0.16000000000000006
2025-03-01,TG00714NY01P,ANIO_ANTERIOR,0.0,0.0,3.0,3.0,0.060000000000000026
2025-03-01,TG00714NY02P,ANIO_ANTERIOR,0.0,0.0,0.0,0.0,0.16000000000000006
2025-03-01,TG00714NZ01E,ANIO_ANTERIOR,0.0,0.0,0.0,0.0,0.16000000000000006
2025-03-01,TG00714NZ01P,ANIO_ANTERIOR,0.0,0.0,1.0,1.0,0.11000000000000004
2025-03-01,TG00714NZ02P,ANIO_ANTERIOR,0.0,0.0,0.0,0.0,0.16000000000000006
2025-03-01,TG00725CVFIP,ANIO_ANTERIOR,0.0,0.0,0.0,0.0,0.16000000000000006
2025-03-01,TG00920G030P,ANIO_ANTERIOR,0.0,0.0,0.0,0.0,0.16000000000000006
2025-03-01,TG01010T003P,ANIO_ANTERIOR,0.0,0.0,0.0,0.0,0.16000000000000006
2025-03-01,TG01010T005P,ANIO_ANTERIOR,0.0,0.0,100.0,100.0,0.11000000000000004
2025-03-01,TG01010T011P,ANIO_ANTERIOR,0.0,0.0,0.0,0.0,0.16000000000000006
2025-03-01,TG01010T015P,ANIO_ANTERIOR,0.0,0.0,200.0,200.0,0.11000000000000004
2025-03-01,TG01010T017P,ANIO_ANTERIOR,0.0,0.0,0.0,0.0,0.16000000000000006
2025-03-01,TG01010T018P,ANIO_ANTERIOR,0.0,0.0,0.0,0.0,0.16000000000000006
2025-03-01,TG01010T019P,ANIO_ANTERIOR,0.0,0.0,0.0,0.0,0.16000000000000006
2025-03-01,TG01010T026P,ANIO_ANTERIOR,0.0,0.0,4.0,4.0,0.11000000000000004
2025-03-01,TG01010T036P,ANIO_ANTERIOR,0.0,0.0,0.0,0.0,0.16000000000000006
2025-03-01,TG01010T037P,ANIO_ANTERIOR,0.0,0.0,0.0,0.0,0.16000000000000006
2025-03-01,TG01010T041P,ANIO_ANTERIOR,0.0,0.0,0.0,0.0,0.16000000000000006
2025-03-01,TG01010T052P,ANIO_ANTERIOR,0.0,0.0,0.0,0.0,0.16000000000000006
2025-03-01,TG01010T053P,ANIO_ANTERIOR,0.0,0.0,0.0,0.0,0.16000000000000006
2025-03-01,TG01010T054P,ANIO_ANTERIOR,0.0,0.0,0.0,0.0,0.16000000000000006
2025-03-01,TG01010T060P,ANIO_ANTERIOR,0.0,0.0,0.0,0.0,0.16000000000000006
2025-03-01,TG01010T062P,ANIO_ANTERIOR,0.0,0.0,0.0,0.0,0.16000000000000006
2025-03-01,TG01010T063P,ANIO_ANTERIOR,0.0,0.0,0.0,0.0,0.16000000000000006
2025-03-01,TG01010T066P,ANIO_ANTERIOR,0.0,0.0,60.0,60.0,0.060000000000000026
2025-03-01,TG01010T067P,ANIO_ANTERIOR,0.0,0.0,0.0,0.0,0.16000000000000006
2025-03-01,TG01010T090P,ANIO_ANTERIOR,0.0,0.0,0.0,0.0,0.16000000000000006
2025-03-01,TG01010T091P,ANIO_ANTERIOR,0.0,0.0,0.0,0.0,0.16000000000000006
2025-03-01,TG01010T092P,ANIO_ANTERIOR,0.0,0.0,10.0,10.0,0.06000000000000003
2025-03-01,TG01010T093P,ANIO_ANTERIOR,0.0,0.0,10.0,10.0,0.11000000000000004
2025-03-01,TG01010T094P,ANIO_ANTERIOR,0.0,0.0,0.0,0.0,0.16000000000000006
2025-03-01,TG01010T095P,ANIO_ANTERIOR,0.0,0.0,10.0,10.0,0.06000000000000003
2025-03-01,TG01010T096P,ANIO_ANTERIOR,0.0,0.0,0.0,0.0,0.16000000000000006
2025-03-01,TG01010T098P,ANIO_ANTERIOR,0.0,0.0,18.0,18.0,0.11000000000000004
2025-03-01,TG01010T115P,ANIO_ANTERIOR,0.0,0.0,0.0,0.0,0.16000000000000006
2025-03-01,TG01010T116P,ANIO_ANTERIOR,0.0,0.0,0.0,0.0,0.16000000000000006
2025-03-01,TG01010T117P,ANIO_ANTERIOR,0.0,0.0,0.0,0.0,0.16000000000000006
2025-03-01,TG01010TBIRP,ANIO_ANTERIOR,0.0,0.0,700.0,700.0,0.11000000000000004
2025-03-01,TG01010TRFIP,ANIO_ANTERIOR,0.0,0.0,0.0,0.0,0.16000000000000006
2025-03-01,TG01020C005P,ANIO_ANTERIOR,0.0,0.0,0.0,0.0,0.16000000000000006
2025-03-01,TG01020C006P,ANIO_ANTERIOR,0.0,0.0,0.0,0.0,0.16000000000000006
2025-03-01,TG01020C011P,ANIO_ANTERIOR,0.0,0.0,0.0,0.0,0.16000000000000006
2025-03-01,TG01020C013P,ANIO_ANTERIOR,0.0,0.0,0.0,0.0,0.16000000000000006
2025-03-01,TG01020C016P,ANIO_ANTERIOR,0.0,0.0,0.0,0.0,0.16000000000000006
2025-03-01,TG01020C023P,ANIO_ANTERIOR,0.0,0.0,0.0,0.0,0.16000000000000006
2025-03-01,TG01020C026P,ANIO_ANTERIOR,0.0,0.0,0.0,0.0,0.16000000000000006
2025-03-01,TG010624ELAP,ANIO_ANTERIOR,800.0,0.0,9038.0,8238.0,0.010000000000000016
2025-03-01,TG010624ELMP,ANIO_ANTERIOR,0.0,0.0,8400.0,8400.0,0.11000000000000004
2025-03-01,TG010624ELRP,ANIO_ANTERIOR,84.0,0.0,4252.0,4168.0,0.04500000000000001
2025-03-01,TG021020DRAP1,ANIO_ANTERIOR,0.0,0.0,8500.0,8500.0,0.11000000000000004
2025-03-01,TG021020DRMP1,ANIO_ANTERIOR,0.0,0.0,49.0,49.0,0.11000000000000004
2025-03-01,TG021020DRRP1,ANIO_ANTERIOR,12330.0,0.0,34084.0,21754.0,0.060000000000000026
2025-03-01,TG021020DRRP2,ANIO_ANTERIOR,0.0,0.0,5700.0,5700.0,0.060000000000000026
2025-03-01,TG031020DRAP,ANIO_ANTERIOR,0.0,0.0,1080.0,1080.0,0.060000000000000026
2025-03-01,TG03232E501P,ANIO_ANTERIOR,0.0,0.0,0.0,0.0,0.16000000000000006
2025-03-01,TG03232E504P,ANIO_ANTERIOR,0.0,0.0,0.0,0.0,0.16000000000000006
2025-03-01,TG03232E505P,ANIO_ANTERIOR,0.0,0.0,0.0,0.0,0.16000000000000006
2025-03-01,TG03232E509P,ANIO_ANTERIOR,0.0,0.0,0.0,0.0,0.16000000000000006
2025-03-01,TG03232E510P,ANIO_ANTERIOR,0.0,0.0,0.0,0.0,0.16000000000000006
2025-03-01,TG03232E511P,ANIO_ANTERIOR,0.0,0.0,0.0,0.0,0.16000000000000006
2025-03-01,TG041020DRAP2,ANIO_ANTERIOR,0.0,0.0,1300.0,1300.0,0.11000000000000004
2025-03-01,TG041020DRMP1,ANIO_ANTERIOR,0.0,0.0,2600.0,2600.0,0.11000000000000004
2025-03-01,TG041020DRMP2,ANIO_ANTERIOR,0.0,0.0,200.0,200.0,0.11000000000000004
2025-03-01,TG041020DRRP1,ANIO_ANTERIOR,30630.0,0.0,121155.0,90525.0,0.025000000000000005
2025-03-01,TG041020DRRP2,ANIO_ANTERIOR,0.0,0.0,8644.0,8644.0,0.035
2025-03-01,TG051020DRAP,ANIO_ANTERIOR,0.0,0.0,16.0,16.0,0.11000000000000004
2025-03-01,TG051020DRMP,ANIO_ANTERIOR,0.0,0.0,2750.0,2750.0,0.11000000000000004
2025-03-01,TG051239HVAC,ANIO_ANTERIOR,0.0,0.0,0.0,0.0,0.16000000000000006
2025-03-01,TG051239HVAP,ANIO_ANTERIOR,0.0,0.0,2850.0,2850.0,0.060000000000000026
2025-03-01,TG051239HVMC,ANIO_ANTERIOR,0.0,0.0,0.0,0.0,0.16000000000000006
2025-03-01,TG051239HVMP,ANIO_ANTERIOR,0.0,0.0,5945.0,5945.0,0.060000000000000026
2025-03-01,TG051439HVAC,ANIO_ANTERIOR,0.0,0.0,4600.0,4600.0,0.020000000000000004
2025-03-01,TG051439HVAP,ANIO_ANTERIOR,0.0,0.0,9147.0,9147.0,0.060000000000000026
2025-03-01,TG051439HVMP,ANIO_ANTERIOR,0.0,0.0,42.0,42.0,0.11000000000000004
2025-03-01,TG051439HVTP,ANIO_ANTERIOR,0.0,0.0,0.0,0.0,0.16000000000000006
2025-03-01,TG051439LVAC,ANIO_ANTERIOR,0.0,0.0,0.0,0.0,0.16000000000000006
2025-03-01,TG061020DAAP,ANIO_ANTERIOR,0.0,0.0,0.0,0.0,0.16000000000000006
2025-03-01,TG061020DGAP,ANIO_ANTERIOR,0.0,0.0,0.0,0.0,0.16000000000000006
2025-03-01,TG061020DRRP1,ANIO_ANTERIOR,6570.0,0.0,14820.0,8250.0,0.060000000000000026
2025-03-01,TG061214LLAP,ANIO_ANTERIOR,0.0,0.0,20.0,20.0,0.11000000000000004
2025-03-01,TG061216CLLP,ANIO_ANTERIOR,0.0,0.0,1100.0,1100.0,0.11000000000000004
2025-03-01,TG061224LVAB,ANIO_ANTERIOR,0.0,0.0,5730.0,5730.0,0.015000000000000001
2025-03-01,TG061224LVAC,ANIO_ANTERIOR,0.0,0.0,2000.0,2000.0,0.060000000000000026
2025-03-01,TG061224LVAP,ANIO_ANTERIOR,1710.0,0.0,20040.0,18330.0,0.020000000000000004
2025-03-01,TG061224LVGB,ANIO_ANTERIOR,0.0,0.0,0.0,0.0,0.16000000000000006
2025-03-01,TG061224LVGC,ANIO_ANTERIOR,0.0,0.0,0.0,0.0,0.16000000000000006
2025-03-01,TG061224LVGP,ANIO_ANTERIOR,0.0,0.0,0.0,0.0,0.16000000000000006
2025-03-01,TG061224LVMB,ANIO_ANTERIOR,0.0,0.0,150.0,150.0,0.11000000000000004
2025-03-01,TG061224LVMC,ANIO_ANTERIOR,0.0,0.0,0.0,0.0,0.16000000000000006
2025-03-01,TG061224LVMP,ANIO_ANTERIOR,0.0,0.0,3000.0,3000.0,0.11000000000000004
2025-03-01,TG061224LVRC,ANIO_ANTERIOR,0.0,0.0,0.0,0.0,0.16000000000000006
2025-03-01,TG061224LVRP,ANIO_ANTERIOR,0.0,0.0,0.0,0.0,0.16000000000000006
2025-03-01,TG061225LVLC,ANIO_ANTERIOR,0.0,0.0,600.0,600.0,0.06000000000000003
2025-03-01,TG061225LVLP,ANIO_ANTERIOR,0.0,0.0,0.0,0.0,0.16000000000000006
2025-03-01,TG061226LLAP,ANIO_ANTERIOR,0.0,0.0,0.0,0.0,0.16000000000000006
2025-03-01,TG061226LPAP,ANIO_ANTERIOR,0.0,0.0,0.0,0.0,0.16000000000000006
2025-03-01,TG061430LVAB,ANIO_ANTERIOR,0.0,0.0,0.0,0.0,0.16000000000000006
2025-03-01,TG061430LVAP,ANIO_ANTERIOR,0.0,0.0,7854.0,7854.0,0.010000000000000016
2025-03-01,TG082380QHRC,ANIO_ANTERIOR,0.0,0.0,5830.0,5830.0,0.01
2025-03-01,TG082380QHRP,ANIO_ANTERIOR,0.0,0.0,73751.0,73751.0,0.015000000000000001
2025-03-01,TG092020CLAE,ANIO_ANTERIOR,0.0,0.0,0.0,0.0,0.16000000000000006
2025-03-01,TG092020CLAP,ANIO_ANTERIOR,25.0,0.0,371.0,346.0,0.035
2025-03-01,TG092020CLRE,ANIO_ANTERIOR,0.0,0.0,340.0,340.0,0.11000000000000004
2025-03-01,TG092020CLRP,ANIO_ANTERIOR,68.0,0.0,381.0,313.0,0.11000000000000004
2025-03-01,TG120620DRRP,ANIO_ANTERIOR,25.0,0.0,107.0,82.0,0.060000000000000026
2025-03-01,TG121006CCAP,ANIO_ANTERIOR,0.0,0.0,0.0,0.0,0.16000000000000006
2025-03-01,TG121206DRRP,ANIO_ANTERIOR,0.0,0.0,9040.0,9040.0,0.025000000000000005
2025-03-01,TG191910CCAP,ANIO_ANTERIOR,0.0,0.0,194.0,194.0,0.01
2025-03-01,TG201220LVRP,ANIO_ANTERIOR,0.0,0.0,2100.0,2100.0,0.11000000000000004
2025-03-01,TG201240LVRP,ANIO_ANTERIOR,0.0,0.0,7128.0,7128.0,0.010000000000000023
2025-03-01,TG2945TRLRRP,ANIO_ANTERIOR,0.0,0.0,19464.0,19464.0,0.060000000000000026
2025-03-01,TG3422TZLMMP,ANIO_ANTERIOR,0.0,0.0,0.0,0.0,0.16000000000000006
2025-03-01,TG3422TZLMMP1,ANIO_ANTERIOR,408.0,0.0,1255.0,847.0,0.06000000000000003
2025-03-01,TG3422TZLMMP2,ANIO_ANTERIOR,320.0,0.0,1371.0,1051.0,0.05500000000000002
2025-03-01,TG3422TZLRRP,ANIO_ANTERIOR,0.0,0.0,0.0,0.0,0.16000000000000006
2025-03-01,TG3422TZLRRP1,ANIO_ANTERIOR,0.0,0.0,400.0,400.0,0.025000000000000005
2025-03-01,TG3920TCLMMP,ANIO_ANTERIOR,0.0,0.0,0.0,0.0,0.16000000000000006
2025-03-01,TG3920TCLMMP2,ANIO_ANTERIOR,150.0,0.0,998.0,848.0,0.010000000000000016
2025-03-01,TG3920TCLRRP,ANIO_ANTERIOR,0.0,0.0,0.0,0.0,0.16000000000000006
2025-03-01,TG3920TCLRRP1,ANIO_ANTERIOR,0.0,0.0,302.0,302.0,0.025000000000000005
2025-03-01,TGCONTROL01,ANIO_ANTERIOR,0.0,0.0,0.0,0.0,0.16000000000000006
2025-03-01,TGENSAYO0001,ANIO_ANTERIOR,0.0,0.0,0.0,0.0,0.16000000000000006
2025-03-01,TGENSAYO0002,ANIO_ANTERIOR,0.0,0.0,0.0,0.0,0.16000000000000006
2025-03-01,TGENSAYO0003,ANIO_ANTERIOR,0.0,0.0,0.0,0.0,0.16000000000000006
2025-03-01,TGENSAYO0004,ANIO_ANTERIOR,0.0,0.0,0.0,0.0,0.16000000000000006
2025-03-01,TGENSAYO0005,ANIO_ANTERIOR,0.0,0.0,534.0,534.0,0.11000000000000004
2025-03-01,TGENSAYO0006,ANIO_ANTERIOR,0.0,0.0,0.0,0.0,0.16000000000000006
2025-03-01,TGENSAYO0007,ANIO_ANTERIOR,0.0,0.0,0.0,0.0,0.16000000000000006
2025-03-01,TGENSAYO0008,ANIO_ANTERIOR,0.0,0.0,0.0,0.0,0.16000000000000006
2025-03-01,TGENSAYO0011,ANIO_ANTERIOR,0.0,0.0,0.0,0.0,0.16000000000000006
2025-03-01,TGENSAYO0012,ANIO_ANTERIOR,0.0,0.0,0.0,0.0,0.16000000000000006
2025-03-01,TGENSAYO0013,ANIO_ANTERIOR,0.0,0.0,34800.0,34800.0,0.060000000000000026
2025-03-01,TGENSAYO00130,ANIO_ANTERIOR,0.0,0.0,52.0,52.0,0.060000000000000026
2025-03-01,TGENSAYO0014,ANIO_ANTERIOR,4484.0,0.0,13062.0,8578.0,0.060000000000000026
2025-03-01,TGENSAYO0015,ANIO_ANTERIOR,0.0,0.0,52806.0,52806.0,0.025000000000000005
2025-03-01,TGENSAYO0018,ANIO_ANTERIOR,0.0,0.0,0.0,0.0,0.16000000000000006
2025-03-01,TGENSAYO0021,ANIO_ANTERIOR,0.0,0.0,10499.0,10499.0,0.030000000000000006
2025-03-01,TGENSAYO0028,ANIO_ANTERIOR,0.0,0.0,5316.0,5316.0,0.11000000000000004
2025-03-01,TGENSAYO0029,ANIO_ANTERIOR,0.0,0.0,1300.0,1300.0,0.11000000000000004
2025-03-01,TGENSAYO0030,ANIO_ANTERIOR,1050.0,0.0,2100.0,1050.0,0.11000000000000004
2025-03-01,TGENSAYO0034,ANIO_ANTERIOR,0.0,0.0,225.0,225.0,0.11000000000000004
2025-03-01,TGENSAYO0035,ANIO_ANTERIOR,0.0,0.0,1775.0,1775.0,0.11000000000000004
2025-03-01,TGENSAYO0036,ANIO_ANTERIOR,0.0,0.0,6876.0,6876.0,0.05000000000000002
2025-03-01,TGENSAYO0038,ANIO_ANTERIOR,4.0,0.0,216.0,212.0,0.015000000000000001
2025-03-01,TGENSAYO0039,ANIO_ANTERIOR,0.0,0.0,9350.0,9350.0,0.020000000000000004
2025-03-01,TGENSAYO0040,ANIO_ANTERIOR,0.0,0.0,7448.0,7448.0,0.060000000000000026
2025-03-01,TGENSAYO0041,ANIO_ANTERIOR,2200.0,0.0,4400.0,2200.0,0.11000000000000004
2025-03-01,TGENSAYO0043,ANIO_ANTERIOR,155.0,0.0,590.0,435.0,0.060000000000000026
2025-03-01,TGENSAYO0044,ANIO_ANTERIOR,0.0,0.0,325.0,325.0,0.060000000000000026
2025-03-01,TGENSAYO0045,ANIO_ANTERIOR,0.0,0.0,113.0,113.0,0.060000000000000026
2025-03-01,TGENSAYO0054,ANIO_ANTERIOR,0.0,0.0,4.0,4.0,0.11000000000000004
2025-03-01,TGENSAYO0059,ANIO_ANTERIOR,0.0,0.0,0.0,0.0,0.16000000000000006
2025-03-01,TGENSAYO0063,ANIO_ANTERIOR,0.0,0.0,115.0,115.0,0.11000000000000004
2025-03-01,TGENSAYO0064,ANIO_ANTERIOR,0.0,0.0,0.0,0.0,0.16000000000000006
2025-03-01,TGENSAYO0090,ANIO_ANTERIOR,0.0,0.0,0.0,0.0,0.16000000000000006
2025-03-01,TGENSAYO0121,ANIO_ANTERIOR,0.0,0.0,14.0,14.0,0.11000000000000004
2025-03-01,TGENSAYO0122,ANIO_ANTERIOR,0.0,0.0,70.0,70.0,0.11000000000000004
2025-03-01,TGENSAYO0123,ANIO_ANTERIOR,0.0,0.0,11.0,11.0,0.11000000000000004
2025-03-01,TGENSAYO0124,ANIO_ANTERIOR,5.0,0.0,32.0,27.0,0.015000000000000001
2025-03-01,TGENSAYO0125,ANIO_ANTERIOR,0.0,0.0,37.0,37.0,0.06000000000000003
2025-03-01,TGENSAYO0126,ANIO_ANTERIOR,0.0,0.0,20.0,20.0,0.060000000000000026
2025-03-01,TGENSAYO0128,ANIO_ANTERIOR,0.0,0.0,14.0,14.0,0.11000000000000004
2025-03-01,TGENSAYO0134,ANIO_ANTERIOR,0.0,0.0,6.0,6.0,0.060000000000000026
2025-03-01,TGENSAYO0135,ANIO_ANTERIOR,0.0,0.0,100.0,100.0,0.060000000000000026
2025-03-01,TT000624ELRP,ANIO_ANTERIOR,10320.0,0.0,21446.0,11126.0,0.060000000000000026
2025-03-01,TT052525CLRC,ANIO_ANTERIOR,0.0,0.0,0.0,0.0,0.16000000000000006
2025-03-01,TT052525CLRP,ANIO_ANTERIOR,0.0,0.0,0.0,0.0,0.16000000000000006
2025-03-01,TT061224HVRP,ANIO_ANTERIOR,280.0,0.0,5580.0,5300.0,0.020000000000000004
2025-03-01,TT061224LVRC,ANIO_ANTERIOR,0.0,0.0,2100.0,2100.0,0.060000000000000026
2025-03-01,TT061224LVRP,ANIO_ANTERIOR,71476.0,0.0,142952.0,71476.0,0.11000000000000004
2025-03-01,TT061224VLRP,ANIO_ANTERIOR,0.0,0.0,0.0,0.0,0.16000000000000006
2025-03-01,TT071919CJRP,ANIO_ANTERIOR,0.0,0.0,0.0,0.0,0.16000000000000006
2025-03-01,TT082340RHRP,ANIO_ANTERIOR,0.0,0.0,950.0,950.0,0.11000000000000004
2025-03-01,TT082380QHRC,KRR,6820.863630808463,658.5815559697712,12983.145705647155,6162.282074838692,0.060000000000000026
2025-03-01,TT082380QHRP,KRR,0.0,0.0,99958.05077152007,99958.05077152007,0.015000000000000001
2025-03-01,TT082380QHRPTG,ANIO_ANTERIOR,0.0,0.0,49.0,49.0,0.06000000000000003
2025-03-01,TT082380QHRX,ANIO_ANTERIOR,1000.0,0.0,7130.0,6130.0,0.060000000000000026
2025-03-01,TT100626NLRP,ANIO_ANTERIOR,0.0,0.0,0.0,0.0,0.16000000000000006
2025-03-01,TT100628CLRP,ANIO_ANTERIOR,0.0,0.0,0.0,0.0,0.16000000000000006
2025-03-01,TT101330LHRC,ANIO_ANTERIOR,0.0,0.0,840.0,840.0,0.04500000000000001
2025-03-01,TT101330LHRP,ANIO_ANTERIOR,0.0,0.0,14957.0,14957.0,0.030000000000000006
2025-03-01,TT101330LVRC,ANIO_ANTERIOR,0.0,0.0,155.0,155.0,0.11000000000000004
2025-03-01,TT101330LVRP,ANIO_ANTERIOR,1105.0,0.0,10017.0,8912.0,0.05000000000000002
2025-03-01,TT1741TTLRRC,ANIO_ANTERIOR,0.0,0.0,0.0,0.0,0.16000000000000006
2025-03-01,TT1741TTLRRP,ANIO_ANTERIOR,0.0,0.0,0.0,0.0,0.16000000000000006
2025-03-01,TT201030RHRC,ANIO_ANTERIOR,0.0,0.0,200.0,200.0,0.11000000000000004
2025-03-01,TT201030RHRP,ANIO_ANTERIOR,0.0,0.0,600.0,600.0,0.060000000000000026
2025-03-01,TT201040RVRP,ANIO_ANTERIOR,0.0,0.0,14020.0,14020.0,0.025000000000000005
2025-03-01,TT201220LVRP,ANIO_ANTERIOR,0.0,0.0,900.0,900.0,0.11000000000000004
2025-03-01,TT201240LVRP,ANIO_ANTERIOR,0.0,0.0,7776.0,7776.0,0.060000000000000026
2025-03-01,TT2146TELRRC,ANIO_ANTERIOR,0.0,0.0,0.0,0.0,0.16000000000000006
2025-03-01,TT2146TELRRP,ANIO_ANTERIOR,0.0,0.0,0.0,0.0,0.16000000000000006
2025-03-01,TT2945LRLRRC,ANIO_ANTERIOR,0.0,0.0,2200.0,2200.0,0.11000000000000004
2025-03-01,TT2945TRLRRC,ANIO_ANTERIOR,0.0,0.0,630.0,630.0,0.060000000000000026
2025-03-01,TT2945TRLRRP,ANIO_ANTERIOR,12991.0,0.0,30395.0,17404.0,0.04500000000000001
2025-03-01,TTCONTROL1,ANIO_ANTERIOR,0.0,0.0,0.0,0.0,0.16000000000000006
2025-03-01,TTENSAYO0002,ANIO_ANTERIOR,0.0,0.0,300.0,300.0,0.11000000000000004
2025-03-01,TTENSAYO0014,ANIO_ANTERIOR,0.0,0.0,0.0,0.0,0.16000000000000006
2025-04-01,CITG000725ALTE,ANIO_ANTERIOR,0.0,0.0,0.0,0.0,0.16000000000000006
2025-04-01,CITG000725ARIP,ANIO_ANTERIOR,0.0,0.0,0.0,0.0,0.16000000000000006
2025-04-01,CITG000725ARSP,ANIO_ANTERIOR,0.0,0.0,0.0,0.0,0.16000000000000006
2025-04-01,CITG000725ARTE,ANIO_ANTERIOR,0.0,0.0,0.0,0.0,0.16000000000000006
2025-04-01,CP201030RHRP,ANIO_ANTERIOR,0.0,0.0,0.0,0.0,0.16000000000000006
2025-04-01,INACTIVO,ANIO_ANTERIOR,0.0,0.0,6880.0,6880.0,0.11000000000000004
2025-04-01,LSESTERILA01,ANIO_ANTERIOR,0.0,0.0,0.0,0.0,0.16000000000000006
2025-04-01,MC000624ELEP,ANIO_ANTERIOR,0.0,0.0,0.0,0.0,0.16000000000000006
2025-04-01,MC000624ELRP,ANIO_ANTERIOR,0.0,0.0,7580.0,7580.0,0.025000000000000005
2025-04-01,MC000624EREP,ANIO_ANTERIOR,0.0,0.0,0.0,0.0,0.16000000000000006
2025-04-01,MC001030ELRP,ANIO_ANTERIOR,0.0,0.0,0.0,0.0,0.16000000000000006
2025-04-01,MC021020DRRP,ANIO_ANTERIOR,0.0,0.0,0.0,0.0,0.16000000000000006
2025-04-01,MC031020DRRC,ANIO_ANTERIOR,0.0,0.0,1600.0,1600.0,0.04500000000000001
2025-04-01,MC031020DRRP,ANIO_ANTERIOR,145.0,0.0,20545.0,20400.0,0.11000000000000004
2025-04-01,MC031020KRRP,ANIO_ANTERIOR,0.0,0.0,0.0,0.0,0.16000000000000006
2025-04-01,MC050919DRRP,ANIO_ANTERIOR,0.0,0.0,0.0,0.0,0.16000000000000006
2025-04-01,MC051020DRRC,ANIO_ANTERIOR,0.0,0.0,6300.0,6300.0,0.060000000000000026
2025-04-01,MC051020DRRP,ANIO_ANTERIOR,8380.0,0.0,22422.0,14042.0,0.05500000000000002
2025-04-01,MC051020DRZP,ANIO_ANTERIOR,0.0,0.0,0.0,0.0,0.16000000000000006
2025-04-01,MC051020KRRP,ANIO_ANTERIOR,0.0,0.0,0.0,0.0,0.16000000000000006
2025-04-01,MC051020LMRP,ANIO_ANTERIOR,0.0,0.0,1260.0,1260.0,0.11000000000000004
2025-04-01,MC051022LMRP,ANIO_ANTERIOR,0.0,0.0,0.0,0.0,0.16000000000000006
2025-04-01,MC052525CLRP,ANIO_ANTERIOR,0.0,0.0,0.0,0.0,0.16000000000000006
2025-04-01,MC061224DMRP,ANIO_ANTERIOR,0.0,0.0,0.0,0.0,0.16000000000000006
2025-04-01,MC061224HVEP,ANIO_ANTERIOR,0.0,0.0,1000.0,1000.0,0.11000000000000004
2025-04-01,MC061224HVRP,ANIO_ANTERIOR,0.0,0.0,9450.0,9450.0,0.060000000000000026
2025-04-01,MC061224LVRC,ANIO_ANTERIOR,0.0,0.0,1700.0,1700.0,0.11000000000000004
2025-04-01,MC061224LVRP,ANIO_ANTERIOR,90.0,0.0,21276.0,21186.0,0.11000000000000004
2025-04-01,MC061330LVRC,ANIO_ANTERIOR,0.0,0.0,0.0,0.0,0.16000000000000006
2025-04-01,MC061330LVRP,ANIO_ANTERIOR,0.0,0.0,80.0,80.0,0.06000000000000003
2025-04-01,MC071919CJRP,ANIO_ANTERIOR,0.0,0.0,0.0,0.0,0.16000000000000006
2025-04-01,MC081020DRRC,ANIO_ANTERIOR,0.0,0.0,180.0,180.0,0.11000000000000004
2025-04-01,MC081020DRRP,ANIO_ANTERIOR,600.0,0.0,1400.0,800.0,0.015000000000000001
2025-04-01,MC100626NLRP,ANIO_ANTERIOR,0.0,0.0,0.0,0.0,0.16000000000000006
2025-04-01,MC100628CLRP,ANIO_ANTERIOR,0.0,0.0,0.0,0.0,0.16000000000000006
2025-04-01,MC101330LHRC,ANIO_ANTERIOR,690.0,0.0,3425.0,2735.0,0.060000000000000026
2025-04-01,MC101330LHRP,ANIO_ANTERIOR,7433.0,0.0,24743.0,17310.0,0.05000000000000002
2025-04-01,MC101330LVRC,ANIO_ANTERIOR,105.0,0.0,943.0,838.0,0.11000000000000004
2025-04-01,MC101330LVRP,KRR,559.718866405364,0.0,5183.070910832334,4623.352044426971,0.060000000000000026
2025-04-01,MC101330LVRPTG,ANIO_ANTERIOR,0.0,0.0,11843.0,11843.0,0.06000000000000003
2025-04-01,MC120620DRRC,ANIO_ANTERIOR,0.0,0.0,30.0,30.0,0.11000000000000004
2025-04-01,MC120620DRRP,ANIO_ANTERIOR,0.0,0.0,561.0,561.0,0.060000000000000026
2025-04-01,MC121206DRRP,ANIO_ANTERIOR,0.0,0.0,1760.0,1760.0,0.04000000000000001
2025-04-01,MC131330IVRC,ANIO_ANTERIOR,0.0,0.0,0.0,0.0,0.16000000000000006
2025-04-01,MC131330LHRC,ANIO_ANTERIOR,0.0,0.0,3.0,3.0,0.11000000000000004
2025-04-01,MC131330LHRP,ANIO_ANTERIOR,0.0,0.0,300.0,300.0,0.060000000000000026
2025-04-01,MC131330LVRC,ANIO_ANTERIOR,0.0,0.0,0.0,0.0,0.16000000000000006
2025-04-01,MC131330LVRP,ANIO_ANTERIOR,0.0,0.0,0.0,0.0,0.16000000000000006
2025-04-01,MC201015RHRC,ANIO_ANTERIOR,50.0,0.0,493.0,443.0,0.04000000000000001
2025-04-01,MC201015RHRP,KRR,7988.173871950814,3533.116759543551,12443.230984358077,4455.057112407263,0.020000000000000004
2025-04-01,MC201020CCRC,ANIO_ANTERIOR,0.0,0.0,0.0,0.0,0.16000000000000006
2025-04-01,MC201020CCRP,ANIO_ANTERIOR,0.0,0.0,0.0,0.0,0.16000000000000006
2025-04-01,MC201020CTRP,ANIO_ANTERIOR,0.0,0.0,0.0,0.0,0.16000000000000006
2025-04-01,MC201020RHRC,ANIO_ANTERIOR,0.0,0.0,0.0,0.0,0.16000000000000006
2025-04-01,MC201020RHRP,ANIO_ANTERIOR,0.0,0.0,0.0,0.0,0.16000000000000006
2025-04-01,MC201030RH3C,ANIO_ANTERIOR,0.0,0.0,0.0,0.0,0.16000000000000006
2025-04-01,MC201030RH3P,ANIO_ANTERIOR,0.0,0.0,0.0,0.0,0.16000000000000006
2025-04-01,MC201030RHRC,KRR,13623.514468066525,4652.618859109782,22594.41007702327,8970.895608956744,0.025000000000000005
2025-04-01,MC201030RHRP,KRR,49200.16477989883,20554.81951837054,77845.51004142711,28645.345261528288,0.025000000000000005
2025-04-01,MC201030RVRC,ANIO_ANTERIOR,0.0,0.0,782.0,782.0,0.11000000000000004
2025-04-01,MC201030RVRP,ANIO_ANTERIOR,2820.0,0.0,11520.0,8700.0,0.060000000000000026
2025-04-01,MC201040RHRC,ANIO_ANTERIOR,0.0,0.0,0.0,0.0,0.16000000000000006
2025-04-01,MC201040RHRP,ANIO_ANTERIOR,0.0,0.0,0.0,0.0,0.16000000000000006
2025-04-01,MC201215RHRC,ANIO_ANTERIOR,1410.0,232.0,2588.0,1178.0,0.04500000000000001
2025-04-01,MC201215RHRP,KRR,15434.640087484899,11680.866473266506,19188.41370170329,3753.773614218393,0.060000000000000026
2025-04-01,MC201220LVRP,ANIO_ANTERIOR,0.0,0.0,150.0,150.0,0.060000000000000026
2025-04-01,MC201230RHRC,KRR,21781.430366112632,9858.808062038355,33704.05267018691,11922.622304074277,0.11000000000000004
2025-04-01,MC201230RHRP,KRR,144568.51690153044,115748.01895268189,173389.014850379,28820.497948848555,0.060000000000000026
2025-04-01,MC201230RVRC,ANIO_ANTERIOR,0.0,0.0,3150.0,3150.0,0.010000000000000016
2025-04-01,MC201230RVRP,KRR,16223.941641332874,4466.474666524522,27981.408616141227,11757.466974808352,0.11000000000000004
2025-04-01,MC201240LVRC,ANIO_ANTERIOR,0.0,0.0,1100.0,1100.0,0.060000000000000026
2025-04-01,MC201240LVRP,ANIO_ANTERIOR,3.0,0.0,2891.0,2888.0,0.01
2025-04-01,MC201240RHRC,ANIO_ANTERIOR,0.0,0.0,0.0,0.0,0.16000000000000006
2025-04-01,MC201240RHRP,ANIO_ANTERIOR,0.0,0.0,0.0,0.0,0.16000000000000006
2025-04-01,MC201520CCRP,ANIO_ANTERIOR,0.0,0.0,0.0,0.0,0.16000000000000006
2025-04-01,MCCONTROL01,ANIO_ANTERIOR,0.0,0.0,0.0,0.0,0.16000000000000006
2025-04-01,MCENSAYO0001,ANIO_ANTERIOR,0.0,0.0,0.0,0.0,0.16000000000000006
2025-04-01,MCENSAYO0002,ANIO_ANTERIOR,0.0,0.0,0.0,0.0,0.16000000000000006
2025-04-01,MCENSAYO0003,ANIO_ANTERIOR,0.0,0.0,5674.0,5674.0,0.04000000000000001
2025-04-01,MCENSAYO0004,ANIO_ANTERIOR,0.0,0.0,0.0,0.0,0.16000000000000006
2025-04-01,MCENSAYO0005,ANIO_ANTERIOR,0.0,0.0,85.0,85.0,0.11000000000000004
2025-04-01,MCENSAYO0015,ANIO_ANTERIOR,0.0,0.0,6120.0,6120.0,0.06000000000000003
2025-04-01,MCENSAYO0016,ANIO_ANTERIOR,0.0,0.0,4186.0,4186.0,0.11000000000000004
2025-04-01,MCENSAYO0017,ANIO_ANTERIOR,0.0,0.0,60751.0,60751.0,0.010000000000000023
2025-04-01,PRESUPUESTO,ANIO_ANTERIOR,0.0,0.0,0.0,0.0,0.16000000000000006
2025-04-01,TG000325ALAP,ANIO_ANTERIOR,0.0,0.0,85.0,85.0,0.11000000000000004
2025-04-01,TG000325ALMP,ANIO_ANTERIOR,0.0,0.0,71.0,71.0,0.060000000000000026
2025-04-01,TG000325ALRP,ANIO_ANTERIOR,0.0,0.0,0.0,0.0,0.16000000000000006
2025-04-01,TG000325ALSP,ANIO_ANTERIOR,0.0,0.0,7.0,7.0,0.060000000000000026
2025-04-01,TG000325ALTP,ANIO_ANTERIOR,0.0,0.0,52.0,52.0,0.060000000000000026
2025-04-01,TG000325ALYP,ANIO_ANTERIOR,0.0,0.0,2.0,2.0,0.11000000000000004
2025-04-01,TG000325ARAP,ANIO_ANTERIOR,0.0,0.0,0.0,0.0,0.16000000000000006
2025-04-01,TG000325ARMP,ANIO_ANTERIOR,0.0,0.0,0.0,0.0,0.16000000000000006
2025-04-01,TG000325ARSP,ANIO_ANTERIOR,0.0,0.0,0.0,0.0,0.16000000000000006
2025-04-01,TG000325ARTP,ANIO_ANTERIOR,0.0,0.0,0.0,0.0,0.16000000000000006
2025-04-01,TG000325TEKP,ANIO_ANTERIOR,0.0,0.0,0.0,0.0,0.16000000000000006
2025-04-01,TG000325TELP,ANIO_ANTERIOR,0.0,0.0,0.0,0.0,0.16000000000000006
2025-04-01,TG000325TENP,ANIO_ANTERIOR,0.0,0.0,0.0,0.0,0.16000000000000006
2025-04-01,TG00047N004P,ANIO_ANTERIOR,0.0,0.0,0.0,0.0,0.16000000000000006
2025-04-01,TG00047N104P,ANIO_ANTERIOR,0.0,0.0,1.0,1.0,0.11000000000000004
2025-04-01,TG00047N204P,ANIO_ANTERIOR,0.0,0.0,0.0,0.0,0.16000000000000006
2025-04-01,TG00047N304P,ANIO_ANTERIOR,0.0,0.0,0.0,0.0,0.16000000000000006
2025-04-01,TG00047N404P,ANIO_ANTERIOR,0.0,0.0,0.0,0.0,0.16000000000000006
2025-04-01,TG00047N504P,ANIO_ANTERIOR,0.0,0.0,0.0,0.0,0.16000000000000006
2025-04-01,TG00047N604P,ANIO_ANTERIOR,0.0,0.0,0.0,0.0,0.16000000000000006
2025-04-01,TG00047N704P,ANIO_ANTERIOR,0.0,0.0,0.0,0.0,0.16000000000000006
2025-04-01,TG00047N804P,ANIO_ANTERIOR,0.0,0.0,0.0,0.0,0.16000000000000006
2025-04-01,TG00047NA04P,ANIO_ANTERIOR,0.0,0.0,2.0,2.0,0.11000000000000004
2025-04-01,TG00047NB04P,ANIO_ANTERIOR,0.0,0.0,0.0,0.0,0.16000000000000006
2025-04-01,TG00047NC04P,ANIO_ANTERIOR,0.0,0.0,1.0,1.0,0.11000000000000004
2025-04-01,TG00047ND04P,ANIO_ANTERIOR,0.0,0.0,0.0,0.0,0.16000000000000006
2025-04-01,TG00047NE04P,ANIO_ANTERIOR,0.0,0.0,0.0,0.0,0.16000000000000006
2025-04-01,TG00047NES4P,ANIO_ANTERIOR,0.0,0.0,0.0,0.0,0.16000000000000006
2025-04-01,TG00047NF04P,ANIO_ANTERIOR,0.0,0.0,0.0,0.0,0.16000000000000006
2025-04-01,TG00047NG04P,ANIO_ANTERIOR,0.0,0.0,0.0,0.0,0.16000000000000006
2025-04-01,TG00047NGU4P,ANIO_ANTERIOR,0.0,0.0,0.0,0.0,0.16000000000000006
2025-04-01,TG00047NH04P,ANIO_ANTERIOR,0.0,0.0,0.0,0.0,0.16000000000000006
2025-04-01,TG00047NI04P,ANIO_ANTERIOR,0.0,0.0,3.0,3.0,0.11000000000000004
2025-04-01,TG00047NJ04P,ANIO_ANTERIOR,0.0,0.0,0.0,0.0,0.16000000000000006
2025-04-01,TG00047NK04P,ANIO_ANTERIOR,0.0,0.0,0.0,0.0,0.16000000000000006
2025-04-01,TG00047NL04P,ANIO_ANTERIOR,0.0,0.0,0.0,0.0,0.16000000000000006
2025-04-01,TG00047NM04P,ANIO_ANTERIOR,0.0,0.0,1.0,1.0,0.11000000000000004
2025-04-01,TG00047NN04P,ANIO_ANTERIOR,0.0,0.0,0.0,0.0,0.16000000000000006
2025-04-01,TG00047NNN4P,ANIO_ANTERIOR,0.0,0.0,0.0,0.0,0.16000000000000006
2025-04-01,TG00047NP04P,ANIO_ANTERIOR,0.0,0.0,1.0,1.0,0.11000000000000004
2025-04-01,TG00047NQ04P,ANIO_ANTERIOR,0.0,0.0,1.0,1.0,0.11000000000000004
2025-04-01,TG00047NR04P,ANIO_ANTERIOR,0.0,0.0,0.0,0.0,0.16000000000000006
2025-04-01,TG00047NS04P,ANIO_ANTERIOR,0.0,0.0,1.0,1.0,0.11000000000000004
2025-04-01,TG00047NSE4P,ANIO_ANTERIOR,0.0,0.0,0.0,0.0,0.16000000000000006
2025-04-01,TG00047NT04P,ANIO_ANTERIOR,0.0,0.0,1.0,1.0,0.11000000000000004
2025-04-01,TG00047NU04P,ANIO_ANTERIOR,0.0,0.0,0.0,0.0,0.16000000000000006
2025-04-01,TG00047NV04P,ANIO_ANTERIOR,0.0,0.0,0.0,0.0,0.16000000000000006
2025-04-01,TG00047NX04P,ANIO_ANTERIOR,0.0,0.0,1.0,1.0,0.11000000000000004
2025-04-01,TG00047NY04P,ANIO_ANTERIOR,0.0,0.0,0.0,0.0,0.16000000000000006
2025-04-01,TG00047NZ04P,ANIO_ANTERIOR,0.0,0.0,0.0,0.0,0.16000000000000006
2025-04-01,TG000515ERMP,ANIO_ANTERIOR,0.0,0.0,0.6,0.6,0.11000000000000004
2025-04-01,TG000515ERRP,ANIO_ANTERIOR,0.0,0.0,0.0,0.0,0.16000000000000006
2025-04-01,TG000624ALAE,ANIO_ANTERIOR,60.0,0.0,218.0,158.0,0.060000000000000026
2025-04-01,TG000624ALAP,ANIO_ANTERIOR,87.0,0.0,174.0,87.0,0.11000000000000004
2025-04-01,TG000624ALGE,ANIO_ANTERIOR,0.0,0.0,0.0,0.0,0.16000000000000006
2025-04-01,TG000624ALGP,ANIO_ANTERIOR,0.0,0.0,0.0,0.0,0.16000000000000006
2025-04-01,TG000624ALME,ANIO_ANTERIOR,52.0,0.0,104.0,52.0,0.11000000000000004
2025-04-01,TG000624ALMP,ANIO_ANTERIOR,0.0,0.0,0.0,0.0,0.16000000000000006
2025-04-01,TG000624ALRE,ANIO_ANTERIOR,0.0,0.0,0.0,0.0,0.16000000000000006
2025-04-01,TG000624ALRP,ANIO_ANTERIOR,0.0,0.0,0.0,0.0,0.16000000000000006
2025-04-01,TG000624ELAC,ANIO_ANTERIOR,0.0,0.0,0.0,0.0,0.16000000000000006
2025-04-01,TG000624ELAP,ANIO_ANTERIOR,0.0,0.0,0.0,0.0,0.16000000000000006
2025-04-01,TG000624ELGC,ANIO_ANTERIOR,0.0,0.0,0.0,0.0,0.16000000000000006
2025-04-01,TG000624ELGP,ANIO_ANTERIOR,0.0,0.0,0.0,0.0,0.16000000000000006
2025-04-01,TG000624ELMC,ANIO_ANTERIOR,0.0,0.0,0.0,0.0,0.16000000000000006
2025-04-01,TG000624ELMP,ANIO_ANTERIOR,0.0,0.0,0.0,0.0,0.16000000000000006
2025-04-01,TG000624ELRC,ANIO_ANTERIOR,0.0,0.0,0.0,0.0,0.16000000000000006
2025-04-01,TG000624ELRP,ANIO_ANTERIOR,0.0,0.0,0.0,0.0,0.16000000000000006
2025-04-01,TG000624LLAP,ANIO_ANTERIOR,-124.0,0.0,45058.0,45182.0,0.060000000000000026
2025-04-01,TG000626ELAP,ANIO_ANTERIOR,0.0,0.0,0.0,0.0,0.16000000000000006
2025-04-01,TG000626ELAP1,ANIO_ANTERIOR,47932.0,0.0,165203.0,117271.0,0.04500000000000001
2025-04-01,TG000626ELAP2,ANIO_ANTERIOR,0.0,0.0,71316.0,71316.0,0.060000000000000026
2025-04-01,TG000626ELMP,ANIO_ANTERIOR,0.0,0.0,0.0,0.0,0.16000000000000006
2025-04-01,TG000626ELMP1,ANIO_ANTERIOR,0.0,0.0,14472.0,14472.0,0.04500000000000001
2025-04-01,TG000626ELMP2,ANIO_ANTERIOR,0.0,0.0,1435.0,1435.0,0.11000000000000004
2025-04-01,TG000626ELRP,ANIO_ANTERIOR,0.0,0.0,0.0,0.0,0.16000000000000006
2025-04-01,TG000626ELRP1,ANIO_ANTERIOR,3656.0,0.0,24628.0,20972.0,0.01
2025-04-01,TG000626ELRP2,ANIO_ANTERIOR,6396.0,0.0,24396.0,18000.0,0.060000000000000026
2025-04-01,TG000630ELAP,ANIO_ANTERIOR,0.0,0.0,2300.0,2300.0,0.11000000000000004
2025-04-01,TG000725ALAE,ANIO_ANTERIOR,0.0,0.0,0.0,0.0,0.16000000000000006
2025-04-01,TG000725ALAE1,ANIO_ANTERIOR,11.0,0.0,544.0,533.0,0.060000000000000026
2025-04-01,TG000725ALAP,ANIO_ANTERIOR,0.0,0.0,0.0,0.0,0.16000000000000006
2025-04-01,TG000725ALAP1,ANIO_ANTERIOR,1077.0,0.0,6333.0,5256.0,0.11000000000000004
2025-04-01,TG000725ALAP2,ANIO_ANTERIOR,250.0,0.0,1966.0,1716.0,0.020000000000000004
2025-04-01,TG000725ALAX,ANIO_ANTERIOR,0.0,0.0,100.0,100.0,0.11000000000000004
2025-04-01,TG000725ALFP,ANIO_ANTERIOR,0.0,0.0,0.0,0.0,0.16000000000000006
2025-04-01,TG000725ALIP,ANIO_ANTERIOR,0.0,0.0,0.0,0.0,0.16000000000000006
2025-04-01,TG000725ALME,ANIO_ANTERIOR,0.0,0.0,0.0,0.0,0.16000000000000006
2025-04-01,TG000725ALME1,ANIO_ANTERIOR,40.0,0.0,462.0,422.0,0.060000000000000026
2025-04-01,TG000725ALME2,ANIO_ANTERIOR,6.0,0.0,165.0,159.0,0.030000000000000006
2025-04-01,TG000725ALMP,ANIO_ANTERIOR,0.0,0.0,0.0,0.0,0.16000000000000006
2025-04-01,TG000725ALMP1,ANIO_ANTERIOR,107.0,0.0,1560.0,1453.0,0.05000000000000002
2025-04-01,TG000725ALMP2,ANIO_ANTERIOR,2160.0,0.0,4487.0,2327.0,0.015000000000000001
2025-04-01,TG000725ALOP,ANIO_ANTERIOR,0.0,0.0,0.0,0.0,0.16000000000000006
2025-04-01,TG000725ALQP,ANIO_ANTERIOR,0.0,0.0,0.0,0.0,0.16000000000000006
2025-04-01,TG000725ALRE,ANIO_ANTERIOR,0.0,0.0,0.0,0.0,0.16000000000000006
2025-04-01,TG000725ALRE1,ANIO_ANTERIOR,113.0,0.0,1757.0,1644.0,0.05500000000000002
2025-04-01,TG000725ALRE2,ANIO_ANTERIOR,780.0,0.0,2828.0,2048.0,0.025000000000000005
2025-04-01,TG000725ALRESR,ANIO_ANTERIOR,0.0,0.0,140.0,140.0,0.11000000000000004
2025-04-01,TG000725ALRP,ANIO_ANTERIOR,0.0,0.0,0.0,0.0,0.16000000000000006
2025-04-01,TG000725ALRP1,ANIO_ANTERIOR,1962.0,0.0,6251.0,4289.0,0.11000000000000004
2025-04-01,TG000725ALRP2,ANIO_ANTERIOR,2142.0,0.0,4284.0,2142.0,0.060000000000000026
2025-04-01,TG000725ALSE,ANIO_ANTERIOR,0.0,0.0,0.0,0.0,0.16000000000000006
2025-04-01,TG000725ALSP,ANIO_ANTERIOR,0.0,0.0,0.0,0.0,0.16000000000000006
2025-04-01,TG000725ALTE,ANIO_ANTERIOR,0.0,0.0,18.0,18.0,0.11000000000000004
2025-04-01,TG000725ALTP,ANIO_ANTERIOR,0.0,0.0,2432.0,2432.0,0.020000000000000004
2025-04-01,TG000725ALVP,ANIO_ANTERIOR,0.0,0.0,0.0,0.0,0.16000000000000006
2025-04-01,TG000725ALWP,ANIO_ANTERIOR,0.0,0.0,0.0,0.0,0.16000000000000006
2025-04-01,TG000725ALYE,ANIO_ANTERIOR,0.0,0.0,403.0,403.0,0.11000000000000004
2025-04-01,TG000725ALYP,ANIO_ANTERIOR,250.0,0.0,612.0,362.0,0.015000000000000001
2025-04-01,TG000725ARAE,ANIO_ANTERIOR,0.0,0.0,0.0,0.0,0.16000000000000006
2025-04-01,TG000725ARAP,ANIO_ANTERIOR,0.0,0.0,0.0,0.0,0.16000000000000006
2025-04-01,TG000725ARAP1,ANIO_ANTERIOR,0.0,0.0,500.0,500.0,0.010000000000000016
2025-04-01,TG000725ARAP2,ANIO_ANTERIOR,0.0,0.0,9.0,9.0,0.11000000000000004
2025-04-01,TG000725ARFP,ANIO_ANTERIOR,0.0,0.0,0.0,0.0,0.16000000000000006
2025-04-01,TG000725ARIP,ANIO_ANTERIOR,0.0,0.0,0.0,0.0,0.16000000000000006
2025-04-01,TG000725ARME,ANIO_ANTERIOR,0.0,0.0,0.0,0.0,0.16000000000000006
2025-04-01,TG000725ARMP,ANIO_ANTERIOR,0.0,0.0,0.0,0.0,0.16000000000000006
2025-04-01,TG000725ARMP1,ANIO_ANTERIOR,0.0,0.0,9.0,9.0,0.11000000000000004
2025-04-01,TG000725ARMP2,ANIO_ANTERIOR,0.0,0.0,730.0,730.0,0.010000000000000016
2025-04-01,TG000725ARQP,ANIO_ANTERIOR,0.0,0.0,0.0,0.0,0.16000000000000006
2025-04-01,TG000725ARRP,ANIO_ANTERIOR,0.0,0.0,0.0,0.0,0.16000000000000006
2025-04-01,TG000725ARRP1,ANIO_ANTERIOR,95.0,0.0,816.0,721.0,0.01
2025-04-01,TG000725ARRP2,ANIO_ANTERIOR,164.0,0.0,554.0,390.0,0.01
2025-04-01,TG000725ARSE,ANIO_ANTERIOR,0.0,0.0,0.0,0.0,0.16000000000000006
2025-04-01,TG000725ARSP,ANIO_ANTERIOR,0.0,0.0,0.0,0.0,0.16000000000000006
2025-04-01,TG000725ARTE,ANIO_ANTERIOR,7.0,0.0,24.0,17.0,0.025000000000000005
2025-04-01,TG000725ARTP,ANIO_ANTERIOR,0.0,0.0,3.0,3.0,0.11000000000000004
2025-04-01,TG000725ARVP,ANIO_ANTERIOR,0.0,0.0,0.0,0.0,0.16000000000000006
2025-04-01,TG000725ARWP,ANIO_ANTERIOR,0.0,0.0,0.0,0.0,0.16000000000000006
2025-04-01,TG000725ARYE,ANIO_ANTERIOR,0.0,0.0,0.0,0.0,0.16000000000000006
2025-04-01,TG000725ARYP,ANIO_ANTERIOR,0.0,0.0,0.0,0.0,0.16000000000000006
2025-04-01,TG000725SRMP,ANIO_ANTERIOR,0.0,0.0,46.0,46.0,0.11000000000000004
2025-04-01,TG000725SRRP,ANIO_ANTERIOR,0.0,0.0,61.5,61.5,0.060000000000000026
2025-04-01,TG000820ALRP,ANIO_ANTERIOR,0.0,0.0,3.0,3.0,0.11000000000000004
2025-04-01,TG000920CLDP,ANIO_ANTERIOR,0.0,0.0,48.0,48.0,0.11000000000000004
2025-04-01,TG000920CLJP,ANIO_ANTERIOR,0.0,0.0,6.0,6.0,0.11000000000000004
2025-04-01,TG000920CLPP,ANIO_ANTERIOR,36.0,0.0,158.0,122.0,0.05000000000000002
2025-04-01,TG000920CLRP,ANIO_ANTERIOR,0.0,0.0,0.0,0.0,0.16000000000000006
2025-04-01,TG001010ALRE,ANIO_ANTERIOR,0.0,0.0,0.0,0.0,0.16000000000000006
2025-04-01,TG001010ALTP,ANIO_ANTERIOR,0.0,0.0,2.0,2.0,0.11000000000000004
2025-04-01,TG001010ARAE,ANIO_ANTERIOR,0.0,0.0,1.0,1.0,0.11000000000000004
2025-04-01,TG001010ARQE,ANIO_ANTERIOR,0.0,0.0,0.0,0.0,0.16000000000000006
2025-04-01,TG001010ARRE,ANIO_ANTERIOR,0.0,0.0,0.0,0.0,0.16000000000000006
2025-04-01,TG001010ARRE1,ANIO_ANTERIOR,40.0,0.0,358.0,318.0,0.11000000000000004
2025-04-01,TG001010ARRE2,ANIO_ANTERIOR,0.0,0.0,70.0,70.0,0.11000000000000004
2025-04-01,TG001010ARRP,ANIO_ANTERIOR,0.0,0.0,0.0,0.0,0.16000000000000006
2025-04-01,TG001010ARRP1,ANIO_ANTERIOR,50.0,0.0,1303.0,1253.0,0.060000000000000026
2025-04-01,TG001010ARRP2,ANIO_ANTERIOR,0.0,0.0,243.0,243.0,0.060000000000000026
2025-04-01,TG001020ALAE,ANIO_ANTERIOR,0.0,0.0,0.0,0.0,0.16000000000000006
2025-04-01,TG001020ALAE1,ANIO_ANTERIOR,0.0,0.0,1443.0,1443.0,0.05500000000000002
2025-04-01,TG001020ALAE2,ANIO_ANTERIOR,0.0,0.0,472.0,472.0,0.015000000000000001
2025-04-01,TG001020ALAESR,ANIO_ANTERIOR,51.0,0.0,261.0,210.0,0.010000000000000016
2025-04-01,TG001020ALAP,ANIO_ANTERIOR,0.0,0.0,0.0,0.0,0.16000000000000006
2025-04-01,TG001020ALAP1,ANIO_ANTERIOR,673.0,0.0,2257.0,1584.0,0.010000000000000016
2025-04-01,TG001020ALAP2,ANIO_ANTERIOR,1400.0,0.0,5036.0,3636.0,0.05500000000000002
2025-04-01,TG001020ALDE,ANIO_ANTERIOR,0.0,0.0,0.0,0.0,0.16000000000000006
2025-04-01,TG001020ALDE1,ANIO_ANTERIOR,324.0,0.0,1258.0,934.0,0.05000000000000002
2025-04-01,TG001020ALDE2,ANIO_ANTERIOR,290.0,0.0,1340.0,1050.0,0.025000000000000005
2025-04-01,TG001020ALDESR,ANIO_ANTERIOR,140.0,0.0,616.0,476.0,0.04000000000000001
2025-04-01,TG001020ALDP,ANIO_ANTERIOR,0.0,0.0,0.0,0.0,0.16000000000000006
2025-04-01,TG001020ALDP1,ANIO_ANTERIOR,509.0,0.0,4078.0,3569.0,0.05500000000000002
2025-04-01,TG001020ALDP2,ANIO_ANTERIOR,574.0,0.0,1632.0,1058.0,0.015000000000000001
2025-04-01,TG001020ALFP,ANIO_ANTERIOR,0.0,0.0,0.0,0.0,0.16000000000000006
2025-04-01,TG001020ALJE,ANIO_ANTERIOR,0.0,0.0,1.0,1.0,0.11000000000000004
2025-04-01,TG001020ALME,ANIO_ANTERIOR,0.0,0.0,0.0,0.0,0.16000000000000006
2025-04-01,TG001020ALME1,ANIO_ANTERIOR,0.0,0.0,64.0,64.0,0.11000000000000004
2025-04-01,TG001020ALME2,ANIO_ANTERIOR,0.0,0.0,18.0,18.0,0.11000000000000004
2025-04-01,TG001020ALMP,ANIO_ANTERIOR,0.0,0.0,0.0,0.0,0.16000000000000006
2025-04-01,TG001020ALMP1,ANIO_ANTERIOR,15.0,0.0,1489.0,1474.0,0.11000000000000004
2025-04-01,TG001020ALMP2,ANIO_ANTERIOR,110.0,0.0,1509.0,1399.0,0.025000000000000005
2025-04-01,TG001020ALRE,ANIO_ANTERIOR,0.0,0.0,0.0,0.0,0.16000000000000006
2025-04-01,TG001020ALRE1,ANIO_ANTERIOR,307.0,0.0,3394.0,3087.0,0.060000000000000026
2025-04-01,TG001020ALRE2,ANIO_ANTERIOR,1708.0,0.0,3799.0,2091.0,0.05000000000000002
2025-04-01,TG001020ALRESR,ANIO_ANTERIOR,1110.0,0.0,4210.0,3100.0,0.11000000000000004
2025-04-01,TG001020ALRP,ANIO_ANTERIOR,0.0,0.0,0.0,0.0,0.16000000000000006
2025-04-01,TG001020ALRP1,ANIO_ANTERIOR,1904.0,0.0,13269.0,11365.0,0.11000000000000004
2025-04-01,TG001020ALRP2,ANIO_ANTERIOR,3542.0,0.0,8646.0,5104.0,0.04000000000000001
2025-04-01,TG001020ALRX,ANIO_ANTERIOR,0.0,0.0,2016.0,2016.0,0.060000000000000026
2025-04-01,TG001020ALYP,ANIO_ANTERIOR,0.0,0.0,165.0,165.0,0.01
2025-04-01,TG001020CLAE,ANIO_ANTERIOR,0.0,0.0,0.0,0.0,0.16000000000000006
2025-04-01,TG001020CLAP,ANIO_ANTERIOR,15.0,0.0,111.0,96.0,0.060000000000000026
2025-04-01,TG001020CLRE,ANIO_ANTERIOR,0.0,0.0,0.0,0.0,0.16000000000000006
2025-04-01,TG001020CLRE1,ANIO_ANTERIOR,0.0,0.0,52.0,52.0,0.11000000000000004
2025-04-01,TG001020CLRP,ANIO_ANTERIOR,0.0,0.0,508.0,508.0,0.060000000000000026
2025-04-01,TG001020CLRP1,ANIO_ANTERIOR,301.0,0.0,696.0,395.0,0.04500000000000001
2025-04-01,TG001020CLRP2,ANIO_ANTERIOR,0.0,0.0,100.0,100.0,0.11000000000000004
2025-04-01,TG001515BLRP,ANIO_ANTERIOR,0.0,0.0,488.0,488.0,0.11000000000000004
2025-04-01,TG001515BLRP1,ANIO_ANTERIOR,0.0,0.0,488.0,488.0,0.11000000000000004
2025-04-01,TG002020BLAE,ANIO_ANTERIOR,0.0,0.0,0.0,0.0,0.16000000000000006
2025-04-01,TG002020BLAP,ANIO_ANTERIOR,0.0,0.0,0.0,0.0,0.16000000000000006
2025-04-01,TG002020BLRE,ANIO_ANTERIOR,0.0,0.0,0.0,0.0,0.16000000000000006
2025-04-01,TG002020BLRP,ANIO_ANTERIOR,0.0,0.0,0.0,0.0,0.16000000000000006
2025-04-01,TG002020CLAE,ANIO_ANTERIOR,0.0,0.0,0.0,0.0,0.16000000000000006
2025-04-01,TG002020CLAP,ANIO_ANTERIOR,0.0,0.0,25.0,25.0,0.060000000000000026
2025-04-01,TG002020CLCP,ANIO_ANTERIOR,0.0,0.0,0.0,0.0,0.16000000000000006
2025-04-01,TG002020CLJB,ANIO_ANTERIOR,0.0,0.0,0.0,0.0,0.16000000000000006
2025-04-01,TG002020CLRP,ANIO_ANTERIOR,12.0,0.0,252.0,240.0,0.01
2025-04-01,TG002025CLAE,ANIO_ANTERIOR,0.0,0.0,0.0,0.0,0.16000000000000006
2025-04-01,TG002025CLAP,ANIO_ANTERIOR,62.0,5.0,119.0,57.0,0.060000000000000026
2025-04-01,TG002025CLCP,ANIO_ANTERIOR,0.0,0.0,0.0,0.0,0.16000000000000006
2025-04-01,TG002025CLRE,ANIO_ANTERIOR,126.0,0.0,252.0,126.0,0.11000000000000004
2025-04-01,TG002025CLRP,ANIO_ANTERIOR,31.0,0.0,207.0,176.0,0.04000000000000001
2025-04-01,TG002525CLAP,ANIO_ANTERIOR,0.0,0.0,0.0,0.0,0.16000000000000006
2025-04-01,TG003122JLME,ANIO_ANTERIOR,0.0,0.0,6.0,6.0,0.11000000000000004
2025-04-01,TG00314NGU1P,ANIO_ANTERIOR,0.0,0.0,1.0,1.0,0.11000000000000004
2025-04-01,TG00314NGU2P,ANIO_ANTERIOR,0.0,0.0,0.0,0.0,0.16000000000000006
2025-04-01,TG00314NSE1P,ANIO_ANTERIOR,0.0,0.0,0.0,0.0,0.16000000000000006
2025-04-01,TG00314NSE2P,ANIO_ANTERIOR,0.0,0.0,0.0,0.0,0.16000000000000006
2025-04-01,TG00314NSE3P,ANIO_ANTERIOR,0.0,0.0,0.0,0.0,0.16000000000000006
2025-04-01,TG00505T044P,ANIO_ANTERIOR,0.0,0.0,0.0,0.0,0.16000000000000006
2025-04-01,TG00707T043P,ANIO_ANTERIOR,0.0,0.0,0.0,0.0,0.16000000000000006
2025-04-01,TG00714N101P,ANIO_ANTERIOR,0.0,0.0,0.0,0.0,0.16000000000000006
2025-04-01,TG00714N102P,ANIO_ANTERIOR,0.0,0.0,0.0,0.0,0.16000000000000006
2025-04-01,TG00714N103P,ANIO_ANTERIOR,0.0,0.0,0.0,0.0,0.16000000000000006
2025-04-01,TG00714N201P,ANIO_ANTERIOR,0.0,0.0,1.0,1.0,0.11000000000000004
2025-04-01,TG00714N202P,ANIO_ANTERIOR,0.0,0.0,0.0,0.0,0.16000000000000006
2025-04-01,TG00714N203P,ANIO_ANTERIOR,0.0,0.0,0.0,0.0,0.16000000000000006
2025-04-01,TG00714N301E,ANIO_ANTERIOR,0.0,0.0,1.0,1.0,0.11000000000000004
2025-04-01,TG00714N301P,ANIO_ANTERIOR,0.0,0.0,0.0,0.0,0.16000000000000006
2025-04-01,TG00714N302P,ANIO_ANTERIOR,0.0,0.0,0.0,0.0,0.16000000000000006
2025-04-01,TG00714N303P,ANIO_ANTERIOR,0.0,0.0,5.0,5.0,0.11000000000000004
2025-04-01,TG00714N401E,ANIO_ANTERIOR,0.0,0.0,0.0,0.0,0.16000000000000006
2025-04-01,TG00714N401P,ANIO_ANTERIOR,0.0,0.0,1.0,1.0,0.11000000000000004
2025-04-01,TG00714N402P,ANIO_ANTERIOR,0.0,0.0,0.0,0.0,0.16000000000000006
2025-04-01,TG00714N403P,ANIO_ANTERIOR,0.0,0.0,0.0,0.0,0.16000000000000006
2025-04-01,TG00714N501P,ANIO_ANTERIOR,0.0,0.0,1.0,1.0,0.11000000000000004
2025-04-01,TG00714N502P,ANIO_ANTERIOR,0.0,0.0,0.0,0.0,0.16000000000000006
2025-04-01,TG00714N503P,ANIO_ANTERIOR,0.0,0.0,0.0,0.0,0.16000000000000006
2025-04-01,TG00714N601E,ANIO_ANTERIOR,0.0,0.0,0.0,0.0,0.16000000000000006
2025-04-01,TG00714N601P,ANIO_ANTERIOR,0.0,0.0,0.0,0.0,0.16000000000000006
2025-04-01,TG00714N602P,ANIO_ANTERIOR,0.0,0.0,0.0,0.0,0.16000000000000006
2025-04-01,TG00714N603P,ANIO_ANTERIOR,0.0,0.0,0.0,0.0,0.16000000000000006
2025-04-01,TG00714N701E,ANIO_ANTERIOR,0.0,0.0,0.0,0.0,0.16000000000000006
2025-04-01,TG00714N701P,ANIO_ANTERIOR,0.0,0.0,0.0,0.0,0.16000000000000006
2025-04-01,TG00714N702P,ANIO_ANTERIOR,0.0,0.0,0.0,0.0,0.16000000000000006
2025-04-01,TG00714N703P,ANIO_ANTERIOR,0.0,0.0,0.0,0.0,0.16000000000000006
2025-04-01,TG00714N801E,ANIO_ANTERIOR,0.0,0.0,0.0,0.0,0.16000000000000006
2025-04-01,TG00714N801P,ANIO_ANTERIOR,0.0,0.0,0.0,0.0,0.16000000000000006
2025-04-01,TG00714N802P,ANIO_ANTERIOR,0.0,0.0,0.0,0.0,0.16000000000000006
2025-04-01,TG00714N803P,ANIO_ANTERIOR,0.0,0.0,0.0,0.0,0.16000000000000006
2025-04-01,TG00714NA01E,ANIO_ANTERIOR,0.0,0.0,2.0,2.0,0.060000000000000026
2025-04-01,TG00714NA01P,ANIO_ANTERIOR,0.0,0.0,0.0,0.0,0.16000000000000006
2025-04-01,TG00714NA02P,ANIO_ANTERIOR,0.0,0.0,0.0,0.0,0.16000000000000006
2025-04-01,TG00714NA03P,ANIO_ANTERIOR,0.0,0.0,1.0,1.0,0.11000000000000004
2025-04-01,TG00714NB01E,ANIO_ANTERIOR,0.0,0.0,0.0,0.0,0.16000000000000006
2025-04-01,TG00714NB01P,ANIO_ANTERIOR,0.0,0.0,0.0,0.0,0.16000000000000006
2025-04-01,TG00714NB02P,ANIO_ANTERIOR,0.0,0.0,0.0,0.0,0.16000000000000006
2025-04-01,TG00714NB03P,ANIO_ANTERIOR,0.0,0.0,1.0,1.0,0.11000000000000004
2025-04-01,TG00714NC01P,ANIO_ANTERIOR,0.0,0.0,0.0,0.0,0.16000000000000006
2025-04-01,TG00714NC02P,ANIO_ANTERIOR,0.0,0.0,0.0,0.0,0.16000000000000006
2025-04-01,TG00714NC03P,ANIO_ANTERIOR,0.0,0.0,0.0,0.0,0.16000000000000006
2025-04-01,TG00714ND01E,ANIO_ANTERIOR,0.0,0.0,0.0,0.0,0.16000000000000006
2025-04-01,TG00714ND01P,ANIO_ANTERIOR,0.0,0.0,1.0,1.0,0.11000000000000004
2025-04-01,TG00714ND02P,ANIO_ANTERIOR,0.0,0.0,0.0,0.0,0.16000000000000006
2025-04-01,TG00714ND03P,ANIO_ANTERIOR,0.0,0.0,0.0,0.0,0.16000000000000006
2025-04-01,TG00714NE01E,ANIO_ANTERIOR,0.0,0.0,3.0,3.0,0.060000000000000026
2025-04-01,TG00714NE01P,ANIO_ANTERIOR,0.0,0.0,0.0,0.0,0.16000000000000006
2025-04-01,TG00714NE02P,ANIO_ANTERIOR,0.0,0.0,0.0,0.0,0.16000000000000006
2025-04-01,TG00714NE03P,ANIO_ANTERIOR,0.0,0.0,0.0,0.0,0.16000000000000006
2025-04-01,TG00714NES3P,ANIO_ANTERIOR,0.0,0.0,0.0,0.0,0.16000000000000006
2025-04-01,TG00714NF01E,ANIO_ANTERIOR,0.0,0.0,0.0,0.0,0.16000000000000006
2025-04-01,TG00714NF01P,ANIO_ANTERIOR,0.0,0.0,2.0,2.0,0.11000000000000004
2025-04-01,TG00714NF02P,ANIO_ANTERIOR,0.0,0.0,0.0,0.0,0.16000000000000006
2025-04-01,TG00714NF03P,ANIO_ANTERIOR,0.0,0.0,0.0,0.0,0.16000000000000006
2025-04-01,TG00714NG01E,ANIO_ANTERIOR,0.0,0.0,2.0,2.0,0.11000000000000004
2025-04-01,TG00714NG01P,ANIO_ANTERIOR,0.0,0.0,0.0,0.0,0.16000000000000006
2025-04-01,TG00714NG02P,ANIO_ANTERIOR,0.0,0.0,0.0,0.0,0.16000000000000006
2025-04-01,TG00714NG03P,ANIO_ANTERIOR,0.0,0.0,0.0,0.0,0.16000000000000006
2025-04-01,TG00714NH01E,ANIO_ANTERIOR,0.0,0.0,1.0,1.0,0.11000000000000004
2025-04-01,TG00714NH01P,ANIO_ANTERIOR,0.0,0.0,0.0,0.0,0.16000000000000006
2025-04-01,TG00714NH02P,ANIO_ANTERIOR,0.0,0.0,0.0,0.0,0.16000000000000006
2025-04-01,TG00714NH03P,ANIO_ANTERIOR,0.0,0.0,1.0,1.0,0.11000000000000004
2025-04-01,TG00714NI01P,ANIO_ANTERIOR,0.0,0.0,1.0,1.0,0.11000000000000004
2025-04-01,TG00714NI02P,ANIO_ANTERIOR,0.0,0.0,0.0,0.0,0.16000000000000006
2025-04-01,TG00714NI03P,ANIO_ANTERIOR,0.0,0.0,0.0,0.0,0.16000000000000006
2025-04-01,TG00714NJ01E,ANIO_ANTERIOR,0.0,0.0,2.0,2.0,0.11000000000000004
2025-04-01,TG00714NJ01P,ANIO_ANTERIOR,0.0,0.0,0.0,0.0,0.16000000000000006
2025-04-01,TG00714NJ02P,ANIO_ANTERIOR,0.0,0.0,0.0,0.0,0.16000000000000006
2025-04-01,TG00714NJ03P,ANIO_ANTERIOR,0.0,0.0,0.0,0.0,0.16000000000000006
2025-04-01,TG00714NK01E,ANIO_ANTERIOR,0.0,0.0,0.0,0.0,0.16000000000000006
2025-04-01,TG00714NK01P,ANIO_ANTERIOR,0.0,0.0,1.0,1.0,0.11000000000000004
2025-04-01,TG00714NK02P,ANIO_ANTERIOR,0.0,0.0,0.0,0.0,0.16000000000000006
2025-04-01,TG00714NK03P,ANIO_ANTERIOR,0.0,0.0,0.0,0.0,0.16000000000000006
2025-04-01,TG00714NL01P,ANIO_ANTERIOR,0.0,0.0,0.0,0.0,0.16000000000000006
2025-04-01,TG00714NL02P,ANIO_ANTERIOR,0.0,0.0,0.0,0.0,0.16000000000000006
2025-04-01,TG00714NL03P,ANIO_ANTERIOR,0.0,0.0,0.0,0.0,0.16000000000000006
2025-04-01,TG00714NM01E,ANIO_ANTERIOR,0.0,0.0,0.0,0.0,0.16000000000000006
2025-04-01,TG00714NM01P,ANIO_ANTERIOR,0.0,0.0,1.0,1.0,0.11000000000000004
2025-04-01,TG00714NM03P,ANIO_ANTERIOR,0.0,0.0,0.0,0.0,0.16000000000000006
2025-04-01,TG00714NN01E,ANIO_ANTERIOR,0.0,0.0,0.0,0.0,0.16000000000000006
2025-04-01,TG00714NN01P,ANIO_ANTERIOR,0.0,0.0,1.0,1.0,0.11000000000000004
2025-04-01,TG00714NN02P,ANIO_ANTERIOR,0.0,0.0,0.0,0.0,0.16000000000000006
2025-04-01,TG00714NN03P,ANIO_ANTERIOR,0.0,0.0,0.0,0.0,0.16000000000000006
2025-04-01,TG00714NNN1E,ANIO_ANTERIOR,0.0,0.0,0.0,0.0,0.16000000000000006
2025-04-01,TG00714NNN1P,ANIO_ANTERIOR,0.0,0.0,0.0,0.0,0.16000000000000006
2025-04-01,TG00714NNN2P,ANIO_ANTERIOR,0.0,0.0,0.0,0.0,0.16000000000000006
2025-04-01,TG00714NO01P,ANIO_ANTERIOR,0.0,0.0,1.0,1.0,0.11000000000000004
2025-04-01,TG00714NO02P,ANIO_ANTERIOR,0.0,0.0,0.0,0.0,0.16000000000000006
2025-04-01,TG00714NO03P,ANIO_ANTERIOR,0.0,0.0,0.0,0.0,0.16000000000000006
2025-04-01,TG00714NP01E,ANIO_ANTERIOR,0.0,0.0,0.0,0.0,0.16000000000000006
2025-04-01,TG00714NP01P,ANIO_ANTERIOR,0.0,0.0,2.0,2.0,0.060000000000000026
2025-04-01,TG00714NP02P,ANIO_ANTERIOR,0.0,0.0,0.0,0.0,0.16000000000000006
2025-04-01,TG00714NP03P,ANIO_ANTERIOR,0.0,0.0,0.0,0.0,0.16000000000000006
2025-04-01,TG00714NQ01E,ANIO_ANTERIOR,0.0,0.0,0.0,0.0,0.16000000000000006
2025-04-01,TG00714NQ01P,ANIO_ANTERIOR,0.0,0.0,0.0,0.0,0.16000000000000006
2025-04-01,TG00714NQ02P,ANIO_ANTERIOR,0.0,0.0,0.0,0.0,0.16000000000000006
2025-04-01,TG00714NR01P,ANIO_ANTERIOR,0.0,0.0,3.0,3.0,0.060000000000000026
2025-04-01,TG00714NR02P,ANIO_ANTERIOR,0.0,0.0,0.0,0.0,0.16000000000000006
2025-04-01,TG00714NS01E,ANIO_ANTERIOR,0.0,0.0,0.0,0.0,0.16000000000000006
2025-04-01,TG00714NS01P,ANIO_ANTERIOR,0.0,0.0,0.0,0.0,0.16000000000000006
2025-04-01,TG00714NS02P,ANIO_ANTERIOR,0.0,0.0,0.0,0.0,0.16000000000000006
2025-04-01,TG00714NT01E,ANIO_ANTERIOR,0.0,0.0,0.0,0.0,0.16000000000000006
2025-04-01,TG00714NT01P,ANIO_ANTERIOR,0.0,0.0,0.0,0.0,0.16000000000000006
2025-04-01,TG00714NT02P,ANIO_ANTERIOR,0.0,0.0,3.0,3.0,0.11000000000000004
2025-04-01,TG00714NT03P,ANIO_ANTERIOR,0.0,0.0,0.0,0.0,0.16000000000000006
2025-04-01,TG00714NU01E,ANIO_ANTERIOR,0.0,0.0,0.0,0.0,0.16000000000000006
2025-04-01,TG00714NU01P,ANIO_ANTERIOR,0.0,0.0,1.0,1.0,0.11000000000000004
2025-04-01,TG00714NU02P,ANIO_ANTERIOR,0.0,0.0,0.0,0.0,0.16000000000000006
2025-04-01,TG00714NU03P,ANIO_ANTERIOR,0.0,0.0,0.0,0.0,0.16000000000000006
2025-04-01,TG00714NV01E,ANIO_ANTERIOR,0.0,0.0,0.0,0.0,0.16000000000000006
2025-04-01,TG00714NV01P,ANIO_ANTERIOR,0.0,0.0,0.0,0.0,0.16000000000000006
2025-04-01,TG00714NV02P,ANIO_ANTERIOR,0.0,0.0,0.0,0.0,0.16000000000000006
2025-04-01,TG00714NV03P,ANIO_ANTERIOR,0.0,0.0,0.0,0.0,0.16000000000000006
2025-04-01,TG00714NW01E,ANIO_ANTERIOR,0.0,0.0,0.0,0.0,0.16000000000000006
2025-04-01,TG00714NW01P,ANIO_ANTERIOR,0.0,0.0,0.0,0.0,0.16000000000000006
2025-04-01,TG00714NW02P,ANIO_ANTERIOR,0.0,0.0,0.0,0.0,0.16000000000000006
2025-04-01,TG00714NX01E,ANIO_ANTERIOR,0.0,0.0,0.0,0.0,0.16000000000000006
2025-04-01,TG00714NX01P,ANIO_ANTERIOR,0.0,0.0,0.0,0.0,0.16000000000000006
2025-04-01,TG00714NX03P,ANIO_ANTERIOR,0.0,0.0,0.0,0.0,0.16000000000000006
2025-04-01,TG00714NY01E,ANIO_ANTERIOR,0.0,0.0,0.0,0.0,0.16000000000000006
2025-04-01,TG00714NY01P,ANIO_ANTERIOR,0.0,0.0,3.0,3.0,0.060000000000000026
2025-04-01,TG00714NY02P,ANIO_ANTERIOR,0.0,0.0,0.0,0.0,0.16000000000000006
2025-04-01,TG00714NZ01E,ANIO_ANTERIOR,0.0,0.0,0.0,0.0,0.16000000000000006
2025-04-01,TG00714NZ01P,ANIO_ANTERIOR,0.0,0.0,1.0,1.0,0.11000000000000004
2025-04-01,TG00714NZ02P,ANIO_ANTERIOR,0.0,0.0,0.0,0.0,0.16000000000000006
2025-04-01,TG00725CVFIP,ANIO_ANTERIOR,0.0,0.0,0.0,0.0,0.16000000000000006
2025-04-01,TG00920G030P,ANIO_ANTERIOR,0.0,0.0,0.0,0.0,0.16000000000000006
2025-04-01,TG01010T003P,ANIO_ANTERIOR,0.0,0.0,0.0,0.0,0.16000000000000006
2025-04-01,TG01010T005P,ANIO_ANTERIOR,0.0,0.0,100.0,100.0,0.11000000000000004
2025-04-01,TG01010T011P,ANIO_ANTERIOR,0.0,0.0,0.0,0.0,0.16000000000000006
2025-04-01,TG01010T015P,ANIO_ANTERIOR,0.0,0.0,200.0,200.0,0.11000000000000004
2025-04-01,TG01010T017P,ANIO_ANTERIOR,0.0,0.0,0.0,0.0,0.16000000000000006
2025-04-01,TG01010T018P,ANIO_ANTERIOR,0.0,0.0,0.0,0.0,0.16000000000000006
2025-04-01,TG01010T019P,ANIO_ANTERIOR,0.0,0.0,0.0,0.0,0.16000000000000006
2025-04-01,TG01010T026P,ANIO_ANTERIOR,0.0,0.0,4.0,4.0,0.11000000000000004
2025-04-01,TG01010T036P,ANIO_ANTERIOR,0.0,0.0,0.0,0.0,0.16000000000000006
2025-04-01,TG01010T037P,ANIO_ANTERIOR,0.0,0.0,0.0,0.0,0.16000000000000006
2025-04-01,TG01010T041P,ANIO_ANTERIOR,0.0,0.0,0.0,0.0,0.16000000000000006
2025-04-01,TG01010T052P,ANIO_ANTERIOR,0.0,0.0,0.0,0.0,0.16000000000000006
2025-04-01,TG01010T053P,ANIO_ANTERIOR,0.0,0.0,0.0,0.0,0.16000000000000006
2025-04-01,TG01010T054P,ANIO_ANTERIOR,0.0,0.0,0.0,0.0,0.16000000000000006
2025-04-01,TG01010T060P,ANIO_ANTERIOR,0.0,0.0,0.0,0.0,0.16000000000000006
2025-04-01,TG01010T062P,ANIO_ANTERIOR,0.0,0.0,0.0,0.0,0.16000000000000006
2025-04-01,TG01010T063P,ANIO_ANTERIOR,0.0,0.0,0.0,0.0,0.16000000000000006
2025-04-01,TG01010T066P,ANIO_ANTERIOR,0.0,0.0,60.0,60.0,0.060000000000000026
2025-04-01,TG01010T067P,ANIO_ANTERIOR,0.0,0.0,0.0,0.0,0.16000000000000006
2025-04-01,TG01010T090P,ANIO_ANTERIOR,0.0,0.0,0.0,0.0,0.16000000000000006
2025-04-01,TG01010T091P,ANIO_ANTERIOR,0.0,0.0,0.0,0.0,0.16000000000000006
2025-04-01,TG01010T092P,ANIO_ANTERIOR,0.0,0.0,10.0,10.0,0.06000000000000003
2025-04-01,TG01010T093P,ANIO_ANTERIOR,0.0,0.0,10.0,10.0,0.11000000000000004
2025-04-01,TG01010T094P,ANIO_ANTERIOR,0.0,0.0,0.0,0.0,0.16000000000000006
2025-04-01,TG01010T095P,ANIO_ANTERIOR,0.0,0.0,10.0,10.0,0.06000000000000003
2025-04-01,TG01010T096P,ANIO_ANTERIOR,0.0,0.0,0.0,0.0,0.16000000000000006
2025-04-01,TG01010T098P,ANIO_ANTERIOR,0.0,0.0,18.0,18.0,0.11000000000000004
2025-04-01,TG01010T115P,ANIO_ANTERIOR,0.0,0.0,0.0,0.0,0.16000000000000006
2025-04-01,TG01010T116P,ANIO_ANTERIOR,0.0,0.0,0.0,0.0,0.16000000000000006
2025-04-01,TG01010T117P,ANIO_ANTERIOR,0.0,0.0,0.0,0.0,0.16000000000000006
2025-04-01,TG01010TBIRP,ANIO_ANTERIOR,0.0,0.0,700.0,700.0,0.11000000000000004
2025-04-01,TG01010TRFIP,ANIO_ANTERIOR,0.0,0.0,0.0,0.0,0.16000000000000006
2025-04-01,TG01020C005P,ANIO_ANTERIOR,0.0,0.0,0.0,0.0,0.16000000000000006
2025-04-01,TG01020C006P,ANIO_ANTERIOR,0.0,0.0,0.0,0.0,0.16000000000000006
2025-04-01,TG01020C011P,ANIO_ANTERIOR,0.0,0.0,0.0,0.0,0.16000000000000006
2025-04-01,TG01020C013P,ANIO_ANTERIOR,0.0,0.0,0.0,0.0,0.16000000000000006
2025-04-01,TG01020C016P,ANIO_ANTERIOR,0.0,0.0,0.0,0.0,0.16000000000000006
2025-04-01,TG01020C023P,ANIO_ANTERIOR,0.0,0.0,0.0,0.0,0.16000000000000006
2025-04-01,TG01020C026P,ANIO_ANTERIOR,0.0,0.0,0.0,0.0,0.16000000000000006
2025-04-01,TG010624ELAP,ANIO_ANTERIOR,0.0,0.0,8238.0,8238.0,0.010000000000000016
2025-04-01,TG010624ELMP,ANIO_ANTERIOR,0.0,0.0,8400.0,8400.0,0.11000000000000004
2025-04-01,TG010624ELRP,ANIO_ANTERIOR,12.0,0.0,4180.0,4168.0,0.04500000000000001
2025-04-01,TG021020DRAP1,ANIO_ANTERIOR,8500.0,0.0,17000.0,8500.0,0.11000000000000004
2025-04-01,TG021020DRMP1,ANIO_ANTERIOR,0.0,0.0,49.0,49.0,0.11000000000000004
2025-04-01,TG021020DRRP1,ANIO_ANTERIOR,21754.0,0.0,43508.0,21754.0,0.060000000000000026
2025-04-01,TG021020DRRP2,ANIO_ANTERIOR,0.0,0.0,5700.0,5700.0,0.060000000000000026
2025-04-01,TG031020DRAP,ANIO_ANTERIOR,0.0,0.0,1080.0,1080.0,0.060000000000000026
2025-04-01,TG03232E501P,ANIO_ANTERIOR,0.0,0.0,0.0,0.0,0.16000000000000006
2025-04-01,TG03232E504P,ANIO_ANTERIOR,0.0,0.0,0.0,0.0,0.16000000000000006
2025-04-01,TG03232E505P,ANIO_ANTERIOR,0.0,0.0,0.0,0.0,0.16000000000000006
2025-04-01,TG03232E509P,ANIO_ANTERIOR,0.0,0.0,0.0,0.0,0.16000000000000006
2025-04-01,TG03232E510P,ANIO_ANTERIOR,0.0,0.0,0.0,0.0,0.16000000000000006
2025-04-01,TG03232E511P,ANIO_ANTERIOR,0.0,0.0,0.0,0.0,0.16000000000000006
2025-04-01,TG041020DRAP2,ANIO_ANTERIOR,0.0,0.0,1300.0,1300.0,0.11000000000000004
2025-04-01,TG041020DRMP1,ANIO_ANTERIOR,0.0,0.0,2600.0,2600.0,0.11000000000000004
2025-04-01,TG041020DRMP2,ANIO_ANTERIOR,0.0,0.0,200.0,200.0,0.11000000000000004
2025-04-01,TG041020DRRP1,ANIO_ANTERIOR,62220.0,0.0,152745.0,90525.0,0.025000000000000005
2025-04-01,TG041020DRRP2,ANIO_ANTERIOR,0.0,0.0,8644.0,8644.0,0.035
2025-04-01,TG051020DRAP,ANIO_ANTERIOR,0.0,0.0,16.0,16.0,0.11000000000000004
2025-04-01,TG051020DRMP,ANIO_ANTERIOR,0.0,0.0,2750.0,2750.0,0.11000000000000004
2025-04-01,TG051239HVAC,ANIO_ANTERIOR,0.0,0.0,0.0,0.0,0.16000000000000006
2025-04-01,TG051239HVAP,ANIO_ANTERIOR,0.0,0.0,2850.0,2850.0,0.060000000000000026
2025-04-01,TG051239HVMC,ANIO_ANTERIOR,0.0,0.0,0.0,0.0,0.16000000000000006
2025-04-01,TG051239HVMP,ANIO_ANTERIOR,0.0,0.0,5945.0,5945.0,0.060000000000000026
2025-04-01,TG051439HVAC,ANIO_ANTERIOR,165.0,0.0,4765.0,4600.0,0.020000000000000004
2025-04-01,TG051439HVAP,ANIO_ANTERIOR,0.0,0.0,9147.0,9147.0,0.060000000000000026
2025-04-01,TG051439HVMP,ANIO_ANTERIOR,0.0,0.0,42.0,42.0,0.11000000000000004
2025-04-01,TG051439HVTP,ANIO_ANTERIOR,0.0,0.0,0.0,0.0,0.16000000000000006
2025-04-01,TG051439LVAC,ANIO_ANTERIOR,0.0,0.0,0.0,0.0,0.16000000000000006
2025-04-01,TG061020DAAP,ANIO_ANTERIOR,0.0,0.0,0.0,0.0,0.16000000000000006
2025-04-01,TG061020DGAP,ANIO_ANTERIOR,0.0,0.0,0.0,0.0,0.16000000000000006
2025-04-01,TG061020DRRP1,ANIO_ANTERIOR,1150.0,0.0,9400.0,8250.0,0.060000000000000026
2025-04-01,TG061214LLAP,ANIO_ANTERIOR,0.0,0.0,20.0,20.0,0.11000000000000004
2025-04-01,TG061216CLLP,ANIO_ANTERIOR,0.0,0.0,1100.0,1100.0,0.11000000000000004
2025-04-01,TG061224LVAB,ANIO_ANTERIOR,90.0,0.0,5820.0,5730.0,0.015000000000000001
2025-04-01,TG061224LVAC,ANIO_ANTERIOR,0.0,0.0,2000.0,2000.0,0.060000000000000026
2025-04-01,TG061224LVAP,ANIO_ANTERIOR,0.0,0.0,18330.0,18330.0,0.020000000000000004
2025-04-01,TG061224LVGB,ANIO_ANTERIOR,0.0,0.0,0.0,0.0,0.16000000000000006
2025-04-01,TG061224LVGC,ANIO_ANTERIOR,0.0,0.0,0.0,0.0,0.16000000000000006
2025-04-01,TG061224LVGP,ANIO_ANTERIOR,0.0,0.0,0.0,0.0,0.16000000000000006
2025-04-01,TG061224LVMB,ANIO_ANTERIOR,0.0,0.0,150.0,150.0,0.11000000000000004
2025-04-01,TG061224LVMC,ANIO_ANTERIOR,0.0,0.0,0.0,0.0,0.16000000000000006
2025-04-01,TG061224LVMP,ANIO_ANTERIOR,0.0,0.0,3000.0,3000.0,0.11000000000000004
2025-04-01,TG061224LVRC,ANIO_ANTERIOR,0.0,0.0,0.0,0.0,0.16000000000000006
2025-04-01,TG061224LVRP,ANIO_ANTERIOR,0.0,0.0,0.0,0.0,0.16000000000000006
2025-04-01,TG061225LVLC,ANIO_ANTERIOR,0.0,0.0,600.0,600.0,0.06000000000000003
2025-04-01,TG061225LVLP,ANIO_ANTERIOR,0.0,0.0,0.0,0.0,0.16000000000000006
2025-04-01,TG061226LLAP,ANIO_ANTERIOR,0.0,0.0,0.0,0.0,0.16000000000000006
2025-04-01,TG061226LPAP,ANIO_ANTERIOR,0.0,0.0,0.0,0.0,0.16000000000000006
2025-04-01,TG061430LVAB,ANIO_ANTERIOR,0.0,0.0,0.0,0.0,0.16000000000000006
2025-04-01,TG061430LVAP,ANIO_ANTERIOR,7854.0,0.0,15708.0,7854.0,0.010000000000000016
2025-04-01,TG082380QHRC,ANIO_ANTERIOR,0.0,0.0,5830.0,5830.0,0.01
2025-04-01,TG082380QHRP,ANIO_ANTERIOR,0.0,0.0,73751.0,73751.0,0.015000000000000001
2025-04-01,TG092020CLAE,ANIO_ANTERIOR,0.0,0.0,0.0,0.0,0.16000000000000006
2025-04-01,TG092020CLAP,ANIO_ANTERIOR,29.0,0.0,375.0,346.0,0.035
2025-04-01,TG092020CLRE,ANIO_ANTERIOR,0.0,0.0,340.0,340.0,0.11000000000000004
2025-04-01,TG092020CLRP,ANIO_ANTERIOR,0.0,0.0,313.0,313.0,0.11000000000000004
2025-04-01,TG120620DRRP,ANIO_ANTERIOR,0.0,0.0,82.0,82.0,0.060000000000000026
2025-04-01,TG121006CCAP,ANIO_ANTERIOR,0.0,0.0,0.0,0.0,0.16000000000000006
2025-04-01,TG121206DRRP,ANIO_ANTERIOR,0.0,0.0,9040.0,9040.0,0.025000000000000005
2025-04-01,TG191910CCAP,ANIO_ANTERIOR,0.0,0.0,194.0,194.0,0.01
2025-04-01,TG201220LVRP,ANIO_ANTERIOR,0.0,0.0,2100.0,2100.0,0.11000000000000004
2025-04-01,TG201240LVRP,ANIO_ANTERIOR,0.0,0.0,7128.0,7128.0,0.010000000000000023
2025-04-01,TG2945TRLRRP,ANIO_ANTERIOR,0.0,0.0,19464.0,19464.0,0.060000000000000026
2025-04-01,TG3422TZLMMP,ANIO_ANTERIOR,0.0,0.0,0.0,0.0,0.16000000000000006
2025-04-01,TG3422TZLMMP1,ANIO_ANTERIOR,0.0,0.0,847.0,847.0,0.06000000000000003
2025-04-01,TG3422TZLMMP2,ANIO_ANTERIOR,440.0,0.0,1491.0,1051.0,0.05500000000000002
2025-04-01,TG3422TZLRRP,ANIO_ANTERIOR,0.0,0.0,0.0,0.0,0.16000000000000006
2025-04-01,TG3422TZLRRP1,ANIO_ANTERIOR,0.0,0.0,400.0,400.0,0.025000000000000005
2025-04-01,TG3920TCLMMP,ANIO_ANTERIOR,0.0,0.0,0.0,0.0,0.16000000000000006
2025-04-01,TG3920TCLMMP2,ANIO_ANTERIOR,510.0,0.0,1358.0,848.0,0.010000000000000016
2025-04-01,TG3920TCLRRP,ANIO_ANTERIOR,0.0,0.0,0.0,0.0,0.16000000000000006
2025-04-01,TG3920TCLRRP1,ANIO_ANTERIOR,0.0,0.0,302.0,302.0,0.025000000000000005
2025-04-01,TGCONTROL01,ANIO_ANTERIOR,0.0,0.0,0.0,0.0,0.16000000000000006
2025-04-01,TGENSAYO0001,ANIO_ANTERIOR,0.0,0.0,0.0,0.0,0.16000000000000006
2025-04-01,TGENSAYO0002,ANIO_ANTERIOR,0.0,0.0,0.0,0.0,0.16000000000000006
2025-04-01,TGENSAYO0003,ANIO_ANTERIOR,0.0,0.0,0.0,0.0,0.16000000000000006
2025-04-01,TGENSAYO0004,ANIO_ANTERIOR,0.0,0.0,0.0,0.0,0.16000000000000006
2025-04-01,TGENSAYO0005,ANIO_ANTERIOR,0.0,0.0,534.0,534.0,0.11000000000000004
2025-04-01,TGENSAYO0006,ANIO_ANTERIOR,0.0,0.0,0.0,0.0,0.16000000000000006
2025-04-01,TGENSAYO0007,ANIO_ANTERIOR,0.0,0.0,0.0,0.0,0.16000000000000006
2025-04-01,TGENSAYO0008,ANIO_ANTERIOR,0.0,0.0,0.0,0.0,0.16000000000000006
2025-04-01,TGENSAYO0011,ANIO_ANTERIOR,0.0,0.0,0.0,0.0,0.16000000000000006
2025-04-01,TGENSAYO0012,ANIO_ANTERIOR,0.0,0.0,0.0,0.0,0.16000000000000006
2025-04-01,TGENSAYO0013,ANIO_ANTERIOR,0.0,0.0,34800.0,34800.0,0.060000000000000026
2025-04-01,TGENSAYO00130,ANIO_ANTERIOR,0.0,0.0,52.0,52.0,0.060000000000000026
2025-04-01,TGENSAYO0014,ANIO_ANTERIOR,3080.0,0.0,11658.0,8578.0,0.060000000000000026
2025-04-01,TGENSAYO0015,ANIO_ANTERIOR,0.0,0.0,52806.0,52806.0,0.025000000000000005
2025-04-01,TGENSAYO0018,ANIO_ANTERIOR,0.0,0.0,0.0,0.0,0.16000000000000006
2025-04-01,TGENSAYO0021,ANIO_ANTERIOR,2800.0,0.0,13299.0,10499.0,0.030000000000000006
2025-04-01,TGENSAYO0028,ANIO_ANTERIOR,0.0,0.0,5316.0,5316.0,0.11000000000000004
2025-04-01,TGENSAYO0029,ANIO_ANTERIOR,0.0,0.0,1300.0,1300.0,0.11000000000000004
2025-04-01,TGENSAYO0030,ANIO_ANTERIOR,0.0,0.0,1050.0,1050.0,0.11000000000000004
2025-04-01,TGENSAYO0034,ANIO_ANTERIOR,0.0,0.0,225.0,225.0,0.11000000000000004
2025-04-01,TGENSAYO0035,ANIO_ANTERIOR,0.0,0.0,1775.0,1775.0,0.11000000000000004
2025-04-01,TGENSAYO0036,ANIO_ANTERIOR,30.0,0.0,6906.0,6876.0,0.05000000000000002
2025-04-01,TGENSAYO0038,ANIO_ANTERIOR,52.0,0.0,264.0,212.0,0.015000000000000001
2025-04-01,TGENSAYO0039,ANIO_ANTERIOR,0.0,0.0,9350.0,9350.0,0.020000000000000004
2025-04-01,TGENSAYO0040,ANIO_ANTERIOR,0.0,0.0,7448.0,7448.0,0.060000000000000026
2025-04-01,TGENSAYO0041,ANIO_ANTERIOR,0.0,0.0,2200.0,2200.0,0.11000000000000004
2025-04-01,TGENSAYO0043,ANIO_ANTERIOR,0.0,0.0,435.0,435.0,0.060000000000000026
2025-04-01,TGENSAYO0044,ANIO_ANTERIOR,0.0,0.0,325.0,325.0,0.060000000000000026
2025-04-01,TGENSAYO0045,ANIO_ANTERIOR,0.0,0.0,113.0,113.0,0.060000000000000026
2025-04-01,TGENSAYO0054,ANIO_ANTERIOR,0.0,0.0,4.0,4.0,0.11000000000000004
2025-04-01,TGENSAYO0059,ANIO_ANTERIOR,0.0,0.0,0.0,0.0,0.16000000000000006
2025-04-01,TGENSAYO0063,ANIO_ANTERIOR,0.0,0.0,115.0,115.0,0.11000000000000004
2025-04-01,TGENSAYO0064,ANIO_ANTERIOR,0.0,0.0,0.0,0.0,0.16000000000000006
2025-04-01,TGENSAYO0090,ANIO_ANTERIOR,0.0,0.0,0.0,0.0,0.16000000000000006
2025-04-01,TGENSAYO0121,ANIO_ANTERIOR,0.0,0.0,14.0,14.0,0.11000000000000004
2025-04-01,TGENSAYO0122,ANIO_ANTERIOR,70.0,0.0,140.0,70.0,0.11000000000000004
2025-04-01,TGENSAYO0123,ANIO_ANTERIOR,0.0,0.0,11.0,11.0,0.11000000000000004
2025-04-01,TGENSAYO0124,ANIO_ANTERIOR,15.0,0.0,42.0,27.0,0.015000000000000001
2025-04-01,TGENSAYO0125,ANIO_ANTERIOR,0.0,0.0,37.0,37.0,0.06000000000000003
2025-04-01,TGENSAYO0126,ANIO_ANTERIOR,0.0,0.0,20.0,20.0,0.060000000000000026
2025-04-01,TGENSAYO0128,ANIO_ANTERIOR,0.0,0.0,14.0,14.0,0.11000000000000004
2025-04-01,TGENSAYO0134,ANIO_ANTERIOR,0.0,0.0,6.0,6.0,0.060000000000000026
2025-04-01,TGENSAYO0135,ANIO_ANTERIOR,0.0,0.0,100.0,100.0,0.060000000000000026
2025-04-01,TT000624ELRP,ANIO_ANTERIOR,11126.0,0.0,22252.0,11126.0,0.060000000000000026
2025-04-01,TT052525CLRC,ANIO_ANTERIOR,0.0,0.0,0.0,0.0,0.16000000000000006
2025-04-01,TT052525CLRP,ANIO_ANTERIOR,0.0,0.0,0.0,0.0,0.16000000000000006
2025-04-01,TT061224HVRP,ANIO_ANTERIOR,0.0,0.0,5300.0,5300.0,0.020000000000000004
2025-04-01,TT061224LVRC,ANIO_ANTERIOR,0.0,0.0,2100.0,2100.0,0.060000000000000026
2025-04-01,TT061224LVRP,ANIO_ANTERIOR,68649.0,0.0,140125.0,71476.0,0.11000000000000004
2025-04-01,TT061224VLRP,ANIO_ANTERIOR,0.0,0.0,0.0,0.0,0.16000000000000006
2025-04-01,TT071919CJRP,ANIO_ANTERIOR,0.0,0.0,0.0,0.0,0.16000000000000006
2025-04-01,TT082340RHRP,ANIO_ANTERIOR,0.0,0.0,950.0,950.0,0.11000000000000004
2025-04-01,TT082380QHRC,KRR,6428.77934534675,266.49727050805905,12591.06142018544,6162.282074838691,0.060000000000000026
2025-04-01,TT082380QHRP,KRR,15270.044082971119,0.0,115228.09485449118,99958.05077152007,0.015000000000000001
2025-04-01,TT082380QHRPTG,ANIO_ANTERIOR,0.0,0.0,49.0,49.0,0.06000000000000003
2025-04-01,TT082380QHRX,ANIO_ANTERIOR,1000.0,0.0,7130.0,6130.0,0.060000000000000026
2025-04-01,TT100626NLRP,ANIO_ANTERIOR,0.0,0.0,0.0,0.0,0.16000000000000006
2025-04-01,TT100628CLRP,ANIO_ANTERIOR,0.0,0.0,0.0,0.0,0.16000000000000006
2025-04-01,TT101330LHRC,ANIO_ANTERIOR,120.0,0.0,960.0,840.0,0.04500000000000001
2025-04-01,TT101330LHRP,ANIO_ANTERIOR,456.0,0.0,15413.0,14957.0,0.030000000000000006
2025-04-01,TT101330LVRC,ANIO_ANTERIOR,0.0,0.0,155.0,155.0,0.11000000000000004
2025-04-01,TT101330LVRP,ANIO_ANTERIOR,150.0,0.0,9062.0,8912.0,0.05000000000000002
2025-04-01,TT1741TTLRRC,ANIO_ANTERIOR,0.0,0.0,0.0,0.0,0.16000000000000006
2025-04-01,TT1741TTLRRP,ANIO_ANTERIOR,0.0,0.0,0.0,0.0,0.16000000000000006
2025-04-01,TT201030RHRC,ANIO_ANTERIOR,0.0,0.0,200.0,200.0,0.11000000000000004
2025-04-01,TT201030RHRP,ANIO_ANTERIOR,0.0,0.0,600.0,600.0,0.060000000000000026
2025-04-01,TT201040RVRP,ANIO_ANTERIOR,1020.0,0.0,15040.0,14020.0,0.025000000000000005
2025-04-01,TT201220LVRP,ANIO_ANTERIOR,0.0,0.0,900.0,900.0,0.11000000000000004
2025-04-01,TT201240LVRP,ANIO_ANTERIOR,0.0,0.0,7776.0,7776.0,0.060000000000000026
2025-04-01,TT2146TELRRC,ANIO_ANTERIOR,0.0,0.0,0.0,0.0,0.16000000000000006
2025-04-01,TT2146TELRRP,ANIO_ANTERIOR,0.0,0.0,0.0,0.0,0.16000000000000006
2025-04-01,TT2945LRLRRC,ANIO_ANTERIOR,-2200.0,0.0,0.0,2200.0,0.11000000000000004
2025-04-01,TT2945TRLRRC,ANIO_ANTERIOR,0.0,0.0,630.0,630.0,0.060000000000000026
2025-04-01,TT2945TRLRRP,ANIO_ANTERIOR,4580.0,0.0,21984.0,17404.0,0.04500000000000001
2025-04-01,TTCONTROL1,ANIO_ANTERIOR,0.0,0.0,0.0,0.0,0.16000000000000006
2025-04-01,TTENSAYO0002,ANIO_ANTERIOR,0.0,0.0,300.0,300.0,0.11000000000000004
2025-04-01,TTENSAYO0014,ANIO_ANTERIOR,0.0,0.0,0.0,0.0,0.16000000000000006
2025-05-01,CITG000725ALTE,ANIO_ANTERIOR,0.0,0.0,0.0,0.0,0.16000000000000006
2025-05-01,CITG000725ARIP,ANIO_ANTERIOR,0.0,0.0,0.0,0.0,0.16000000000000006
2025-05-01,CITG000725ARSP,ANIO_ANTERIOR,0.0,0.0,0.0,0.0,0.16000000000000006
2025-05-01,CITG000725ARTE,ANIO_ANTERIOR,0.0,0.0,0.0,0.0,0.16000000000000006
2025-05-01,CP201030RHRP,ANIO_ANTERIOR,0.0,0.0,0.0,0.0,0.16000000000000006
2025-05-01,INACTIVO,ANIO_ANTERIOR,0.0,0.0,6880.0,6880.0,0.11000000000000004
2025-05-01,LSESTERILA01,ANIO_ANTERIOR,0.0,0.0,0.0,0.0,0.16000000000000006
2025-05-01,MC000624ELEP,ANIO_ANTERIOR,0.0,0.0,0.0,0.0,0.16000000000000006
2025-05-01,MC000624ELRP,ANIO_ANTERIOR,0.0,0.0,7580.0,7580.0,0.025000000000000005
2025-05-01,MC000624EREP,ANIO_ANTERIOR,0.0,0.0,0.0,0.0,0.16000000000000006
2025-05-01,MC001030ELRP,ANIO_ANTERIOR,0.0,0.0,0.0,0.0,0.16000000000000006
2025-05-01,MC021020DRRP,ANIO_ANTERIOR,0.0,0.0,0.0,0.0,0.16000000000000006
2025-05-01,MC031020DRRC,ANIO_ANTERIOR,0.0,0.0,1600.0,1600.0,0.04500000000000001
2025-05-01,MC031020DRRP,ANIO_ANTERIOR,750.0,0.0,21150.0,20400.0,0.11000000000000004
2025-05-01,MC031020KRRP,ANIO_ANTERIOR,0.0,0.0,0.0,0.0,0.16000000000000006
2025-05-01,MC050919DRRP,ANIO_ANTERIOR,0.0,0.0,0.0,0.0,0.16000000000000006
2025-05-01,MC051020DRRC,ANIO_ANTERIOR,125.0,0.0,6425.0,6300.0,0.060000000000000026
2025-05-01,MC051020DRRP,ANIO_ANTERIOR,4382.0,0.0,18424.0,14042.0,0.05500000000000002
2025-05-01,MC051020DRZP,ANIO_ANTERIOR,0.0,0.0,0.0,0.0,0.16000000000000006
2025-05-01,MC051020KRRP,ANIO_ANTERIOR,0.0,0.0,0.0,0.0,0.16000000000000006
2025-05-01,MC051020LMRP,ANIO_ANTERIOR,0.0,0.0,1260.0,1260.0,0.11000000000000004
2025-05-01,MC051022LMRP,ANIO_ANTERIOR,0.0,0.0,0.0,0.0,0.16000000000000006
2025-05-01,MC052525CLRP,ANIO_ANTERIOR,0.0,0.0,0.0,0.0,0.16000000000000006
2025-05-01,MC061224DMRP,ANIO_ANTERIOR,0.0,0.0,0.0,0.0,0.16000000000000006
2025-05-01,MC061224HVEP,ANIO_ANTERIOR,0.0,0.0,1000.0,1000.0,0.11000000000000004
2025-05-01,MC061224HVRP,ANIO_ANTERIOR,0.0,0.0,9450.0,9450.0,0.060000000000000026
2025-05-01,MC061224LVRC,ANIO_ANTERIOR,0.0,0.0,1700.0,1700.0,0.11000000000000004
2025-05-01,MC061224LVRP,ANIO_ANTERIOR,240.0,0.0,21426.0,21186.0,0.11000000000000004
2025-05-01,MC061330LVRC,ANIO_ANTERIOR,0.0,0.0,0.0,0.0,0.16000000000000006
2025-05-01,MC061330LVRP,ANIO_ANTERIOR,0.0,0.0,80.0,80.0,0.06000000000000003
2025-05-01,MC071919CJRP,ANIO_ANTERIOR,0.0,0.0,0.0,0.0,0.16000000000000006
2025-05-01,MC081020DRRC,ANIO_ANTERIOR,0.0,0.0,180.0,180.0,0.11000000000000004
2025-05-01,MC081020DRRP,ANIO_ANTERIOR,0.0,0.0,800.0,800.0,0.015000000000000001
2025-05-01,MC100626NLRP,ANIO_ANTERIOR,0.0,0.0,0.0,0.0,0.16000000000000006
2025-05-01,MC100628CLRP,ANIO_ANTERIOR,0.0,0.0,0.0,0.0,0.16000000000000006
2025-05-01,MC101330LHRC,ANIO_ANTERIOR,0.0,0.0,2735.0,2735.0,0.060000000000000026
2025-05-01,MC101330LHRP,ANIO_ANTERIOR,686.0,0.0,17996.0,17310.0,0.05000000000000002
2025-05-01,MC101330LVRC,ANIO_ANTERIOR,0.0,0.0,838.0,838.0,0.11000000000000004
2025-05-01,MC101330LVRP,KRR,464.06692133344905,0.0,5087.41896576042,4623.352044426971,0.060000000000000026
2025-05-01,MC101330LVRPTG,ANIO_ANTERIOR,0.0,0.0,11843.0,11843.0,0.06000000000000003
2025-05-01,MC120620DRRC,ANIO_ANTERIOR,0.0,0.0,30.0,30.0,0.11000000000000004
2025-05-01,MC120620DRRP,ANIO_ANTERIOR,0.0,0.0,561.0,561.0,0.060000000000000026
2025-05-01,MC121206DRRP,ANIO_ANTERIOR,0.0,0.0,1760.0,1760.0,0.04000000000000001
2025-05-01,MC131330IVRC,ANIO_ANTERIOR,0.0,0.0,0.0,0.0,0.16000000000000006
2025-05-01,MC131330LHRC,ANIO_ANTERIOR,0.0,0.0,3.0,3.0,0.11000000000000004
2025-05-01,MC131330LHRP,ANIO_ANTERIOR,0.0,0.0,300.0,300.0,0.060000000000000026
2025-05-01,MC131330LVRC,ANIO_ANTERIOR,0.0,0.0,0.0,0.0,0.16000000000000006
2025-05-01,MC131330LVRP,ANIO_ANTERIOR,0.0,0.0,0.0,0.0,0.16000000000000006
2025-05-01,MC201015RHRC,ANIO_ANTERIOR,170.0,0.0,613.0,443.0,0.04000000000000001
2025-05-01,MC201015RHRP,KRR,7987.852051970073,3532.79493956281,12442.909164377335,4455.057112407263,0.020000000000000004
2025-05-01,MC201020CCRC,ANIO_ANTERIOR,0.0,0.0,0.0,0.0,0.16000000000000006
2025-05-01,MC201020CCRP,ANIO_ANTERIOR,0.0,0.0,0.0,0.0,0.16000000000000006
2025-05-01,MC201020CTRP,ANIO_ANTERIOR,0.0,0.0,0.0,0.0,0.16000000000000006
2025-05-01,MC201020RHRC,ANIO_ANTERIOR,0.0,0.0,0.0,0.0,0.16000000000000006
2025-05-01,MC201020RHRP,ANIO_ANTERIOR,0.0,0.0,0.0,0.0,0.16000000000000006
2025-05-01,MC201030RH3C,ANIO_ANTERIOR,0.0,0.0,0.0,0.0,0.16000000000000006
2025-05-01,MC201030RH3P,ANIO_ANTERIOR,0.0,0.0,0.0,0.0,0.16000000000000006
2025-05-01,MC201030RHRC,KRR,9427.997610566668,457.1020016099246,18398.893219523412,8970.895608956744,0.025000000000000005
2025-05-01,MC201030RHRP,KRR,48763.74083385939,20118.3955723311,77409.08609538767,28645.345261528288,0.025000000000000005
2025-05-01,MC201030RVRC,ANIO_ANTERIOR,0.0,0.0,782.0,782.0,0.11000000000000004
2025-05-01,MC201030RVRP,ANIO_ANTERIOR,7880.0,0.0,16580.0,8700.0,0.060000000000000026
2025-05-01,MC201040RHRC,ANIO_ANTERIOR,0.0,0.0,0.0,0.0,0.16000000000000006
2025-05-01,MC201040RHRP,ANIO_ANTERIOR,0.0,0.0,0.0,0.0,0.16000000000000006
2025-05-01,MC201215RHRC,ANIO_ANTERIOR,348.0,0.0,1526.0,1178.0,0.04500000000000001
2025-05-01,MC201215RHRP,KRR,15628.685334754387,11874.911720535994,19382.45894897278,3753.773614218393,0.060000000000000026
2025-05-01,MC201220LVRP,ANIO_ANTERIOR,0.0,0.0,150.0,150.0,0.060000000000000026
2025-05-01,MC201230RHRC,KRR,23748.901917019295,11826.279612945018,35671.52422109357,11922.622304074277,0.11000000000000004
2025-05-01,MC201230RHRP,KRR,142663.10916895952,113842.61122011096,171483.60711780807,28820.497948848555,0.060000000000000026
2025-05-01,MC201230RVRC,ANIO_ANTERIOR,0.0,0.0,3150.0,3150.0,0.010000000000000016
2025-05-01,MC201230RVRP,KRR,25274.60240479157,13517.135429983216,37032.069379599925,11757.466974808354,0.11000000000000004
2025-05-01,MC201240LVRC,ANIO_ANTERIOR,80.0,0.0,1180.0,1100.0,0.060000000000000026
2025-05-01,MC201240LVRP,ANIO_ANTERIOR,144.0,0.0,3032.0,2888.0,0.01
2025-05-01,MC201240RHRC,ANIO_ANTERIOR,0.0,0.0,0.0,0.0,0.16000000000000006
2025-05-01,MC201240RHRP,ANIO_ANTERIOR,0.0,0.0,0.0,0.0,0.16000000000000006
2025-05-01,MC201520CCRP,ANIO_ANTERIOR,0.0,0.0,0.0,0.0,0.16000000000000006
2025-05-01,MCCONTROL01,ANIO_ANTERIOR,0.0,0.0,0.0,0.0,0.16000000000000006
2025-05-01,MCENSAYO0001,ANIO_ANTERIOR,0.0,0.0,0.0,0.0,0.16000000000000006
2025-05-01,MCENSAYO0002,ANIO_ANTERIOR,0.0,0.0,0.0,0.0,0.16000000000000006
2025-05-01,MCENSAYO0003,ANIO_ANTERIOR,0.0,0.0,5674.0,5674.0,0.04000000000000001
2025-05-01,MCENSAYO0004,ANIO_ANTERIOR,0.0,0.0,0.0,0.0,0.16000000000000006
2025-05-01,MCENSAYO0005,ANIO_ANTERIOR,0.0,0.0,85.0,85.0,0.11000000000000004
2025-05-01,MCENSAYO0015,ANIO_ANTERIOR,0.0,0.0,6120.0,6120.0,0.06000000000000003
2025-05-01,MCENSAYO0016,ANIO_ANTERIOR,0.0,0.0,4186.0,4186.0,0.11000000000000004
2025-05-01,MCENSAYO0017,ANIO_ANTERIOR,0.0,0.0,60751.0,60751.0,0.010000000000000023
2025-05-01,PRESUPUESTO,ANIO_ANTERIOR,0.0,0.0,0.0,0.0,0.16000000000000006
2025-05-01,TG000325ALAP,ANIO_ANTERIOR,0.0,0.0,85.0,85.0,0.11000000000000004
2025-05-01,TG000325ALMP,ANIO_ANTERIOR,0.0,0.0,71.0,71.0,0.060000000000000026
2025-05-01,TG000325ALRP,ANIO_ANTERIOR,0.0,0.0,0.0,0.0,0.16000000000000006
2025-05-01,TG000325ALSP,ANIO_ANTERIOR,0.0,0.0,7.0,7.0,0.060000000000000026
2025-05-01,TG000325ALTP,ANIO_ANTERIOR,0.0,0.0,52.0,52.0,0.060000000000000026
2025-05-01,TG000325ALYP,ANIO_ANTERIOR,0.0,0.0,2.0,2.0,0.11000000000000004
2025-05-01,TG000325ARAP,ANIO_ANTERIOR,0.0,0.0,0.0,0.0,0.16000000000000006
2025-05-01,TG000325ARMP,ANIO_ANTERIOR,0.0,0.0,0.0,0.0,0.16000000000000006
2025-05-01,TG000325ARSP,ANIO_ANTERIOR,0.0,0.0,0.0,0.0,0.16000000000000006
2025-05-01,TG000325ARTP,ANIO_ANTERIOR,0.0,0.0,0.0,0.0,0.16000000000000006
2025-05-01,TG000325TEKP,ANIO_ANTERIOR,0.0,0.0,0.0,0.0,0.16000000000000006
2025-05-01,TG000325TELP,ANIO_ANTERIOR,0.0,0.0,0.0,0.0,0.16000000000000006
2025-05-01,TG000325TENP,ANIO_ANTERIOR,0.0,0.0,0.0,0.0,0.16000000000000006
2025-05-01,TG00047N004P,ANIO_ANTERIOR,0.0,0.0,0.0,0.0,0.16000000000000006
2025-05-01,TG00047N104P,ANIO_ANTERIOR,0.0,0.0,1.0,1.0,0.11000000000000004
2025-05-01,TG00047N204P,ANIO_ANTERIOR,0.0,0.0,0.0,0.0,0.16000000000000006
2025-05-01,TG00047N304P,ANIO_ANTERIOR,0.0,0.0,0.0,0.0,0.16000000000000006
2025-05-01,TG00047N404P,ANIO_ANTERIOR,0.0,0.0,0.0,0.0,0.16000000000000006
2025-05-01,TG00047N504P,ANIO_ANTERIOR,0.0,0.0,0.0,0.0,0.16000000000000006
2025-05-01,TG00047N604P,ANIO_ANTERIOR,0.0,0.0,0.0,0.0,0.16000000000000006
2025-05-01,TG00047N704P,ANIO_ANTERIOR,0.0,0.0,0.0,0.0,0.16000000000000006
2025-05-01,TG00047N804P,ANIO_ANTERIOR,0.0,0.0,0.0,0.0,0.16000000000000006
2025-05-01,TG00047NA04P,ANIO_ANTERIOR,0.0,0.0,2.0,2.0,0.11000000000000004
2025-05-01,TG00047NB04P,ANIO_ANTERIOR,0.0,0.0,0.0,0.0,0.16000000000000006
2025-05-01,TG00047NC04P,ANIO_ANTERIOR,0.0,0.0,1.0,1.0,0.11000000000000004
2025-05-01,TG00047ND04P,ANIO_ANTERIOR,0.0,0.0,0.0,0.0,0.16000000000000006
2025-05-01,TG00047NE04P,ANIO_ANTERIOR,0.0,0.0,0.0,0.0,0.16000000000000006
2025-05-01,TG00047NES4P,ANIO_ANTERIOR,0.0,0.0,0.0,0.0,0.16000000000000006
2025-05-01,TG00047NF04P,ANIO_ANTERIOR,0.0,0.0,0.0,0.0,0.16000000000000006
2025-05-01,TG00047NG04P,ANIO_ANTERIOR,0.0,0.0,0.0,0.0,0.16000000000000006
2025-05-01,TG00047NGU4P,ANIO_ANTERIOR,0.0,0.0,0.0,0.0,0.16000000000000006
2025-05-01,TG00047NH04P,ANIO_ANTERIOR,0.0,0.0,0.0,0.0,0.16000000000000006
2025-05-01,TG00047NI04P,ANIO_ANTERIOR,0.0,0.0,3.0,3.0,0.11000000000000004
2025-05-01,TG00047NJ04P,ANIO_ANTERIOR,0.0,0.0,0.0,0.0,0.16000000000000006
2025-05-01,TG00047NK04P,ANIO_ANTERIOR,0.0,0.0,0.0,0.0,0.16000000000000006
2025-05-01,TG00047NL04P,ANIO_ANTERIOR,0.0,0.0,0.0,0.0,0.16000000000000006
2025-05-01,TG00047NM04P,ANIO_ANTERIOR,0.0,0.0,1.0,1.0,0.11000000000000004
2025-05-01,TG00047NN04P,ANIO_ANTERIOR,0.0,0.0,0.0,0.0,0.16000000000000006
2025-05-01,TG00047NNN4P,ANIO_ANTERIOR,0.0,0.0,0.0,0.0,0.16000000000000006
2025-05-01,TG00047NP04P,ANIO_ANTERIOR,0.0,0.0,1.0,1.0,0.11000000000000004
2025-05-01,TG00047NQ04P,ANIO_ANTERIOR,0.0,0.0,1.0,1.0,0.11000000000000004
2025-05-01,TG00047NR04P,ANIO_ANTERIOR,0.0,0.0,0.0,0.0,0.16000000000000006
2025-05-01,TG00047NS04P,ANIO_ANTERIOR,0.0,0.0,1.0,1.0,0.11000000000000004
2025-05-01,TG00047NSE4P,ANIO_ANTERIOR,0.0,0.0,0.0,0.0,0.16000000000000006
2025-05-01,TG00047NT04P,ANIO_ANTERIOR,0.0,0.0,1.0,1.0,0.11000000000000004
2025-05-01,TG00047NU04P,ANIO_ANTERIOR,0.0,0.0,0.0,0.0,0.16000000000000006
2025-05-01,TG00047NV04P,ANIO_ANTERIOR,0.0,0.0,0.0,0.0,0.16000000000000006
2025-05-01,TG00047NX04P,ANIO_ANTERIOR,0.0,0.0,1.0,1.0,0.11000000000000004
2025-05-01,TG00047NY04P,ANIO_ANTERIOR,0.0,0.0,0.0,0.0,0.16000000000000006
2025-05-01,TG00047NZ04P,ANIO_ANTERIOR,0.0,0.0,0.0,0.0,0.16000000000000006
2025-05-01,TG000515ERMP,ANIO_ANTERIOR,0.0,0.0,0.6,0.6,0.11000000000000004
2025-05-01,TG000515ERRP,ANIO_ANTERIOR,0.0,0.0,0.0,0.0,0.16000000000000006
2025-05-01,TG000624ALAE,ANIO_ANTERIOR,0.0,0.0,158.0,158.0,0.060000000000000026
2025-05-01,TG000624ALAP,ANIO_ANTERIOR,0.0,0.0,87.0,87.0,0.11000000000000004
2025-05-01,TG000624ALGE,ANIO_ANTERIOR,0.0,0.0,0.0,0.0,0.16000000000000006
2025-05-01,TG000624ALGP,ANIO_ANTERIOR,0.0,0.0,0.0,0.0,0.16000000000000006
2025-05-01,TG000624ALME,ANIO_ANTERIOR,0.0,0.0,52.0,52.0,0.11000000000000004
2025-05-01,TG000624ALMP,ANIO_ANTERIOR,0.0,0.0,0.0,0.0,0.16000000000000006
2025-05-01,TG000624ALRE,ANIO_ANTERIOR,0.0,0.0,0.0,0.0,0.16000000000000006
2025-05-01,TG000624ALRP,ANIO_ANTERIOR,0.0,0.0,0.0,0.0,0.16000000000000006
2025-05-01,TG000624ELAC,ANIO_ANTERIOR,0.0,0.0,0.0,0.0,0.16000000000000006
2025-05-01,TG000624ELAP,ANIO_ANTERIOR,0.0,0.0,0.0,0.0,0.16000000000000006
2025-05-01,TG000624ELGC,ANIO_ANTERIOR,0.0,0.0,0.0,0.0,0.16000000000000006
2025-05-01,TG000624ELGP,ANIO_ANTERIOR,0.0,0.0,0.0,0.0,0.16000000000000006
2025-05-01,TG000624ELMC,ANIO_ANTERIOR,0.0,0.0,0.0,0.0,0.16000000000000006
2025-05-01,TG000624ELMP,ANIO_ANTERIOR,0.0,0.0,0.0,0.0,0.16000000000000006
2025-05-01,TG000624ELRC,ANIO_ANTERIOR,0.0,0.0,0.0,0.0,0.16000000000000006
2025-05-01,TG000624ELRP,ANIO_ANTERIOR,0.0,0.0,0.0,0.0,0.16000000000000006
2025-05-01,TG000624LLAP,ANIO_ANTERIOR,27984.0,0.0,73166.0,45182.0,0.060000000000000026
2025-05-01,TG000626ELAP,ANIO_ANTERIOR,0.0,0.0,0.0,0.0,0.16000000000000006
2025-05-01,TG000626ELAP1,ANIO_ANTERIOR,97352.0,0.0,214623.0,117271.0,0.04500000000000001
2025-05-01,TG000626ELAP2,ANIO_ANTERIOR,0.0,0.0,71316.0,71316.0,0.060000000000000026
2025-05-01,TG000626ELMP,ANIO_ANTERIOR,0.0,0.0,0.0,0.0,0.16000000000000006
2025-05-01,TG000626ELMP1,ANIO_ANTERIOR,3396.0,0.0,17868.0,14472.0,0.04500000000000001
2025-05-01,TG000626ELMP2,ANIO_ANTERIOR,0.0,0.0,1435.0,1435.0,0.11000000000000004
2025-05-01,TG000626ELRP,ANIO_ANTERIOR,0.0,0.0,0.0,0.0,0.16000000000000006
2025-05-01,TG000626ELRP1,ANIO_ANTERIOR,10194.0,0.0,31166.0,20972.0,0.01
2025-05-01,TG000626ELRP2,ANIO_ANTERIOR,0.0,0.0,18000.0,18000.0,0.060000000000000026
2025-05-01,TG000630ELAP,ANIO_ANTERIOR,0.0,0.0,2300.0,2300.0,0.11000000000000004
2025-05-01,TG000725ALAE,ANIO_ANTERIOR,0.0,0.0,0.0,0.0,0.16000000000000006
2025-05-01,TG000725ALAE1,ANIO_ANTERIOR,19.0,0.0,552.0,533.0,0.060000000000000026
2025-05-01,TG000725ALAP,ANIO_ANTERIOR,0.0,0.0,0.0,0.0,0.16000000000000006
2025-05-01,TG000725ALAP1,ANIO_ANTERIOR,6266.5,1010.5,11522.5,5256.0,0.11000000000000004
2025-05-01,TG000725ALAP2,ANIO_ANTERIOR,150.0,0.0,1866.0,1716.0,0.020000000000000004
2025-05-01,TG000725ALAX,ANIO_ANTERIOR,0.0,0.0,100.0,100.0,0.11000000000000004
2025-05-01,TG000725ALFP,ANIO_ANTERIOR,0.0,0.0,0.0,0.0,0.16000000000000006
2025-05-01,TG000725ALIP,ANIO_ANTERIOR,0.0,0.0,0.0,0.0,0.16000000000000006
2025-05-01,TG000725ALME,ANIO_ANTERIOR,0.0,0.0,0.0,0.0,0.16000000000000006
2025-05-01,TG000725ALME1,ANIO_ANTERIOR,30.0,0.0,452.0,422.0,0.060000000000000026
2025-05-01,TG000725ALME2,ANIO_ANTERIOR,18.0,0.0,177.0,159.0,0.030000000000000006
2025-05-01,TG000725ALMP,ANIO_ANTERIOR,0.0,0.0,0.0,0.0,0.16000000000000006
2025-05-01,TG000725ALMP1,ANIO_ANTERIOR,0.5,0.0,1453.5,1453.0,0.05000000000000002
2025-05-01,TG000725ALMP2,ANIO_ANTERIOR,410.0,0.0,2737.0,2327.0,0.015000000000000001
2025-05-01,TG000725ALOP,ANIO_ANTERIOR,0.0,0.0,0.0,0.0,0.16000000000000006
2025-05-01,TG000725ALQP,ANIO_ANTERIOR,0.0,0.0,0.0,0.0,0.16000000000000006
2025-05-01,TG000725ALRE,ANIO_ANTERIOR,0.0,0.0,0.0,0.0,0.16000000000000006
2025-05-01,TG000725ALRE1,ANIO_ANTERIOR,28.0,0.0,1672.0,1644.0,0.05500000000000002
2025-05-01,TG000725ALRE2,ANIO_ANTERIOR,0.0,0.0,2048.0,2048.0,0.025000000000000005
2025-05-01,TG000725ALRESR,ANIO_ANTERIOR,0.0,0.0,140.0,140.0,0.11000000000000004
2025-05-01,TG000725ALRP,ANIO_ANTERIOR,0.0,0.0,0.0,0.0,0.16000000000000006
2025-05-01,TG000725ALRP1,ANIO_ANTERIOR,560.5,0.0,4849.5,4289.0,0.11000000000000004
2025-05-01,TG000725ALRP2,ANIO_ANTERIOR,713.0,0.0,2855.0,2142.0,0.060000000000000026
2025-05-01,TG000725ALSE,ANIO_ANTERIOR,0.0,0.0,0.0,0.0,0.16000000000000006
2025-05-01,TG000725ALSP,ANIO_ANTERIOR,0.0,0.0,0.0,0.0,0.16000000000000006
2025-05-01,TG000725ALTE,ANIO_ANTERIOR,0.0,0.0,18.0,18.0,0.11000000000000004
2025-05-01,TG000725ALTP,ANIO_ANTERIOR,80.5,0.0,2512.5,2432.0,0.020000000000000004
2025-05-01,TG000725ALVP,ANIO_ANTERIOR,0.0,0.0,0.0,0.0,0.16000000000000006
2025-05-01,TG000725ALWP,ANIO_ANTERIOR,0.0,0.0,0.0,0.0,0.16000000000000006
2025-05-01,TG000725ALYE,ANIO_ANTERIOR,0.0,0.0,403.0,403.0,0.11000000000000004
2025-05-01,TG000725ALYP,ANIO_ANTERIOR,102.0,0.0,464.0,362.0,0.015000000000000001
2025-05-01,TG000725ARAE,ANIO_ANTERIOR,0.0,0.0,0.0,0.0,0.16000000000000006
2025-05-01,TG000725ARAP,ANIO_ANTERIOR,0.0,0.0,0.0,0.0,0.16000000000000006
2025-05-01,TG000725ARAP1,ANIO_ANTERIOR,0.0,0.0,500.0,500.0,0.010000000000000016
2025-05-01,TG000725ARAP2,ANIO_ANTERIOR,0.0,0.0,9.0,9.0,0.11000000000000004
2025-05-01,TG000725ARFP,ANIO_ANTERIOR,0.0,0.0,0.0,0.0,0.16000000000000006
2025-05-01,TG000725ARIP,ANIO_ANTERIOR,0.0,0.0,0.0,0.0,0.16000000000000006
2025-05-01,TG000725ARME,ANIO_ANTERIOR,0.0,0.0,0.0,0.0,0.16000000000000006
2025-05-01,TG000725ARMP,ANIO_ANTERIOR,0.0,0.0,0.0,0.0,0.16000000000000006
2025-05-01,TG000725ARMP1,ANIO_ANTERIOR,0.0,0.0,9.0,9.0,0.11000000000000004
2025-05-01,TG000725ARMP2,ANIO_ANTERIOR,0.0,0.0,730.0,730.0,0.010000000000000016
2025-05-01,TG000725ARQP,ANIO_ANTERIOR,0.0,0.0,0.0,0.0,0.16000000000000006
2025-05-01,TG000725ARRP,ANIO_ANTERIOR,0.0,0.0,0.0,0.0,0.16000000000000006
2025-05-01,TG000725ARRP1,ANIO_ANTERIOR,38.0,0.0,759.0,721.0,0.01
2025-05-01,TG000725ARRP2,ANIO_ANTERIOR,10.0,0.0,400.0,390.0,0.01
2025-05-01,TG000725ARSE,ANIO_ANTERIOR,0.0,0.0,0.0,0.0,0.16000000000000006
2025-05-01,TG000725ARSP,ANIO_ANTERIOR,0.0,0.0,0.0,0.0,0.16000000000000006
2025-05-01,TG000725ARTE,ANIO_ANTERIOR,16.0,0.0,33.0,17.0,0.025000000000000005
2025-05-01,TG000725ARTP,ANIO_ANTERIOR,0.0,0.0,3.0,3.0,0.11000000000000004
2025-05-01,TG000725ARVP,ANIO_ANTERIOR,0.0,0.0,0.0,0.0,0.16000000000000006
2025-05-01,TG000725ARWP,ANIO_ANTERIOR,0.0,0.0,0.0,0.0,0.16000000000000006
2025-05-01,TG000725ARYE,ANIO_ANTERIOR,0.0,0.0,0.0,0.0,0.16000000000000006
2025-05-01,TG000725ARYP,ANIO_ANTERIOR,0.0,0.0,0.0,0.0,0.16000000000000006
2025-05-01,TG000725SRMP,ANIO_ANTERIOR,0.0,0.0,46.0,46.0,0.11000000000000004
2025-05-01,TG000725SRRP,ANIO_ANTERIOR,0.0,0.0,61.5,61.5,0.060000000000000026
2025-05-01,TG000820ALRP,ANIO_ANTERIOR,3.0,0.0,6.0,3.0,0.11000000000000004
2025-05-01,TG000920CLDP,ANIO_ANTERIOR,0.0,0.0,48.0,48.0,0.11000000000000004
2025-05-01,TG000920CLJP,ANIO_ANTERIOR,0.0,0.0,6.0,6.0,0.11000000000000004
2025-05-01,TG000920CLPP,ANIO_ANTERIOR,23.0,0.0,145.0,122.0,0.05000000000000002
2025-05-01,TG000920CLRP,ANIO_ANTERIOR,0.0,0.0,0.0,0.0,0.16000000000000006
2025-05-01,TG001010ALRE,ANIO_ANTERIOR,0.0,0.0,0.0,0.0,0.16000000000000006
2025-05-01,TG001010ALTP,ANIO_ANTERIOR,0.0,0.0,2.0,2.0,0.11000000000000004
2025-05-01,TG001010ARAE,ANIO_ANTERIOR,0.0,0.0,1.0,1.0,0.11000000000000004
2025-05-01,TG001010ARQE,ANIO_ANTERIOR,0.0,0.0,0.0,0.0,0.16000000000000006
2025-05-01,TG001010ARRE,ANIO_ANTERIOR,0.0,0.0,0.0,0.0,0.16000000000000006
2025-05-01,TG001010ARRE1,ANIO_ANTERIOR,0.0,0.0,318.0,318.0,0.11000000000000004
2025-05-01,TG001010ARRE2,ANIO_ANTERIOR,40.0,0.0,110.0,70.0,0.11000000000000004
2025-05-01,TG001010ARRP,ANIO_ANTERIOR,0.0,0.0,0.0,0.0,0.16000000000000006
2025-05-01,TG001010ARRP1,ANIO_ANTERIOR,101.0,0.0,1354.0,1253.0,0.060000000000000026
2025-05-01,TG001010ARRP2,ANIO_ANTERIOR,10.0,0.0,253.0,243.0,0.060000000000000026
2025-05-01,TG001020ALAE,ANIO_ANTERIOR,0.0,0.0,0.0,0.0,0.16000000000000006
2025-05-01,TG001020ALAE1,ANIO_ANTERIOR,0.0,0.0,1443.0,1443.0,0.05500000000000002
2025-05-01,TG001020ALAE2,ANIO_ANTERIOR,12.0,0.0,484.0,472.0,0.015000000000000001
2025-05-01,TG001020ALAESR,ANIO_ANTERIOR,18.0,0.0,228.0,210.0,0.010000000000000016
2025-05-01,TG001020ALAP,ANIO_ANTERIOR,0.0,0.0,0.0,0.0,0.16000000000000006
2025-05-01,TG001020ALAP1,ANIO_ANTERIOR,1502.0,0.0,3086.0,1584.0,0.010000000000000016
2025-05-01,TG001020ALAP2,ANIO_ANTERIOR,3636.0,0.0,7272.0,3636.0,0.05500000000000002
2025-05-01,TG001020ALDE,ANIO_ANTERIOR,0.0,0.0,0.0,0.0,0.16000000000000006
2025-05-01,TG001020ALDE1,ANIO_ANTERIOR,116.0,0.0,1050.0,934.0,0.05000000000000002
2025-05-01,TG001020ALDE2,ANIO_ANTERIOR,0.0,0.0,1050.0,1050.0,0.025000000000000005
2025-05-01,TG001020ALDESR,ANIO_ANTERIOR,126.0,0.0,602.0,476.0,0.04000000000000001
2025-05-01,TG001020ALDP,ANIO_ANTERIOR,0.0,0.0,0.0,0.0,0.16000000000000006
2025-05-01,TG001020ALDP1,ANIO_ANTERIOR,101.0,0.0,3670.0,3569.0,0.05500000000000002
2025-05-01,TG001020ALDP2,ANIO_ANTERIOR,860.0,0.0,1918.0,1058.0,0.015000000000000001
2025-05-01,TG001020ALFP,ANIO_ANTERIOR,0.0,0.0,0.0,0.0,0.16000000000000006
2025-05-01,TG001020ALJE,ANIO_ANTERIOR,0.0,0.0,1.0,1.0,0.11000000000000004
2025-05-01,TG001020ALME,ANIO_ANTERIOR,0.0,0.0,0.0,0.0,0.16000000000000006
2025-05-01,TG001020ALME1,ANIO_ANTERIOR,0.0,0.0,64.0,64.0,0.11000000000000004
2025-05-01,TG001020ALME2,ANIO_ANTERIOR,0.0,0.0,18.0,18.0,0.11000000000000004
2025-05-01,TG001020ALMP,ANIO_ANTERIOR,0.0,0.0,0.0,0.0,0.16000000000000006
2025-05-01,TG001020ALMP1,ANIO_ANTERIOR,6.0,0.0,1480.0,1474.0,0.11000000000000004
2025-05-01,TG001020ALMP2,ANIO_ANTERIOR,10.0,0.0,1409.0,1399.0,0.025000000000000005
2025-05-01,TG001020ALRE,ANIO_ANTERIOR,0.0,0.0,0.0,0.0,0.16000000000000006
2025-05-01,TG001020ALRE1,ANIO_ANTERIOR,440.0,0.0,3527.0,3087.0,0.060000000000000026
2025-05-01,TG001020ALRE2,ANIO_ANTERIOR,43.0,0.0,2134.0,2091.0,0.05000000000000002
2025-05-01,TG001020ALRESR,ANIO_ANTERIOR,800.0,0.0,3900.0,3100.0,0.11000000000000004
2025-05-01,TG001020ALRP,ANIO_ANTERIOR,0.0,0.0,0.0,0.0,0.16000000000000006
2025-05-01,TG001020ALRP1,ANIO_ANTERIOR,2320.0,0.0,13685.0,11365.0,0.11000000000000004
2025-05-01,TG001020ALRP2,ANIO_ANTERIOR,4273.0,0.0,9377.0,5104.0,0.04000000000000001
2025-05-01,TG001020ALRX,ANIO_ANTERIOR,0.0,0.0,2016.0,2016.0,0.060000000000000026
2025-05-01,TG001020ALYP,ANIO_ANTERIOR,0.0,0.0,165.0,165.0,0.01
2025-05-01,TG001020CLAE,ANIO_ANTERIOR,0.0,0.0,0.0,0.0,0.16000000000000006
2025-05-01,TG001020CLAP,ANIO_ANTERIOR,9.0,0.0,105.0,96.0,0.060000000000000026
2025-05-01,TG001020CLRE,ANIO_ANTERIOR,0.0,0.0,0.0,0.0,0.16000000000000006
2025-05-01,TG001020CLRE1,ANIO_ANTERIOR,0.0,0.0,52.0,52.0,0.11000000000000004
2025-05-01,TG001020CLRP,ANIO_ANTERIOR,0.0,0.0,508.0,508.0,0.060000000000000026
2025-05-01,TG001020CLRP1,ANIO_ANTERIOR,84.0,0.0,479.0,395.0,0.04500000000000001
2025-05-01,TG001020CLRP2,ANIO_ANTERIOR,0.0,0.0,100.0,100.0,0.11000000000000004
2025-05-01,TG001515BLRP,ANIO_ANTERIOR,0.0,0.0,488.0,488.0,0.11000000000000004
2025-05-01,TG001515BLRP1,ANIO_ANTERIOR,0.0,0.0,488.0,488.0,0.11000000000000004
2025-05-01,TG002020BLAE,ANIO_ANTERIOR,0.0,0.0,0.0,0.0,0.16000000000000006
2025-05-01,TG002020BLAP,ANIO_ANTERIOR,0.0,0.0,0.0,0.0,0.16000000000000006
2025-05-01,TG002020BLRE,ANIO_ANTERIOR,0.0,0.0,0.0,0.0,0.16000000000000006
2025-05-01,TG002020BLRP,ANIO_ANTERIOR,0.0,0.0,0.0,0.0,0.16000000000000006
2025-05-01,TG002020CLAE,ANIO_ANTERIOR,0.0,0.0,0.0,0.0,0.16000000000000006
2025-05-01,TG002020CLAP,ANIO_ANTERIOR,0.0,0.0,25.0,25.0,0.060000000000000026
2025-05-01,TG002020CLCP,ANIO_ANTERIOR,0.0,0.0,0.0,0.0,0.16000000000000006
2025-05-01,TG002020CLJB,ANIO_ANTERIOR,0.0,0.0,0.0,0.0,0.16000000000000006
2025-05-01,TG002020CLRP,ANIO_ANTERIOR,0.0,0.0,240.0,240.0,0.01
2025-05-01,TG002025CLAE,ANIO_ANTERIOR,0.0,0.0,0.0,0.0,0.16000000000000006
2025-05-01,TG002025CLAP,ANIO_ANTERIOR,14.0,0.0,71.0,57.0,0.060000000000000026
2025-05-01,TG002025CLCP,ANIO_ANTERIOR,0.0,0.0,0.0,0.0,0.16000000000000006
2025-05-01,TG002025CLRE,ANIO_ANTERIOR,4.0,0.0,130.0,126.0,0.11000000000000004
2025-05-01,TG002025CLRP,ANIO_ANTERIOR,0.0,0.0,176.0,176.0,0.04000000000000001
2025-05-01,TG002525CLAP,ANIO_ANTERIOR,0.0,0.0,0.0,0.0,0.16000000000000006
2025-05-01,TG003122JLME,ANIO_ANTERIOR,0.0,0.0,6.0,6.0,0.11000000000000004
2025-05-01,TG00314NGU1P,ANIO_ANTERIOR,0.0,0.0,1.0,1.0,0.11000000000000004
2025-05-01,TG00314NGU2P,ANIO_ANTERIOR,0.0,0.0,0.0,0.0,0.16000000000000006
2025-05-01,TG00314NSE1P,ANIO_ANTERIOR,0.0,0.0,0.0,0.0,0.16000000000000006
2025-05-01,TG00314NSE2P,ANIO_ANTERIOR,0.0,0.0,0.0,0.0,0.16000000000000006
2025-05-01,TG00314NSE3P,ANIO_ANTERIOR,0.0,0.0,0.0,0.0,0.16000000000000006
2025-05-01,TG00505T044P,ANIO_ANTERIOR,0.0,0.0,0.0,0.0,0.16000000000000006
2025-05-01,TG00707T043P,ANIO_ANTERIOR,0.0,0.0,0.0,0.0,0.16000000000000006
2025-05-01,TG00714N101P,ANIO_ANTERIOR,0.0,0.0,0.0,0.0,0.16000000000000006
2025-05-01,TG00714N102P,ANIO_ANTERIOR,0.0,0.0,0.0,0.0,0.16000000000000006
2025-05-01,TG00714N103P,ANIO_ANTERIOR,0.0,0.0,0.0,0.0,0.16000000000000006
2025-05-01,TG00714N201P,ANIO_ANTERIOR,0.0,0.0,1.0,1.0,0.11000000000000004
2025-05-01,TG00714N202P,ANIO_ANTERIOR,0.0,0.0,0.0,0.0,0.16000000000000006
2025-05-01,TG00714N203P,ANIO_ANTERIOR,0.0,0.0,0.0,0.0,0.16000000000000006
2025-05-01,TG00714N301E,ANIO_ANTERIOR,0.0,0.0,1.0,1.0,0.11000000000000004
2025-05-01,TG00714N301P,ANIO_ANTERIOR,0.0,0.0,0.0,0.0,0.16000000000000006
2025-05-01,TG00714N302P,ANIO_ANTERIOR,0.0,0.0,0.0,0.0,0.16000000000000006
2025-05-01,TG00714N303P,ANIO_ANTERIOR,0.0,0.0,5.0,5.0,0.11000000000000004
2025-05-01,TG00714N401E,ANIO_ANTERIOR,0.0,0.0,0.0,0.0,0.16000000000000006
2025-05-01,TG00714N401P,ANIO_ANTERIOR,0.0,0.0,1.0,1.0,0.11000000000000004
2025-05-01,TG00714N402P,ANIO_ANTERIOR,0.0,0.0,0.0,0.0,0.16000000000000006
2025-05-01,TG00714N403P,ANIO_ANTERIOR,0.0,0.0,0.0,0.0,0.16000000000000006
2025-05-01,TG00714N501P,ANIO_ANTERIOR,0.0,0.0,1.0,1.0,0.11000000000000004
2025-05-01,TG00714N502P,ANIO_ANTERIOR,0.0,0.0,0.0,0.0,0.16000000000000006
2025-05-01,TG00714N503P,ANIO_ANTERIOR,0.0,0.0,0.0,0.0,0.16000000000000006
2025-05-01,TG00714N601E,ANIO_ANTERIOR,0.0,0.0,0.0,0.0,0.16000000000000006
2025-05-01,TG00714N601P,ANIO_ANTERIOR,0.0,0.0,0.0,0.0,0.16000000000000006
2025-05-01,TG00714N602P,ANIO_ANTERIOR,0.0,0.0,0.0,0.0,0.16000000000000006
2025-05-01,TG00714N603P,ANIO_ANTERIOR,0.0,0.0,0.0,0.0,0.16000000000000006
2025-05-01,TG00714N701E,ANIO_ANTERIOR,0.0,0.0,0.0,0.0,0.16000000000000006
2025-05-01,TG00714N701P,ANIO_ANTERIOR,0.0,0.0,0.0,0.0,0.16000000000000006
2025-05-01,TG00714N702P,ANIO_ANTERIOR,0.0,0.0,0.0,0.0,0.16000000000000006
2025-05-01,TG00714N703P,ANIO_ANTERIOR,0.0,0.0,0.0,0.0,0.16000000000000006
2025-05-01,TG00714N801E,ANIO_ANTERIOR,0.0,0.0,0.0,0.0,0.16000000000000006
2025-05-01,TG00714N801P,ANIO_ANTERIOR,0.0,0.0,0.0,0.0,0.16000000000000006
2025-05-01,TG00714N802P,ANIO_ANTERIOR,0.0,0.0,0.0,0.0,0.16000000000000006
2025-05-01,TG00714N803P,ANIO_ANTERIOR,0.0,0.0,0.0,0.0,0.16000000000000006
2025-05-01,TG00714NA01E,ANIO_ANTERIOR,0.0,0.0,2.0,2.0,0.060000000000000026
2025-05-01,TG00714NA01P,ANIO_ANTERIOR,0.0,0.0,0.0,0.0,0.16000000000000006
2025-05-01,TG00714NA02P,ANIO_ANTERIOR,0.0,0.0,0.0,0.0,0.16000000000000006
2025-05-01,TG00714NA03P,ANIO_ANTERIOR,0.0,0.0,1.0,1.0,0.11000000000000004
2025-05-01,TG00714NB01E,ANIO_ANTERIOR,0.0,0.0,0.0,0.0,0.16000000000000006
2025-05-01,TG00714NB01P,ANIO_ANTERIOR,0.0,0.0,0.0,0.0,0.16000000000000006
2025-05-01,TG00714NB02P,ANIO_ANTERIOR,0.0,0.0,0.0,0.0,0.16000000000000006
2025-05-01,TG00714NB03P,ANIO_ANTERIOR,0.0,0.0,1.0,1.0,0.11000000000000004
2025-05-01,TG00714NC01P,ANIO_ANTERIOR,0.0,0.0,0.0,0.0,0.16000000000000006
2025-05-01,TG00714NC02P,ANIO_ANTERIOR,0.0,0.0,0.0,0.0,0.16000000000000006
2025-05-01,TG00714NC03P,ANIO_ANTERIOR,0.0,0.0,0.0,0.0,0.16000000000000006
2025-05-01,TG00714ND01E,ANIO_ANTERIOR,0.0,0.0,0.0,0.0,0.16000000000000006
2025-05-01,TG00714ND01P,ANIO_ANTERIOR,0.0,0.0,1.0,1.0,0.11000000000000004
2025-05-01,TG00714ND02P,ANIO_ANTERIOR,0.0,0.0,0.0,0.0,0.16000000000000006
2025-05-01,TG00714ND03P,ANIO_ANTERIOR,0.0,0.0,0.0,0.0,0.16000000000000006
2025-05-01,TG00714NE01E,ANIO_ANTERIOR,0.0,0.0,3.0,3.0,0.060000000000000026
2025-05-01,TG00714NE01P,ANIO_ANTERIOR,0.0,0.0,0.0,0.0,0.16000000000000006
2025-05-01,TG00714NE02P,ANIO_ANTERIOR,0.0,0.0,0.0,0.0,0.16000000000000006
2025-05-01,TG00714NE03P,ANIO_ANTERIOR,0.0,0.0,0.0,0.0,0.16000000000000006
2025-05-01,TG00714NES3P,ANIO_ANTERIOR,0.0,0.0,0.0,0.0,0.16000000000000006
2025-05-01,TG00714NF01E,ANIO_ANTERIOR,0.0,0.0,0.0,0.0,0.16000000000000006
2025-05-01,TG00714NF01P,ANIO_ANTERIOR,0.0,0.0,2.0,2.0,0.11000000000000004
2025-05-01,TG00714NF02P,ANIO_ANTERIOR,0.0,0.0,0.0,0.0,0.16000000000000006
2025-05-01,TG00714NF03P,ANIO_ANTERIOR,0.0,0.0,0.0,0.0,0.16000000000000006
2025-05-01,TG00714NG01E,ANIO_ANTERIOR,0.0,0.0,2.0,2.0,0.11000000000000004
2025-05-01,TG00714NG01P,ANIO_ANTERIOR,0.0,0.0,0.0,0.0,0.16000000000000006
2025-05-01,TG00714NG02P,ANIO_ANTERIOR,0.0,0.0,0.0,0.0,0.16000000000000006
2025-05-01,TG00714NG03P,ANIO_ANTERIOR,0.0,0.0,0.0,0.0,0.16000000000000006
2025-05-01,TG00714NH01E,ANIO_ANTERIOR,0.0,0.0,1.0,1.0,0.11000000000000004
2025-05-01,TG00714NH01P,ANIO_ANTERIOR,0.0,0.0,0.0,0.0,0.16000000000000006
2025-05-01,TG00714NH02P,ANIO_ANTERIOR,0.0,0.0,0.0,0.0,0.16000000000000006
2025-05-01,TG00714NH03P,ANIO_ANTERIOR,0.0,0.0,1.0,1.0,0.11000000000000004
2025-05-01,TG00714NI01P,ANIO_ANTERIOR,0.0,0.0,1.0,1.0,0.11000000000000004
2025-05-01,TG00714NI02P,ANIO_ANTERIOR,0.0,0.0,0.0,0.0,0.16000000000000006
2025-05-01,TG00714NI03P,ANIO_ANTERIOR,0.0,0.0,0.0,0.0,0.16000000000000006
2025-05-01,TG00714NJ01E,ANIO_ANTERIOR,0.0,0.0,2.0,2.0,0.11000000000000004
2025-05-01,TG00714NJ01P,ANIO_ANTERIOR,0.0,0.0,0.0,0.0,0.16000000000000006
2025-05-01,TG00714NJ02P,ANIO_ANTERIOR,0.0,0.0,0.0,0.0,0.16000000000000006
2025-05-01,TG00714NJ03P,ANIO_ANTERIOR,0.0,0.0,0.0,0.0,0.16000000000000006
2025-05-01,TG00714NK01E,ANIO_ANTERIOR,0.0,0.0,0.0,0.0,0.16000000000000006
2025-05-01,TG00714NK01P,ANIO_ANTERIOR,0.0,0.0,1.0,1.0,0.11000000000000004
2025-05-01,TG00714NK02P,ANIO_ANTERIOR,0.0,0.0,0.0,0.0,0.16000000000000006
2025-05-01,TG00714NK03P,ANIO_ANTERIOR,0.0,0.0,0.0,0.0,0.16000000000000006
2025-05-01,TG00714NL01P,ANIO_ANTERIOR,0.0,0.0,0.0,0.0,0.16000000000000006
2025-05-01,TG00714NL02P,ANIO_ANTERIOR,0.0,0.0,0.0,0.0,0.16000000000000006
2025-05-01,TG00714NL03P,ANIO_ANTERIOR,0.0,0.0,0.0,0.0,0.16000000000000006
2025-05-01,TG00714NM01E,ANIO_ANTERIOR,0.0,0.0,0.0,0.0,0.16000000000000006
2025-05-01,TG00714NM01P,ANIO_ANTERIOR,0.0,0.0,1.0,1.0,0.11000000000000004
2025-05-01,TG00714NM03P,ANIO_ANTERIOR,0.0,0.0,0.0,0.0,0.16000000000000006
2025-05-01,TG00714NN01E,ANIO_ANTERIOR,0.0,0.0,0.0,0.0,0.16000000000000006
2025-05-01,TG00714NN01P,ANIO_ANTERIOR,0.0,0.0,1.0,1.0,0.11000000000000004
2025-05-01,TG00714NN02P,ANIO_ANTERIOR,0.0,0.0,0.0,0.0,0.16000000000000006
2025-05-01,TG00714NN03P,ANIO_ANTERIOR,0.0,0.0,0.0,0.0,0.16000000000000006
2025-05-01,TG00714NNN1E,ANIO_ANTERIOR,0.0,0.0,0.0,0.0,0.16000000000000006
2025-05-01,TG00714NNN1P,ANIO_ANTERIOR,0.0,0.0,0.0,0.0,0.16000000000000006
2025-05-01,TG00714NNN2P,ANIO_ANTERIOR,0.0,0.0,0.0,0.0,0.16000000000000006
2025-05-01,TG00714NO01P,ANIO_ANTERIOR,0.0,0.0,1.0,1.0,0.11000000000000004
2025-05-01,TG00714NO02P,ANIO_ANTERIOR,0.0,0.0,0.0,0.0,0.16000000000000006
2025-05-01,TG00714NO03P,ANIO_ANTERIOR,0.0,0.0,0.0,0.0,0.16000000000000006
2025-05-01,TG00714NP01E,ANIO_ANTERIOR,0.0,0.0,0.0,0.0,0.16000000000000006
2025-05-01,TG00714NP01P,ANIO_ANTERIOR,0.0,0.0,2.0,2.0,0.060000000000000026
2025-05-01,TG00714NP02P,ANIO_ANTERIOR,0.0,0.0,0.0,0.0,0.16000000000000006
2025-05-01,TG00714NP03P,ANIO_ANTERIOR,0.0,0.0,0.0,0.0,0.16000000000000006
2025-05-01,TG00714NQ01E,ANIO_ANTERIOR,0.0,0.0,0.0,0.0,0.16000000000000006
2025-05-01,TG00714NQ01P,ANIO_ANTERIOR,0.0,0.0,0.0,0.0,0.16000000000000006
2025-05-01,TG00714NQ02P,ANIO_ANTERIOR,0.0,0.0,0.0,0.0,0.16000000000000006
2025-05-01,TG00714NR01P,ANIO_ANTERIOR,0.0,0.0,3.0,3.0,0.060000000000000026
2025-05-01,TG00714NR02P,ANIO_ANTERIOR,0.0,0.0,0.0,0.0,0.16000000000000006
2025-05-01,TG00714NS01E,ANIO_ANTERIOR,0.0,0.0,0.0,0.0,0.16000000000000006
2025-05-01,TG00714NS01P,ANIO_ANTERIOR,0.0,0.0,0.0,0.0,0.16000000000000006
2025-05-01,TG00714NS02P,ANIO_ANTERIOR,0.0,0.0,0.0,0.0,0.16000000000000006
2025-05-01,TG00714NT01E,ANIO_ANTERIOR,0.0,0.0,0.0,0.0,0.16000000000000006
2025-05-01,TG00714NT01P,ANIO_ANTERIOR,0.0,0.0,0.0,0.0,0.16000000000000006
2025-05-01,TG00714NT02P,ANIO_ANTERIOR,0.0,0.0,3.0,3.0,0.11000000000000004
2025-05-01,TG00714NT03P,ANIO_ANTERIOR,0.0,0.0,0.0,0.0,0.16000000000000006
2025-05-01,TG00714NU01E,ANIO_ANTERIOR,0.0,0.0,0.0,0.0,0.16000000000000006
2025-05-01,TG00714NU01P,ANIO_ANTERIOR,0.0,0.0,1.0,1.0,0.11000000000000004
2025-05-01,TG00714NU02P,ANIO_ANTERIOR,0.0,0.0,0.0,0.0,0.16000000000000006
2025-05-01,TG00714NU03P,ANIO_ANTERIOR,0.0,0.0,0.0,0.0,0.16000000000000006
2025-05-01,TG00714NV01E,ANIO_ANTERIOR,0.0,0.0,0.0,0.0,0.16000000000000006
2025-05-01,TG00714NV01P,ANIO_ANTERIOR,0.0,0.0,0.0,0.0,0.16000000000000006
2025-05-01,TG00714NV02P,ANIO_ANTERIOR,0.0,0.0,0.0,0.0,0.16000000000000006
2025-05-01,TG00714NV03P,ANIO_ANTERIOR,0.0,0.0,0.0,0.0,0.16000000000000006
2025-05-01,TG00714NW01E,ANIO_ANTERIOR,0.0,0.0,0.0,0.0,0.16000000000000006
2025-05-01,TG00714NW01P,ANIO_ANTERIOR,0.0,0.0,0.0,0.0,0.16000000000000006
2025-05-01,TG00714NW02P,ANIO_ANTERIOR,0.0,0.0,0.0,0.0,0.16000000000000006
2025-05-01,TG00714NX01E,ANIO_ANTERIOR,0.0,0.0,0.0,0.0,0.16000000000000006
2025-05-01,TG00714NX01P,ANIO_ANTERIOR,0.0,0.0,0.0,0.0,0.16000000000000006
2025-05-01,TG00714NX03P,ANIO_ANTERIOR,0.0,0.0,0.0,0.0,0.16000000000000006
2025-05-01,TG00714NY01E,ANIO_ANTERIOR,0.0,0.0,0.0,0.0,0.16000000000000006
2025-05-01,TG00714NY01P,ANIO_ANTERIOR,0.0,0.0,3.0,3.0,0.060000000000000026
2025-05-01,TG00714NY02P,ANIO_ANTERIOR,0.0,0.0,0.0,0.0,0.16000000000000006
2025-05-01,TG00714NZ01E,ANIO_ANTERIOR,0.0,0.0,0.0,0.0,0.16000000000000006
2025-05-01,TG00714NZ01P,ANIO_ANTERIOR,0.0,0.0,1.0,1.0,0.11000000000000004
2025-05-01,TG00714NZ02P,ANIO_ANTERIOR,0.0,0.0,0.0,0.0,0.16000000000000006
2025-05-01,TG00725CVFIP,ANIO_ANTERIOR,0.0,0.0,0.0,0.0,0.16000000000000006
2025-05-01,TG00920G030P,ANIO_ANTERIOR,0.0,0.0,0.0,0.0,0.16000000000000006
2025-05-01,TG01010T003P,ANIO_ANTERIOR,0.0,0.0,0.0,0.0,0.16000000000000006
2025-05-01,TG01010T005P,ANIO_ANTERIOR,0.0,0.0,100.0,100.0,0.11000000000000004
2025-05-01,TG01010T011P,ANIO_ANTERIOR,0.0,0.0,0.0,0.0,0.16000000000000006
2025-05-01,TG01010T015P,ANIO_ANTERIOR,0.0,0.0,200.0,200.0,0.11000000000000004
2025-05-01,TG01010T017P,ANIO_ANTERIOR,0.0,0.0,0.0,0.0,0.16000000000000006
2025-05-01,TG01010T018P,ANIO_ANTERIOR,0.0,0.0,0.0,0.0,0.16000000000000006
2025-05-01,TG01010T019P,ANIO_ANTERIOR,0.0,0.0,0.0,0.0,0.16000000000000006
2025-05-01,TG01010T026P,ANIO_ANTERIOR,0.0,0.0,4.0,4.0,0.11000000000000004
2025-05-01,TG01010T036P,ANIO_ANTERIOR,0.0,0.0,0.0,0.0,0.16000000000000006
2025-05-01,TG01010T037P,ANIO_ANTERIOR,0.0,0.0,0.0,0.0,0.16000000000000006
2025-05-01,TG01010T041P,ANIO_ANTERIOR,0.0,0.0,0.0,0.0,0.16000000000000006
2025-05-01,TG01010T052P,ANIO_ANTERIOR,0.0,0.0,0.0,0.0,0.16000000000000006
2025-05-01,TG01010T053P,ANIO_ANTERIOR,0.0,0.0,0.0,0.0,0.16000000000000006
2025-05-01,TG01010T054P,ANIO_ANTERIOR,0.0,0.0,0.0,0.0,0.16000000000000006
2025-05-01,TG01010T060P,ANIO_ANTERIOR,0.0,0.0,0.0,0.0,0.16000000000000006
2025-05-01,TG01010T062P,ANIO_ANTERIOR,0.0,0.0,0.0,0.0,0.16000000000000006
2025-05-01,TG01010T063P,ANIO_ANTERIOR,0.0,0.0,0.0,0.0,0.16000000000000006
2025-05-01,TG01010T066P,ANIO_ANTERIOR,0.0,0.0,60.0,60.0,0.060000000000000026
2025-05-01,TG01010T067P,ANIO_ANTERIOR,0.0,0.0,0.0,0.0,0.16000000000000006
2025-05-01,TG01010T090P,ANIO_ANTERIOR,0.0,0.0,0.0,0.0,0.16000000000000006
2025-05-01,TG01010T091P,ANIO_ANTERIOR,0.0,0.0,0.0,0.0,0.16000000000000006
2025-05-01,TG01010T092P,ANIO_ANTERIOR,0.0,0.0,10.0,10.0,0.06000000000000003
2025-05-01,TG01010T093P,ANIO_ANTERIOR,0.0,0.0,10.0,10.0,0.11000000000000004
2025-05-01,TG01010T094P,ANIO_ANTERIOR,0.0,0.0,0.0,0.0,0.16000000000000006
2025-05-01,TG01010T095P,ANIO_ANTERIOR,0.0,0.0,10.0,10.0,0.06000000000000003
2025-05-01,TG01010T096P,ANIO_ANTERIOR,0.0,0.0,0.0,0.0,0.16000000000000006
2025-05-01,TG01010T098P,ANIO_ANTERIOR,0.0,0.0,18.0,18.0,0.11000000000000004
2025-05-01,TG01010T115P,ANIO_ANTERIOR,0.0,0.0,0.0,0.0,0.16000000000000006
2025-05-01,TG01010T116P,ANIO_ANTERIOR,0.0,0.0,0.0,0.0,0.16000000000000006
2025-05-01,TG01010T117P,ANIO_ANTERIOR,0.0,0.0,0.0,0.0,0.16000000000000006
2025-05-01,TG01010TBIRP,ANIO_ANTERIOR,0.0,0.0,700.0,700.0,0.11000000000000004
2025-05-01,TG01010TRFIP,ANIO_ANTERIOR,0.0,0.0,0.0,0.0,0.16000000000000006
2025-05-01,TG01020C005P,ANIO_ANTERIOR,0.0,0.0,0.0,0.0,0.16000000000000006
2025-05-01,TG01020C006P,ANIO_ANTERIOR,0.0,0.0,0.0,0.0,0.16000000000000006
2025-05-01,TG01020C011P,ANIO_ANTERIOR,0.0,0.0,0.0,0.0,0.16000000000000006
2025-05-01,TG01020C013P,ANIO_ANTERIOR,0.0,0.0,0.0,0.0,0.16000000000000006
2025-05-01,TG01020C016P,ANIO_ANTERIOR,0.0,0.0,0.0,0.0,0.16000000000000006
2025-05-01,TG01020C023P,ANIO_ANTERIOR,0.0,0.0,0.0,0.0,0.16000000000000006
2025-05-01,TG01020C026P,ANIO_ANTERIOR,0.0,0.0,0.0,0.0,0.16000000000000006
2025-05-01,TG010624ELAP,ANIO_ANTERIOR,0.0,0.0,8238.0,8238.0,0.010000000000000016
2025-05-01,TG010624ELMP,ANIO_ANTERIOR,0.0,0.0,8400.0,8400.0,0.11000000000000004
2025-05-01,TG010624ELRP,ANIO_ANTERIOR,6.0,0.0,4174.0,4168.0,0.04500000000000001
2025-05-01,TG021020DRAP1,ANIO_ANTERIOR,280.0,0.0,8780.0,8500.0,0.11000000000000004
2025-05-01,TG021020DRMP1,ANIO_ANTERIOR,0.0,0.0,49.0,49.0,0.11000000000000004
2025-05-01,TG021020DRRP1,ANIO_ANTERIOR,4615.0,0.0,26369.0,21754.0,0.060000000000000026
2025-05-01,TG021020DRRP2,ANIO_ANTERIOR,0.0,0.0,5700.0,5700.0,0.060000000000000026
2025-05-01,TG031020DRAP,ANIO_ANTERIOR,0.0,0.0,1080.0,1080.0,0.060000000000000026
2025-05-01,TG03232E501P,ANIO_ANTERIOR,0.0,0.0,0.0,0.0,0.16000000000000006
2025-05-01,TG03232E504P,ANIO_ANTERIOR,0.0,0.0,0.0,0.0,0.16000000000000006
2025-05-01,TG03232E505P,ANIO_ANTERIOR,0.0,0.0,0.0,0.0,0.16000000000000006
2025-05-01,TG03232E509P,ANIO_ANTERIOR,0.0,0.0,0.0,0.0,0.16000000000000006
2025-05-01,TG03232E510P,ANIO_ANTERIOR,0.0,0.0,0.0,0.0,0.16000000000000006
2025-05-01,TG03232E511P,ANIO_ANTERIOR,0.0,0.0,0.0,0.0,0.16000000000000006
2025-05-01,TG041020DRAP2,ANIO_ANTERIOR,0.0,0.0,1300.0,1300.0,0.11000000000000004
2025-05-01,TG041020DRMP1,ANIO_ANTERIOR,0.0,0.0,2600.0,2600.0,0.11000000000000004
2025-05-01,TG041020DRMP2,ANIO_ANTERIOR,0.0,0.0,200.0,200.0,0.11000000000000004
2025-05-01,TG041020DRRP1,ANIO_ANTERIOR,39038.0,0.0,129563.0,90525.0,0.025000000000000005
2025-05-01,TG041020DRRP2,ANIO_ANTERIOR,0.0,0.0,8644.0,8644.0,0.035
2025-05-01,TG051020DRAP,ANIO_ANTERIOR,0.0,0.0,16.0,16.0,0.11000000000000004
2025-05-01,TG051020DRMP,ANIO_ANTERIOR,0.0,0.0,2750.0,2750.0,0.11000000000000004
2025-05-01,TG051239HVAC,ANIO_ANTERIOR,0.0,0.0,0.0,0.0,0.16000000000000006
2025-05-01,TG051239HVAP,ANIO_ANTERIOR,0.0,0.0,2850.0,2850.0,0.060000000000000026
2025-05-01,TG051239HVMC,ANIO_ANTERIOR,0.0,0.0,0.0,0.0,0.16000000000000006
2025-05-01,TG051239HVMP,ANIO_ANTERIOR,0.0,0.0,5945.0,5945.0,0.060000000000000026
2025-05-01,TG051439HVAC,ANIO_ANTERIOR,0.0,0.0,4600.0,4600.0,0.020000000000000004
2025-05-01,TG051439HVAP,ANIO_ANTERIOR,9000.0,0.0,18147.0,9147.0,0.060000000000000026
2025-05-01,TG051439HVMP,ANIO_ANTERIOR,0.0,0.0,42.0,42.0,0.11000000000000004
2025-05-01,TG051439HVTP,ANIO_ANTERIOR,0.0,0.0,0.0,0.0,0.16000000000000006
2025-05-01,TG051439LVAC,ANIO_ANTERIOR,0.0,0.0,0.0,0.0,0.16000000000000006
2025-05-01,TG061020DAAP,ANIO_ANTERIOR,0.0,0.0,0.0,0.0,0.16000000000000006
2025-05-01,TG061020DGAP,ANIO_ANTERIOR,0.0,0.0,0.0,0.0,0.16000000000000006
2025-05-01,TG061020DRRP1,ANIO_ANTERIOR,340.0,0.0,8590.0,8250.0,0.060000000000000026
2025-05-01,TG061214LLAP,ANIO_ANTERIOR,0.0,0.0,20.0,20.0,0.11000000000000004
2025-05-01,TG061216CLLP,ANIO_ANTERIOR,0.0,0.0,1100.0,1100.0,0.11000000000000004
2025-05-01,TG061224LVAB,ANIO_ANTERIOR,0.0,0.0,5730.0,5730.0,0.015000000000000001
2025-05-01,TG061224LVAC,ANIO_ANTERIOR,0.0,0.0,2000.0,2000.0,0.060000000000000026
2025-05-01,TG061224LVAP,ANIO_ANTERIOR,660.0,0.0,18990.0,18330.0,0.020000000000000004
2025-05-01,TG061224LVGB,ANIO_ANTERIOR,0.0,0.0,0.0,0.0,0.16000000000000006
2025-05-01,TG061224LVGC,ANIO_ANTERIOR,0.0,0.0,0.0,0.0,0.16000000000000006
2025-05-01,TG061224LVGP,ANIO_ANTERIOR,0.0,0.0,0.0,0.0,0.16000000000000006
2025-05-01,TG061224LVMB,ANIO_ANTERIOR,0.0,0.0,150.0,150.0,0.11000000000000004
2025-05-01,TG061224LVMC,ANIO_ANTERIOR,0.0,0.0,0.0,0.0,0.16000000000000006
2025-05-01,TG061224LVMP,ANIO_ANTERIOR,0.0,0.0,3000.0,3000.0,0.11000000000000004
2025-05-01,TG061224LVRC,ANIO_ANTERIOR,0.0,0.0,0.0,0.0,0.16000000000000006
2025-05-01,TG061224LVRP,ANIO_ANTERIOR,0.0,0.0,0.0,0.0,0.16000000000000006
2025-05-01,TG061225LVLC,ANIO_ANTERIOR,389.0,0.0,989.0,600.0,0.06000000000000003
2025-05-01,TG061225LVLP,ANIO_ANTERIOR,0.0,0.0,0.0,0.0,0.16000000000000006
2025-05-01,TG061226LLAP,ANIO_ANTERIOR,0.0,0.0,0.0,0.0,0.16000000000000006
2025-05-01,TG061226LPAP,ANIO_ANTERIOR,0.0,0.0,0.0,0.0,0.16000000000000006
2025-05-01,TG061430LVAB,ANIO_ANTERIOR,0.0,0.0,0.0,0.0,0.16000000000000006
2025-05-01,TG061430LVAP,ANIO_ANTERIOR,2128.0,0.0,9982.0,7854.0,0.010000000000000016
2025-05-01,TG082380QHRC,ANIO_ANTERIOR,0.0,0.0,5830.0,5830.0,0.01
2025-05-01,TG082380QHRP,ANIO_ANTERIOR,0.0,0.0,73751.0,73751.0,0.015000000000000001
2025-05-01,TG092020CLAE,ANIO_ANTERIOR,0.0,0.0,0.0,0.0,0.16000000000000006
2025-05-01,TG092020CLAP,ANIO_ANTERIOR,165.0,0.0,511.0,346.0,0.035
2025-05-01,TG092020CLRE,ANIO_ANTERIOR,0.0,0.0,340.0,340.0,0.11000000000000004
2025-05-01,TG092020CLRP,ANIO_ANTERIOR,134.0,0.0,447.0,313.0,0.11000000000000004
2025-05-01,TG120620DRRP,ANIO_ANTERIOR,0.0,0.0,82.0,82.0,0.060000000000000026
2025-05-01,TG121006CCAP,ANIO_ANTERIOR,0.0,0.0,0.0,0.0,0.16000000000000006
2025-05-01,TG121206DRRP,ANIO_ANTERIOR,2026.0,0.0,11066.0,9040.0,0.025000000000000005
2025-05-01,TG191910CCAP,ANIO_ANTERIOR,0.0,0.0,194.0,194.0,0.01
2025-05-01,TG201220LVRP,ANIO_ANTERIOR,0.0,0.0,2100.0,2100.0,0.11000000000000004
2025-05-01,TG201240LVRP,ANIO_ANTERIOR,0.0,0.0,7128.0,7128.0,0.010000000000000023
2025-05-01,TG2945TRLRRP,ANIO_ANTERIOR,0.0,0.0,19464.0,19464.0,0.060000000000000026
2025-05-01,TG3422TZLMMP,ANIO_ANTERIOR,0.0,0.0,0.0,0.0,0.16000000000000006
2025-05-01,TG3422TZLMMP1,ANIO_ANTERIOR,60.0,0.0,907.0,847.0,0.06000000000000003
2025-05-01,TG3422TZLMMP2,ANIO_ANTERIOR,1051.0,0.0,2102.0,1051.0,0.05500000000000002
2025-05-01,TG3422TZLRRP,ANIO_ANTERIOR,0.0,0.0,0.0,0.0,0.16000000000000006
2025-05-01,TG3422TZLRRP1,ANIO_ANTERIOR,0.0,0.0,400.0,400.0,0.025000000000000005
2025-05-01,TG3920TCLMMP,ANIO_ANTERIOR,0.0,0.0,0.0,0.0,0.16000000000000006
2025-05-01,TG3920TCLMMP2,ANIO_ANTERIOR,470.0,0.0,1318.0,848.0,0.010000000000000016
2025-05-01,TG3920TCLRRP,ANIO_ANTERIOR,0.0,0.0,0.0,0.0,0.16000000000000006
2025-05-01,TG3920TCLRRP1,ANIO_ANTERIOR,0.0,0.0,302.0,302.0,0.025000000000000005
2025-05-01,TGCONTROL01,ANIO_ANTERIOR,0.0,0.0,0.0,0.0,0.16000000000000006
2025-05-01,TGENSAYO0001,ANIO_ANTERIOR,0.0,0.0,0.0,0.0,0.16000000000000006
2025-05-01,TGENSAYO0002,ANIO_ANTERIOR,0.0,0.0,0.0,0.0,0.16000000000000006
2025-05-01,TGENSAYO0003,ANIO_ANTERIOR,0.0,0.0,0.0,0.0,0.16000000000000006
2025-05-01,TGENSAYO0004,ANIO_ANTERIOR,0.0,0.0,0.0,0.0,0.16000000000000006
2025-05-01,TGENSAYO0005,ANIO_ANTERIOR,0.0,0.0,534.0,534.0,0.11000000000000004
2025-05-01,TGENSAYO0006,ANIO_ANTERIOR,0.0,0.0,0.0,0.0,0.16000000000000006
2025-05-01,TGENSAYO0007,ANIO_ANTERIOR,0.0,0.0,0.0,0.0,0.16000000000000006
2025-05-01,TGENSAYO0008,ANIO_ANTERIOR,0.0,0.0,0.0,0.0,0.16000000000000006
2025-05-01,TGENSAYO0011,ANIO_ANTERIOR,0.0,0.0,0.0,0.0,0.16000000000000006
2025-05-01,TGENSAYO0012,ANIO_ANTERIOR,0.0,0.0,0.0,0.0,0.16000000000000006
2025-05-01,TGENSAYO0013,ANIO_ANTERIOR,0.0,0.0,34800.0,34800.0,0.060000000000000026
2025-05-01,TGENSAYO00130,ANIO_ANTERIOR,0.0,0.0,52.0,52.0,0.060000000000000026
2025-05-01,TGENSAYO0014,ANIO_ANTERIOR,0.0,0.0,8578.0,8578.0,0.060000000000000026
2025-05-01,TGENSAYO0015,ANIO_ANTERIOR,0.0,0.0,52806.0,52806.0,0.025000000000000005
2025-05-01,TGENSAYO0018,ANIO_ANTERIOR,0.0,0.0,0.0,0.0,0.16000000000000006
2025-05-01,TGENSAYO0021,ANIO_ANTERIOR,350.0,0.0,10849.0,10499.0,0.030000000000000006
2025-05-01,TGENSAYO0028,ANIO_ANTERIOR,0.0,0.0,5316.0,5316.0,0.11000000000000004
2025-05-01,TGENSAYO0029,ANIO_ANTERIOR,0.0,0.0,1300.0,1300.0,0.11000000000000004
2025-05-01,TGENSAYO0030,ANIO_ANTERIOR,0.0,0.0,1050.0,1050.0,0.11000000000000004
2025-05-01,TGENSAYO0034,ANIO_ANTERIOR,0.0,0.0,225.0,225.0,0.11000000000000004
2025-05-01,TGENSAYO0035,ANIO_ANTERIOR,1775.0,0.0,3550.0,1775.0,0.11000000000000004
2025-05-01,TGENSAYO0036,ANIO_ANTERIOR,5424.0,0.0,12300.0,6876.0,0.05000000000000002
2025-05-01,TGENSAYO0038,ANIO_ANTERIOR,198.2,0.0,410.2,212.0,0.015000000000000001
2025-05-01,TGENSAYO0039,ANIO_ANTERIOR,0.0,0.0,9350.0,9350.0,0.020000000000000004
2025-05-01,TGENSAYO0040,ANIO_ANTERIOR,0.0,0.0,7448.0,7448.0,0.060000000000000026
2025-05-01,TGENSAYO0041,ANIO_ANTERIOR,0.0,0.0,2200.0,2200.0,0.11000000000000004
2025-05-01,TGENSAYO0043,ANIO_ANTERIOR,17.0,0.0,452.0,435.0,0.060000000000000026
2025-05-01,TGENSAYO0044,ANIO_ANTERIOR,9.0,0.0,334.0,325.0,0.060000000000000026
2025-05-01,TGENSAYO0045,ANIO_ANTERIOR,110.0,0.0,223.0,113.0,0.060000000000000026
2025-05-01,TGENSAYO0054,ANIO_ANTERIOR,0.0,0.0,4.0,4.0,0.11000000000000004
2025-05-01,TGENSAYO0059,ANIO_ANTERIOR,0.0,0.0,0.0,0.0,0.16000000000000006
2025-05-01,TGENSAYO0063,ANIO_ANTERIOR,0.0,0.0,115.0,115.0,0.11000000000000004
2025-05-01,TGENSAYO0064,ANIO_ANTERIOR,0.0,0.0,0.0,0.0,0.16000000000000006
2025-05-01,TGENSAYO0090,ANIO_ANTERIOR,0.0,0.0,0.0,0.0,0.16000000000000006
2025-05-01,TGENSAYO0121,ANIO_ANTERIOR,0.0,0.0,14.0,14.0,0.11000000000000004
2025-05-01,TGENSAYO0122,ANIO_ANTERIOR,0.0,0.0,70.0,70.0,0.11000000000000004
2025-05-01,TGENSAYO0123,ANIO_ANTERIOR,0.0,0.0,11.0,11.0,0.11000000000000004
2025-05-01,TGENSAYO0124,ANIO_ANTERIOR,5.0,0.0,32.0,27.0,0.015000000000000001
2025-05-01,TGENSAYO0125,ANIO_ANTERIOR,0.0,0.0,37.0,37.0,0.06000000000000003
2025-05-01,TGENSAYO0126,ANIO_ANTERIOR,0.0,0.0,20.0,20.0,0.060000000000000026
2025-05-01,TGENSAYO0128,ANIO_ANTERIOR,0.0,0.0,14.0,14.0,0.11000000000000004
2025-05-01,TGENSAYO0134,ANIO_ANTERIOR,0.0,0.0,6.0,6.0,0.060000000000000026
2025-05-01,TGENSAYO0135,ANIO_ANTERIOR,57.0,0.0,157.0,100.0,0.060000000000000026
2025-05-01,TT000624ELRP,ANIO_ANTERIOR,0.0,0.0,11126.0,11126.0,0.060000000000000026
2025-05-01,TT052525CLRC,ANIO_ANTERIOR,0.0,0.0,0.0,0.0,0.16000000000000006
2025-05-01,TT052525CLRP,ANIO_ANTERIOR,0.0,0.0,0.0,0.0,0.16000000000000006
2025-05-01,TT061224HVRP,ANIO_ANTERIOR,300.0,0.0,5600.0,5300.0,0.020000000000000004
2025-05-01,TT061224LVRC,ANIO_ANTERIOR,1800.0,0.0,3900.0,2100.0,0.060000000000000026
2025-05-01,TT061224LVRP,ANIO_ANTERIOR,45893.0,0.0,117369.0,71476.0,0.11000000000000004
2025-05-01,TT061224VLRP,ANIO_ANTERIOR,0.0,0.0,0.0,0.0,0.16000000000000006
2025-05-01,TT071919CJRP,ANIO_ANTERIOR,0.0,0.0,0.0,0.0,0.16000000000000006
2025-05-01,TT082340RHRP,ANIO_ANTERIOR,0.0,0.0,950.0,950.0,0.11000000000000004
2025-05-01,TT082380QHRC,KRR,6539.082024900565,376.79995006187346,12701.364099739256,6162.282074838691,0.060000000000000026
2025-05-01,TT082380QHRP,KRR,44009.229104739,0.0,143967.27987625907,99958.05077152007,0.015000000000000001
2025-05-01,TT082380QHRPTG,ANIO_ANTERIOR,0.0,0.0,49.0,49.0,0.06000000000000003
2025-05-01,TT082380QHRX,ANIO_ANTERIOR,1000.0,0.0,7130.0,6130.0,0.060000000000000026
2025-05-01,TT100626NLRP,ANIO_ANTERIOR,0.0,0.0,0.0,0.0,0.16000000000000006
2025-05-01,TT100628CLRP,ANIO_ANTERIOR,0.0,0.0,0.0,0.0,0.16000000000000006
2025-05-01,TT101330LHRC,ANIO_ANTERIOR,0.0,0.0,840.0,840.0,0.04500000000000001
2025-05-01,TT101330LHRP,ANIO_ANTERIOR,9831.0,0.0,24788.0,14957.0,0.030000000000000006
2025-05-01,TT101330LVRC,ANIO_ANTERIOR,0.0,0.0,155.0,155.0,0.11000000000000004
2025-05-01,TT101330LVRP,ANIO_ANTERIOR,1310.0,0.0,10222.0,8912.0,0.05000000000000002
2025-05-01,TT1741TTLRRC,ANIO_ANTERIOR,0.0,0.0,0.0,0.0,0.16000000000000006
2025-05-01,TT1741TTLRRP,ANIO_ANTERIOR,0.0,0.0,0.0,0.0,0.16000000000000006
2025-05-01,TT201030RHRC,ANIO_ANTERIOR,0.0,0.0,200.0,200.0,0.11000000000000004
2025-05-01,TT201030RHRP,ANIO_ANTERIOR,0.0,0.0,600.0,600.0,0.060000000000000026
2025-05-01,TT201040RVRP,ANIO_ANTERIOR,2040.0,0.0,16060.0,14020.0,0.025000000000000005
2025-05-01,TT201220LVRP,ANIO_ANTERIOR,0.0,0.0,900.0,900.0,0.11000000000000004
2025-05-01,TT201240LVRP,ANIO_ANTERIOR,0.0,0.0,7776.0,7776.0,0.060000000000000026
2025-05-01,TT2146TELRRC,ANIO_ANTERIOR,0.0,0.0,0.0,0.0,0.16000000000000006
2025-05-01,TT2146TELRRP,ANIO_ANTERIOR,0.0,0.0,0.0,0.0,0.16000000000000006
2025-05-01,TT2945LRLRRC,ANIO_ANTERIOR,0.0,0.0,2200.0,2200.0,0.11000000000000004
2025-05-01,TT2945TRLRRC,ANIO_ANTERIOR,0.0,0.0,630.0,630.0,0.060000000000000026
2025-05-01,TT2945TRLRRP,ANIO_ANTERIOR,1564.0,0.0,18968.0,17404.0,0.04500000000000001
2025-05-01,TTCONTROL1,ANIO_ANTERIOR,0.0,0.0,0.0,0.0,0.16000000000000006
2025-05-01,TTENSAYO0002,ANIO_ANTERIOR,0.0,0.0,300.0,300.0,0.11000000000000004
2025-05-01,TTENSAYO0014,ANIO_ANTERIOR,0.0,0.0,0.0,0.0,0.16000000000000006
