mes,CITG000725ALTE,CITG000725ARIP,CITG000725ARSP,CITG000725ARTE,CP201030RHRP,INACTIVO,LSESTERILA01,MC000624ELEP,MC000624ELRP,MC000624EREP,MC001030ELRP,MC021020DRRP,MC031020DRRC,MC031020DRRP,MC031020KRRP,MC050919DRRP,MC051020DRRC,MC051020DRRP,MC051020DRZP,MC051020KRRP,MC051020LMRP,MC051022LMRP,MC052525CLRP,MC061224DMRP,MC061224HVEP,MC061224HVRP,MC061224LVRC,MC061224LVRP,MC061330LVRC,MC061330LVRP,MC071919CJRP,MC081020DRRC,MC081020DRRP,MC100626NLRP,MC100628CLRP,MC101330LHRC,MC101330LHRP,MC101330LVRC,MC101330LVRP,MC101330LVRPTG,MC120620DRRC,MC120620DRRP,MC121206DRRP,MC131330IVRC,MC131330LHRC,MC131330LHRP,MC131330LVRC,MC131330LVRP,MC201015RHRC,MC201015RHRP,MC201020CCRC,MC201020CCRP,MC201020CTRP,MC201020RHRC,MC201020RHRP,MC201030RH3C,MC201030RH3P,MC201030RHRC,MC201030RHRP,MC201030RVRC,MC201030RVRP,MC201040RHRC,MC201040RHRP,MC201215RHRC,MC201215RHRP,MC201220LVRP,MC201230RHRC,MC201230RHRP,MC201230RVRC,MC201230RVRP,MC201240LVRC,MC201240LVRP,MC201240RHRC,MC201240RHRP,MC201520CCRP,MCCONTROL01,MCENSAYO0001,MCENSAYO0002,MCENSAYO0003,MCENSAYO0004,MCENSAYO0005,MCENSAYO0015,MCENSAYO0016,MCENSAYO0017,PRESUPUESTO,TG000325ALAP,TG000325ALMP,TG000325ALRP,TG000325ALSP,TG000325ALTP,TG000325ALYP,TG000325ARAP,TG000325ARMP,TG000325ARSP,TG000325ARTP,TG000325TEKP,TG000325TELP,TG000325TENP,TG00047N004P,TG00047N104P,TG00047N204P,TG00047N304P,TG00047N404P,TG00047N504P,TG00047N604P,TG00047N704P,TG00047N804P,TG00047NA04P,TG00047NB04P,TG00047NC04P,TG00047ND04P,TG00047NE04P,TG00047NES4P,TG00047NF04P,TG00047NG04P,TG00047NGU4P,TG00047NH04P,TG00047NI04P,TG00047NJ04P,TG00047NK04P,TG00047NL04P,TG00047NM04P,TG00047NN04P,TG00047NNN4P,TG00047NP04P,TG00047NQ04P,TG00047NR04P,TG00047NS04P,TG00047NSE4P,TG00047NT04P,TG00047NU04P,TG00047NV04P,TG00047NX04P,TG00047NY04P,TG00047NZ04P,TG000515ERMP,TG000515ERRP,TG000624ALAE,TG000624ALAP,TG000624ALGE,TG000624ALGP,TG000624ALME,TG000624ALMP,TG000624ALRE,TG000624ALRP,TG000624ELAC,TG000624ELAP,TG000624ELGC,TG000624ELGP,TG000624ELMC,TG000624ELMP,TG000624ELRC,TG000624ELRP,TG000624LLAP,TG000626ELAP,TG000626ELAP1,TG000626ELAP2,TG000626ELMP,TG000626ELMP1,TG000626ELMP2,TG000626ELRP,TG000626ELRP1,TG000626ELRP2,TG000630ELAP,TG000725ALAE,TG000725ALAE1,TG000725ALAP,TG000725ALAP1,TG000725ALAP2,TG000725ALAX,TG000725ALFP,TG000725ALIP,TG000725ALME,TG000725ALME1,TG000725ALME2,TG000725ALMP,TG000725ALMP1,TG000725ALMP2,TG000725ALOP,TG000725ALQP,TG000725ALRE,TG000725ALRE1,TG000725ALRE2,TG000725ALRESR,TG000725ALRP,TG000725ALRP1,TG000725ALRP2,TG000725ALSE,TG000725ALSP,TG000725ALTE,TG000725ALTP,TG000725ALVP,TG000725ALWP,TG000725ALYE,TG000725ALYP,TG000725ARAE,TG000725ARAP,TG000725ARAP1,TG000725ARAP2,TG000725ARFP,TG000725ARIP,TG000725ARME,TG000725ARMP,TG000725ARMP1,TG000725ARMP2,TG000725ARQP,TG000725ARRP,TG000725ARRP1,TG000725ARRP2,TG000725ARSE,TG000725ARSP,TG000725ARTE,TG000725ARTP,TG000725ARVP,TG000725ARWP,TG000725ARYE,TG000725ARYP,TG000725SRMP,TG000725SRRP,TG000820ALRP,TG000920CLDP,TG000920CLJP,TG000920CLPP,TG000920CLRP,TG001010ALRE,TG001010ALTP,TG001010ARAE,TG001010ARQE,TG001010ARRE,TG001010ARRE1,TG001010ARRE2,TG001010ARRP,TG001010ARRP1,TG001010ARRP2,TG001020ALAE,TG001020ALAE1,TG001020ALAE2,TG001020ALAESR,TG001020ALAP,TG001020ALAP1,TG001020ALAP2,TG001020ALDE,TG001020ALDE1,TG001020ALDE2,TG001020ALDESR,TG001020ALDP,TG001020ALDP1,TG001020ALDP2,TG001020ALFP,TG001020ALJE,TG001020ALME,TG001020ALME1,TG001020ALME2,TG001020ALMP,TG001020ALMP1,TG001020ALMP2,TG001020ALRE,TG001020ALRE1,TG001020ALRE2,TG001020ALRESR,TG001020ALRP,TG001020ALRP1,TG001020ALRP2,TG001020ALRX,TG001020ALYP,TG001020CLAE,TG001020CLAP,TG001020CLRE,TG001020CLRE1,TG001020CLRP,TG001020CLRP1,TG001020CLRP2,TG001515BLRP,TG001515BLRP1,TG002020BLAE,TG002020BLAP,TG002020BLRE,TG002020BLRP,TG002020CLAE,TG002020CLAP,TG002020CLCP,TG002020CLJB,TG002020CLRP,TG002025CLAE,TG002025CLAP,TG002025CLCP,TG002025CLRE,TG002025CLRP,TG002525CLAP,TG003122JLME,TG00314NGU1P,TG00314NGU2P,TG00314NSE1P,TG00314NSE2P,TG00314NSE3P,TG00505T044P,TG00707T043P,TG00714N101P,TG00714N102P,TG00714N103P,TG00714N201P,TG00714N202P,TG00714N203P,TG00714N301E,TG00714N301P,TG00714N302P,TG00714N303P,TG00714N401E,TG00714N401P,TG00714N402P,TG00714N403P,TG00714N501P,TG00714N502P,TG00714N503P,TG00714N601E,TG00714N601P,TG00714N602P,TG00714N603P,TG00714N701E,TG00714N701P,TG00714N702P,TG00714N703P,TG00714N801E,TG00714N801P,TG00714N802P,TG00714N803P,TG00714NA01E,TG00714NA01P,TG00714NA02P,TG00714NA03P,TG00714NB01E,TG00714NB01P,TG00714NB02P,TG00714NB03P,TG00714NC01P,TG00714NC02P,TG00714NC03P,TG00714ND01E,TG00714ND01P,TG00714ND02P,TG00714ND03P,TG00714NE01E,TG00714NE01P,TG00714NE02P,TG00714NE03P,TG00714NES3P,TG00714NF01E,TG00714NF01P,TG00714NF02P,TG00714NF03P,TG00714NG01E,TG00714NG01P,TG00714NG02P,TG00714NG03P,TG00714NH01E,TG00714NH01P,TG00714NH02P,TG00714NH03P,TG00714NI01P,TG00714NI02P,TG00714NI03P,TG00714NJ01E,TG00714NJ01P,TG00714NJ02P,TG00714NJ03P,TG00714NK01E,TG00714NK01P,TG00714NK02P,TG00714NK03P,TG00714NL01P,TG00714NL02P,TG00714NL03P,TG00714NM01E,TG00714NM01P,TG00714NM03P,TG00714NN01E,TG00714NN01P,TG00714NN02P,TG00714NN03P,TG00714NNN1E,TG00714NNN1P,TG00714NNN2P,TG00714NO01P,TG00714NO02P,TG00714NO03P,TG00714NP01E,TG00714NP01P,TG00714NP02P,TG00714NP03P,TG00714NQ01E,TG00714NQ01P,TG00714NQ02P,TG00714NR01P,TG00714NR02P,TG00714NS01E,TG00714NS01P,TG00714NS02P,TG00714NT01E,TG00714NT01P,TG00714NT02P,TG00714NT03P,TG00714NU01E,TG00714NU01P,TG00714NU02P,TG00714NU03P,TG00714NV01E,TG00714NV01P,TG00714NV02P,TG00714NV03P,TG00714NW01E,TG00714NW01P,TG00714NW02P,TG00714NX01E,TG00714NX01P,TG00714NX03P,TG00714NY01E,TG00714NY01P,TG00714NY02P,TG00714NZ01E,TG00714NZ01P,TG00714NZ02P,TG00725CVFIP,TG00920G030P,TG01010T003P,TG01010T005P,TG01010T011P,TG01010T015P,TG01010T017P,TG01010T018P,TG01010T019P,TG01010T026P,TG01010T036P,TG01010T037P,TG01010T041P,TG01010T052P,TG01010T053P,TG01010T054P,TG01010T060P,TG01010T062P,TG01010T063P,TG01010T066P,TG01010T067P,TG01010T090P,TG01010T091P,TG01010T092P,TG01010T093P,TG01010T094P,TG01010T095P,TG01010T096P,TG01010T098P,TG01010T115P,TG01010T116P,TG01010T117P,TG01010TBIRP,TG01010TRFIP,TG01020C005P,TG01020C006P,TG01020C011P,TG01020C013P,TG01020C016P,TG01020C023P,TG01020C026P,TG010624ELAP,TG010624ELMP,TG010624ELRP,TG021020DRAP1,TG021020DRMP1,TG021020DRRP1,TG021020DRRP2,TG031020DRAP,TG03232E501P,TG03232E504P,TG03232E505P,TG03232E509P,TG03232E510P,TG03232E511P,TG041020DRAP2,TG041020DRMP1,TG041020DRMP2,TG041020DRRP1,TG041020DRRP2,TG051020DRAP,TG051020DRMP,TG051239HVAC,TG051239HVAP,TG051239HVMC,TG051239HVMP,TG051439HVAC,TG051439HVAP,TG051439HVMP,TG051439HVTP,TG051439LVAC,TG061020DAAP,TG061020DGAP,TG061020DRRP1,TG061214LLAP,TG061216CLLP,TG061224LVAB,TG061224LVAC,TG061224LVAP,TG061224LVGB,TG061224LVGC,TG061224LVGP,TG061224LVMB,TG061224LVMC,TG061224LVMP,TG061224LVRC,TG061224LVRP,TG061225LVLC,TG061225LVLP,TG061226LLAP,TG061226LPAP,TG061430LVAB,TG061430LVAP,TG082380QHRC,TG082380QHRP,TG092020CLAE,TG092020CLAP,TG092020CLRE,TG092020CLRP,TG120620DRRP,TG121006CCAP,TG121206DRRP,TG191910CCAP,TG201220LVRP,TG201240LVRP,TG2945TRLRRP,TG3422TZLMMP,TG3422TZLMMP1,TG3422TZLMMP2,TG3422TZLRRP,TG3422TZLRRP1,TG3920TCLMMP,TG3920TCLMMP2,TG3920TCLRRP,TG3920TCLRRP1,TGCONTROL01,TGENSAYO0001,TGENSAYO0002,TGENSAYO0003,TGENSAYO0004,TGENSAYO0005,TGENSAYO0006,TGENSAYO0007,TGENSAYO0008,TGENSAYO0011,TGENSAYO0012,TGENSAYO0013,TGENSAYO00130,TGENSAYO0014,TGENSAYO0015,TGENSAYO0018,TGENSAYO0021,TGENSAYO0028,TGENSAYO0029,TGENSAYO0030,TGENSAYO0034,TGENSAYO0035,TGENSAYO0036,TGENSAYO0038,TGENSAYO0039,TGENSAYO0040,TGENSAYO0041,TGENSAYO0043,TGENSAYO0044,TGENSAYO0045,TGENSAYO0054,TGENSAYO0059,TGENSAYO0063,TGENSAYO0064,TGENSAYO0090,TGENSAYO0121,TGENSAYO0122,TGENSAYO0123,TGENSAYO0124,TGENSAYO0125,TGENSAYO0126,TGENSAYO0128,TGENSAYO0134,TGENSAYO0135,TT000624ELRP,TT052525CLRC,TT052525CLRP,TT061224HVRP,TT061224LVRC,TT061224LVRP,TT061224VLRP,TT071919CJRP,TT082340RHRP,TT082380QHRC,TT082380QHRP,TT082380QHRPTG,TT082380QHRX,TT100626NLRP,TT100628CLRP,TT101330LHRC,TT101330LHRP,TT101330LVRC,TT101330LVRP,TT1741TTLRRC,TT1741TTLRRP,TT201030RHRC,TT201030RHRP,TT201040RVRP,TT201220LVRP,TT201240LVRP,TT2146TELRRC,TT2146TELRRP,TT2945LRLRRC,TT2945TRLRRC,TT2945TRLRRP,TTCONTROL1,TTENSAYO0002,TTENSAYO0014
2020-01-01,0.0,0.0,0.0,0.0,0.0,0.0,0.0,0.0,100.0,0.0,0.0,0.0,0.0,3190.0,2585.0,0.0,0.0,70846.0,0.0,5000.0,0.0,602.0,0.0,0.0,0.0,1600.0,0.0,3570.0,0.0,0.0,110.0,0.0,75.0,65.0,0.0,1600.0,10622.0,1150.0,9411.0,0.0,0.0,0.0,0.0,0.0,1550.0,19824.0,0.0,8568.0,1156.0,8350.0,0.0,2867.0,7.0,0.0,25.0,0.0,0.0,32658.0,54448.0,1360.0,516.0,650.0,330.0,1453.0,15575.0,0.0,42974.0,130144.0,0.0,9500.0,0.0,0.0,0.0,600.0,0.0,0.0,0.0,0.0,0.0,9870.0,4062.0,0.0,0.0,0.0,0.0,4.0,0.0,0.0,6.0,0.0,1.0,0.0,0.0,0.0,25.0,0.0,0.0,0.0,0.0,0.0,0.0,0.0,0.0,0.0,0.0,0.0,0.0,0.0,0.0,0.0,0.0,0.0,0.0,0.0,0.0,0.0,0.0,0.0,0.0,0.0,0.0,0.0,0.0,0.0,0.0,0.0,0.0,0.0,0.0,0.0,0.0,0.0,0.0,0.0,0.0,0.0,0.0,0.0,0.0,0.0,0.0,0.0,0.0,0.0,0.0,0.0,0.0,0.0,0.0,0.0,0.0,0.0,1254.0,0.0,0.0,0.0,0.0,2304.0,0.0,0.0,4104.0,0.0,0.0,0.0,472.0,0.0,1406.0,0.0,0.0,0.0,0.0,0.0,40.0,0.0,0.0,939.0,0.0,0.0,10.0,132.0,138.0,0.0,0.0,0.0,3479.0,0.0,0.0,0.0,202.0,20.0,136.0,132.0,0.0,0.0,642.0,2.0,160.0,0.0,0.0,0.0,0.0,0.0,322.0,0.0,0.0,120.0,488.0,0.0,0.0,13.0,21.0,147.0,0.0,131.0,0.0,0.0,262.0,0.0,0.0,0.0,0.0,0.0,0.0,206.0,0.0,5.0,3.0,32.0,0.0,0.0,0.0,671.0,0.0,0.0,0.0,0.0,0.0,0.0,9.0,0.0,0.0,409.0,0.0,0.0,0.0,350.0,0.0,0.0,211.0,0.0,0.0,0.0,0.0,5.0,0.0,0.0,1635.0,0.0,0.0,0.0,4742.0,0.0,0.0,0.0,0.0,110.0,131.0,65.0,0.0,593.0,0.0,0.0,0.0,0.0,16.0,25.0,243.0,0.0,0.0,0.0,0.0,0.0,0.0,0.0,21.0,0.0,1.0,200.0,0.0,0.0,1.0,0.0,0.0,0.0,0.0,13.0,0.0,10.0,0.0,1.0,1.0,0.0,0.0,0.0,8.0,0.0,0.0,0.0,11.0,0.0,0.0,11.0,0.0,0.0,0.0,1.0,0.0,0.0,0.0,0.0,0.0,1.0,0.0,1.0,0.0,0.0,0.0,22.0,0.0,0.0,0.0,0.0,0.0,0.0,10.0,0.0,1.0,0.0,0.0,0.0,0.0,0.0,0.0,0.0,0.0,0.0,0.0,1.0,0.0,0.0,0.0,0.0,0.0,0.0,0.0,0.0,0.0,0.0,1.0,0.0,0.0,0.0,0.0,0.0,0.0,0.0,0.0,0.0,0.0,12.0,0.0,0.0,0.0,2.0,0.0,0.0,2.0,0.0,0.0,0.0,0.0,0.0,11.0,0.0,1.0,0.0,0.0,0.0,0.0,0.0,0.0,0.0,0.0,0.0,0.0,3.0,0.0,0.0,3.0,0.0,0.0,0.0,3.0,0.0,0.0,0.0,4.0,0.0,0.0,0.0,0.0,0.0,0.0,0.0,0.0,0.0,1.0,0.0,0.0,0.0,0.0,0.0,0.0,0.0,0.0,0.0,0.0,0.0,0.0,0.0,0.0,0.0,0.0,0.0,0.0,2.0,0.0,2.0,3.0,5.0,0.0,0.0,2.0,3.0,2.0,2.0,3.0,3.0,3.0,0.0,24.0,10.0,0.0,0.0,0.0,2.0,0.0,16.0,0.0,65.0,0.0,47.0,10.0,172.0,0.0,0.0,0.0,0.0,0.0,0.0,0.0,0.0,0.0,0.0,0.0,0.0,0.0,0.0,0.0,0.0,0.0,0.0,0.0,400.0,0.0,0.0,5320.0,0.0,0.0,0.0,0.0,0.0,-152.0,-20.0,0.0,0.0,0.0,870.0,0.0,850.0,0.0,270.0,0.0,221.0,3120.0,40.0,397.0,0.0,0.0,0.0,0.0,0.0,0.0,11660.0,0.0,0.0,0.0,242.0,0.0,66.0,0.0,0.0,0.0,0.0,0.0,0.0,0.0,222.0,0.0,0.0,0.0,0.0,120.0,0.0,0.0,0.0,0.0,450.0,0.0,6.0,0.0,0.0,0.0,0.0,0.0,0.0,0.0,0.0,0.0,0.0,0.0,0.0,0.0,0.0,0.0,0.0,0.0,0.0,0.0,0.0,0.0,0.0,0.0,0.0,0.0,0.0,0.0,0.0,0.0,0.0,0.0,0.0,0.0,0.0,0.0,0.0,0.0,0.0,0.0,0.0,0.0,0.0,189.0,0.0,0.0,0.0,0.0,0.0,510.0,31767.0,100864.0,0.0,0.0,100.0,0.0,0.0,0.0,0.0,0.0,0.0,11709.0,0.0,0.0,0.0,0.0,0.0,0.0,3632.0,0.0,7522.0,44458.0,0.0,0.0,0.0
2020-02-01,0.0,0.0,0.0,0.0,0.0,0.0,0.0,0.0,0.0,0.0,3000.0,0.0,0.0,6690.0,0.0,0.0,0.0,21144.0,0.0,197.0,100.0,1380.0,0.0,0.0,230.0,0.0,18560.0,3350.0,2800.0,0.0,1062.0,0.0,0.0,0.0,0.0,1050.0,11935.0,550.0,7125.0,0.0,0.0,0.0,0.0,0.0,0.0,14568.0,0.0,9414.0,120.0,10223.0,0.0,2556.0,0.0,100.0,50.0,0.0,0.0,32857.0,55548.0,944.0,2000.0,2605.0,500.0,4650.0,19721.0,0.0,64831.0,149715.0,1000.0,9796.0,0.0,0.0,479.0,0.0,0.0,0.0,0.0,0.0,0.0,3275.0,-1920.0,0.0,0.0,0.0,0.0,8.0,2.0,0.0,1.0,5.0,1.0,3.0,4.0,0.0,6.0,0.0,0.0,0.0,0.0,0.0,0.0,0.0,0.0,0.0,0.0,0.0,0.0,0.0,0.0,0.0,0.0,0.0,0.0,0.0,0.0,0.0,0.0,0.0,0.0,0.0,0.0,0.0,0.0,0.0,0.0,0.0,0.0,0.0,0.0,0.0,0.0,0.0,0.0,0.0,0.0,0.0,0.0,0.0,0.0,0.0,0.0,0.0,0.0,0.0,10.0,0.0,0.0,0.0,0.0,0.0,0.0,0.0,343.0,0.0,2560.0,0.0,0.0,1062.0,0.0,0.0,2980.0,0.0,0.0,0.0,42.0,0.0,2376.0,0.0,0.0,0.0,7.0,0.0,326.0,0.0,0.0,1616.0,0.0,0.0,37.0,0.0,289.0,0.0,0.0,0.0,4368.0,0.0,0.0,38.0,79.0,44.0,1146.0,32.0,0.0,0.0,429.0,4.0,556.0,0.0,0.0,0.0,0.0,0.0,927.0,0.0,0.0,0.0,348.0,0.0,0.0,4.0,252.0,1560.0,148.0,0.0,20.0,0.0,42.0,0.0,0.0,0.0,0.0,0.0,2.0,323.0,0.0,3.0,20.0,30.0,0.0,0.0,0.0,1036.0,0.0,0.0,36.0,0.0,0.0,0.0,4.0,0.0,0.0,0.0,0.0,0.0,0.0,812.0,0.0,0.0,55.0,0.0,0.0,0.0,0.0,52.0,0.0,0.0,1034.0,0.0,0.0,0.0,8934.0,0.0,0.0,0.0,0.0,17.0,154.0,63.0,0.0,471.0,0.0,0.0,3.0,0.0,586.0,1.0,467.0,0.0,0.0,0.0,0.0,0.0,0.0,0.0,378.0,0.0,0.0,491.0,0.0,0.0,50.0,50.0,0.0,0.0,0.0,18.0,1.0,25.0,0.0,0.0,0.0,0.0,0.0,0.0,0.0,25.0,0.0,0.0,9.0,0.0,0.0,25.0,25.0,0.0,0.0,0.0,25.0,0.0,0.0,0.0,0.0,0.0,0.0,0.0,0.0,0.0,0.0,0.0,0.0,0.0,0.0,0.0,0.0,0.0,0.0,0.0,0.0,0.0,0.0,0.0,0.0,0.0,0.0,0.0,0.0,0.0,0.0,0.0,0.0,0.0,0.0,0.0,0.0,0.0,0.0,0.0,0.0,0.0,0.0,25.0,0.0,0.0,0.0,0.0,0.0,0.0,0.0,0.0,0.0,0.0,25.0,0.0,0.0,0.0,0.0,0.0,0.0,0.0,0.0,0.0,0.0,0.0,0.0,0.0,0.0,0.0,0.0,0.0,0.0,0.0,0.0,0.0,0.0,0.0,0.0,0.0,25.0,0.0,0.0,0.0,0.0,0.0,0.0,0.0,0.0,0.0,0.0,0.0,0.0,0.0,0.0,0.0,0.0,0.0,0.0,0.0,0.0,0.0,0.0,0.0,0.0,0.0,0.0,0.0,0.0,0.0,4.0,0.0,0.0,4.0,1.0,4.0,7.0,6.0,2.0,2.0,3.0,5.0,0.0,0.0,0.0,0.0,2.0,2.0,5.0,4.0,3.0,10.0,3.0,5.0,6.0,0.0,0.0,0.0,12.0,20.0,0.0,0.0,0.0,20.0,0.0,32.0,0.0,228.0,0.0,0.0,0.0,0.0,0.0,0.0,0.0,0.0,0.0,0.0,48.0,216.0,0.0,0.0,0.0,0.0,0.0,0.0,0.0,0.0,4850.0,0.0,1620.0,300.0,0.0,0.0,0.0,0.0,90.0,2030.0,0.0,0.0,0.0,150.0,0.0,1400.0,0.0,404.0,20999.0,1.0,9050.0,0.0,2399.0,600.0,0.0,0.0,0.0,0.0,1500.0,0.0,0.0,0.0,0.0,500.0,0.0,326.0,0.0,0.0,0.0,0.0,0.0,0.0,0.0,5.0,0.0,0.0,0.0,0.0,3.0,0.0,0.0,0.0,0.0,1322.0,0.0,20.0,0.0,0.0,0.0,0.0,600.0,0.0,1020.0,0.0,0.0,0.0,0.0,0.0,0.0,0.0,0.0,0.0,0.0,0.0,0.0,0.0,0.0,0.0,0.0,0.0,0.0,0.0,0.0,0.0,0.0,0.0,0.0,0.0,0.0,0.0,0.0,0.0,0.0,0.0,0.0,0.0,0.0,0.0,749.0,0.0,0.0,0.0,0.0,0.0,584.0,25344.0,86330.0,0.0,0.0,550.0,0.0,0.0,0.0,0.0,0.0,0.0,1690.0,0.0,0.0,0.0,0.0,0.0,0.0,370.0,0.0,0.0,37166.0,0.0,0.0,0.0
2020-03-01,0.0,0.0,0.0,0.0,0.0,0.0,0.0,0.0,0.0,0.0,0.0,0.0,0.0,8330.0,4328.0,0.0,0.0,9591.0,0.0,7400.0,2800.0,459.0,0.0,0.0,0.0,0.0,2800.0,1090.0,0.0,0.0,1155.0,0.0,0.0,0.0,0.0,2500.0,2544.0,350.0,1679.0,0.0,0.0,200.0,0.0,0.0,0.0,12820.0,0.0,4879.0,270.0,6762.0,0.0,168.0,232.0,0.0,0.0,0.0,0.0,14710.0,42556.0,0.0,1500.0,320.0,0.0,1620.0,15310.0,0.0,34090.0,105358.0,1000.0,4880.0,0.0,0.0,0.0,1650.0,0.0,0.0,0.0,0.0,0.0,2690.0,0.0,0.0,0.0,0.0,0.0,0.0,0.0,0.0,0.0,0.0,0.0,0.0,0.0,0.0,0.0,0.0,2.0,0.0,0.0,0.0,0.0,1.0,1.0,0.0,2.0,0.0,2.0,0.0,0.0,1.0,0.0,0.0,0.0,0.0,0.0,2.0,0.0,0.0,0.0,0.0,0.0,0.0,0.0,0.0,0.0,0.0,1.0,0.0,0.0,0.0,0.0,0.0,0.0,0.0,0.0,0.0,0.0,0.0,50.0,0.0,0.0,0.0,0.0,0.0,10.0,0.0,0.0,0.0,0.0,0.0,0.0,0.0,0.0,0.0,0.0,0.0,0.0,12900.0,0.0,0.0,0.0,0.0,0.0,0.0,11.0,0.0,1000.0,0.0,0.0,0.0,6.0,0.0,0.0,0.0,0.0,773.0,0.0,0.0,10.0,0.0,344.0,0.0,0.0,0.0,292.0,0.0,0.0,11.0,2.0,7.0,256.0,0.0,0.0,0.0,156.0,0.0,22.0,0.0,0.0,0.0,0.0,0.0,200.0,0.0,0.0,16.0,224.0,0.0,0.0,0.0,22.0,0.0,0.0,0.0,0.0,0.0,14.0,0.0,0.0,0.0,0.0,0.0,29.0,24.0,0.0,0.0,0.0,3.0,0.0,0.0,0.0,281.0,0.0,0.0,26.0,0.0,0.0,0.0,9.0,0.0,0.0,0.0,0.0,0.0,0.0,511.0,0.0,0.0,337.0,0.0,0.0,0.0,0.0,7.0,0.0,0.0,2727.0,0.0,0.0,0.0,20.0,0.0,0.0,0.0,0.0,0.0,166.0,20.0,0.0,413.0,0.0,0.0,0.0,0.0,45.0,32.0,404.0,0.0,4.0,24.0,0.0,0.0,20.0,0.0,99.0,0.0,4.0,77.0,0.0,0.0,0.0,0.0,0.0,0.0,2.0,0.0,0.0,0.0,0.0,0.0,0.0,0.0,0.0,0.0,0.0,0.0,1.0,0.0,0.0,0.0,0.0,0.0,0.0,0.0,0.0,0.0,0.0,1.0,0.0,0.0,0.0,0.0,0.0,0.0,0.0,0.0,0.0,2.0,0.0,2.0,0.0,0.0,0.0,0.0,0.0,0.0,1.0,0.0,3.0,0.0,0.0,0.0,2.0,0.0,0.0,2.0,0.0,0.0,0.0,0.0,0.0,1.0,0.0,0.0,0.0,0.0,0.0,0.0,0.0,0.0,0.0,0.0,0.0,0.0,0.0,0.0,0.0,0.0,0.0,1.0,0.0,0.0,0.0,0.0,0.0,0.0,0.0,0.0,0.0,0.0,0.0,0.0,0.0,0.0,0.0,0.0,0.0,0.0,0.0,0.0,0.0,0.0,0.0,0.0,0.0,0.0,1.0,0.0,0.0,0.0,0.0,0.0,2.0,0.0,0.0,0.0,0.0,0.0,0.0,0.0,0.0,0.0,0.0,0.0,0.0,0.0,0.0,0.0,0.0,0.0,0.0,0.0,0.0,0.0,0.0,12.0,225.0,0.0,0.0,0.0,0.0,7.0,8.0,6.0,7.0,20.0,20.0,0.0,0.0,0.0,0.0,0.0,0.0,0.0,0.0,0.0,0.0,0.0,0.0,0.0,0.0,0.0,0.0,0.0,0.0,2.0,0.0,0.0,0.0,0.0,0.0,2.0,18.0,1500.0,0.0,0.0,0.0,0.0,0.0,0.0,0.0,0.0,0.0,0.0,0.0,0.0,0.0,0.0,0.0,0.0,0.0,0.0,0.0,0.0,9774.0,0.0,0.0,2050.0,1300.0,0.0,2.0,0.0,9000.0,1600.0,0.0,0.0,0.0,6076.0,0.0,0.0,0.0,5800.0,0.0,2644.0,0.0,2480.0,190.0,0.0,0.0,0.0,0.0,0.0,0.0,8526.0,0.0,0.0,0.0,112.0,0.0,220.0,0.0,0.0,0.0,0.0,0.0,0.0,0.0,0.0,0.0,0.0,0.0,0.0,0.0,0.0,0.0,0.0,0.0,634.0,0.0,0.0,0.0,0.0,0.0,0.0,0.0,0.0,0.0,0.0,0.0,0.0,0.0,0.0,0.0,0.0,0.0,0.0,0.0,0.0,0.0,0.0,0.0,0.0,0.0,0.0,0.0,0.0,0.0,0.0,0.0,0.0,0.0,0.0,0.0,0.0,0.0,0.0,0.0,0.0,0.0,0.0,0.0,213.0,552.0,0.0,0.0,0.0,0.0,0.0,146.0,27978.0,55205.0,0.0,0.0,56.0,0.0,0.0,0.0,0.0,0.0,0.0,579.0,0.0,0.0,0.0,0.0,0.0,155.0,1600.0,0.0,0.0,54710.0,0.0,0.0,0.0
2020-04-01,0.0,0.0,0.0,0.0,0.0,0.0,0.0,0.0,0.0,0.0,0.0,0.0,0.0,0.0,0.0,0.0,0.0,910.0,0.0,0.0,0.0,190.0,0.0,0.0,2000.0,2000.0,0.0,90.0,0.0,0.0,0.0,0.0,0.0,0.0,0.0,4045.0,0.0,0.0,1200.0,0.0,0.0,0.0,0.0,0.0,0.0,0.0,0.0,0.0,170.0,2015.0,0.0,0.0,15.0,0.0,0.0,0.0,0.0,4721.0,18915.0,0.0,0.0,0.0,0.0,800.0,4934.0,0.0,18880.0,34361.0,100.0,150.0,0.0,0.0,0.0,80.0,300.0,0.0,0.0,0.0,0.0,0.0,0.0,0.0,0.0,0.0,0.0,0.0,0.0,0.0,0.0,0.0,0.0,0.0,0.0,0.0,0.0,0.0,0.0,0.0,0.0,0.0,0.0,0.0,0.0,0.0,0.0,0.0,0.0,0.0,0.0,0.0,0.0,0.0,0.0,0.0,0.0,0.0,0.0,0.0,0.0,0.0,0.0,0.0,0.0,0.0,0.0,0.0,0.0,0.0,0.0,0.0,0.0,0.0,0.0,0.0,0.0,0.0,0.0,0.0,0.0,0.0,0.0,0.0,0.0,0.0,0.0,0.0,0.0,0.0,0.0,0.0,0.0,0.0,0.0,0.0,0.0,0.0,0.0,0.0,0.0,0.0,0.0,0.0,0.0,0.0,20.0,0.0,0.0,0.0,0.0,0.0,6.0,0.0,0.0,0.0,0.0,0.0,0.0,0.0,0.0,2.0,12.0,0.0,0.0,0.0,0.0,0.0,0.0,2.0,0.0,1560.0,2.0,0.0,0.0,0.0,0.0,0.0,2.0,0.0,0.0,0.0,0.0,0.0,2.0,0.0,0.0,0.0,0.0,0.0,0.0,0.0,0.0,0.0,2.0,0.0,0.0,0.0,9.0,0.0,0.0,0.0,0.0,0.0,0.0,0.0,0.0,0.0,0.0,0.0,0.0,0.0,0.0,0.0,0.0,0.0,75.0,0.0,0.0,0.0,0.0,0.0,0.0,4.0,0.0,0.0,0.0,0.0,0.0,0.0,0.0,0.0,0.0,0.0,0.0,0.0,0.0,0.0,12.0,0.0,0.0,0.0,0.0,0.0,0.0,0.0,0.0,0.0,0.0,0.0,0.0,10.0,0.0,0.0,0.0,0.0,106.0,0.0,17.0,0.0,0.0,0.0,0.0,0.0,0.0,0.0,2.0,0.0,0.0,0.0,0.0,0.0,0.0,0.0,2.0,0.0,0.0,0.0,0.0,0.0,0.0,0.0,0.0,0.0,0.0,0.0,0.0,0.0,0.0,0.0,0.0,0.0,0.0,0.0,0.0,0.0,0.0,0.0,0.0,0.0,0.0,0.0,0.0,0.0,0.0,0.0,0.0,0.0,1.0,0.0,0.0,0.0,0.0,0.0,0.0,0.0,0.0,0.0,0.0,0.0,0.0,0.0,0.0,0.0,1.0,0.0,0.0,2.0,0.0,0.0,0.0,0.0,0.0,0.0,0.0,0.0,0.0,0.0,0.0,0.0,0.0,0.0,0.0,0.0,0.0,0.0,0.0,0.0,0.0,0.0,0.0,0.0,0.0,0.0,0.0,1.0,0.0,0.0,0.0,0.0,0.0,0.0,0.0,0.0,0.0,0.0,0.0,0.0,0.0,0.0,0.0,0.0,0.0,0.0,0.0,0.0,0.0,1.0,0.0,0.0,0.0,0.0,0.0,0.0,1.0,0.0,0.0,0.0,0.0,0.0,0.0,0.0,0.0,0.0,0.0,0.0,0.0,0.0,0.0,0.0,0.0,0.0,0.0,25.0,0.0,0.0,0.0,0.0,0.0,0.0,0.0,0.0,0.0,0.0,0.0,0.0,0.0,0.0,0.0,0.0,2.0,0.0,0.0,0.0,0.0,0.0,0.0,0.0,0.0,0.0,0.0,0.0,0.0,8.0,0.0,0.0,0.0,0.0,0.0,0.0,0.0,16.0,0.0,0.0,0.0,0.0,0.0,0.0,0.0,0.0,0.0,0.0,0.0,0.0,0.0,0.0,0.0,0.0,0.0,0.0,0.0,0.0,0.0,0.0,0.0,0.0,0.0,0.0,0.0,150.0,0.0,0.0,0.0,0.0,0.0,0.0,0.0,0.0,0.0,0.0,0.0,0.0,0.0,0.0,0.0,200.0,1400.0,0.0,0.0,190.0,0.0,0.0,0.0,0.0,3334.0,0.0,0.0,0.0,0.0,0.0,0.0,0.0,0.0,0.0,0.0,0.0,0.0,0.0,0.0,0.0,0.0,0.0,0.0,0.0,0.0,0.0,0.0,0.0,0.0,174.0,0.0,0.0,0.0,0.0,0.0,0.0,0.0,0.0,0.0,0.0,0.0,0.0,0.0,0.0,0.0,0.0,0.0,0.0,0.0,0.0,0.0,0.0,0.0,0.0,0.0,0.0,0.0,0.0,0.0,0.0,0.0,0.0,0.0,0.0,0.0,0.0,0.0,0.0,0.0,0.0,0.0,0.0,0.0,24.0,0.0,0.0,0.0,0.0,0.0,0.0,0.0,5500.0,13070.0,0.0,0.0,0.0,0.0,0.0,0.0,0.0,0.0,0.0,0.0,0.0,0.0,0.0,0.0,0.0,0.0,100.0,0.0,0.0,25.0,0.0,0.0,0.0
2020-05-01,0.0,0.0,0.0,0.0,0.0,0.0,0.0,0.0,0.0,0.0,6040.0,0.0,0.0,1160.0,9280.0,0.0,0.0,14568.0,0.0,0.0,100.0,602.0,0.0,0.0,5724.0,9176.0,0.0,10922.0,0.0,0.0,1800.0,0.0,0.0,0.0,0.0,4008.0,5826.0,1500.0,6150.0,0.0,0.0,0.0,0.0,0.0,0.0,3500.0,0.0,4000.0,822.0,5863.0,0.0,2323.0,64.0,10.0,0.0,0.0,0.0,42140.0,20612.0,220.0,1500.0,680.0,700.0,0.0,15179.0,0.0,36768.0,123447.0,0.0,6300.0,0.0,0.0,0.0,1140.0,0.0,0.0,0.0,0.0,0.0,150.0,0.0,0.0,0.0,0.0,0.0,0.0,0.0,0.0,0.0,0.0,0.0,0.0,0.0,0.0,0.0,0.0,45.0,0.0,0.0,0.0,0.0,0.0,0.0,0.0,0.0,0.0,0.0,0.0,0.0,0.0,0.0,0.0,0.0,0.0,0.0,0.0,0.0,0.0,0.0,0.0,0.0,0.0,0.0,0.0,0.0,0.0,0.0,0.0,0.0,0.0,0.0,0.0,0.0,0.0,0.0,0.8,0.0,0.0,0.0,0.0,0.0,0.0,0.0,0.0,4.0,0.0,0.0,0.0,0.0,0.0,0.0,0.0,0.0,0.0,8320.0,0.0,0.0,0.0,0.0,0.0,0.0,0.0,0.0,17640.0,462.0,0.0,871.0,0.0,0.0,0.0,200.0,0.0,211.0,0.0,0.0,425.0,0.0,0.0,3.0,0.0,649.0,0.0,0.0,0.0,182.0,0.0,0.0,130.0,0.0,138.0,200.0,30.0,0.0,0.0,261.0,0.0,135.0,0.0,0.0,0.0,0.0,0.0,332.0,0.0,0.0,30.0,153.0,0.0,0.0,2.0,196.0,16.0,204.0,0.0,60.0,0.0,75.0,0.0,0.0,3.0,0.0,0.0,0.0,432.0,0.0,0.0,14.0,27.0,0.0,0.0,0.0,1.0,0.0,0.0,0.0,0.0,0.0,0.0,0.0,0.0,0.0,101.0,0.0,0.0,0.0,513.0,0.0,0.0,739.0,0.0,0.0,0.0,0.0,0.0,0.0,0.0,3652.0,0.0,0.0,0.0,17.0,0.0,0.0,0.0,0.0,0.0,113.0,1.0,0.0,465.0,0.0,0.0,4.0,0.0,1065.0,0.0,246.0,-30.0,3.0,0.0,0.0,0.0,0.0,0.0,0.0,0.0,0.0,8.0,0.0,0.0,0.0,0.0,0.0,0.0,0.0,0.0,6.0,0.0,0.0,0.0,0.0,0.0,0.0,0.0,0.0,0.0,0.0,0.0,0.0,0.0,0.0,0.0,0.0,0.0,0.0,0.0,0.0,0.0,0.0,0.0,0.0,0.0,0.0,0.0,0.0,0.0,0.0,0.0,0.0,0.0,0.0,0.0,0.0,0.0,0.0,0.0,0.0,0.0,0.0,0.0,0.0,0.0,0.0,0.0,0.0,0.0,0.0,0.0,0.0,0.0,0.0,0.0,0.0,0.0,0.0,0.0,0.0,0.0,0.0,0.0,0.0,0.0,0.0,0.0,0.0,0.0,0.0,0.0,0.0,0.0,0.0,0.0,0.0,0.0,0.0,0.0,0.0,0.0,0.0,0.0,0.0,0.0,0.0,0.0,0.0,0.0,0.0,0.0,0.0,0.0,0.0,0.0,0.0,0.0,0.0,0.0,0.0,0.0,0.0,0.0,0.0,0.0,0.0,0.0,0.0,0.0,0.0,0.0,0.0,0.0,0.0,0.0,0.0,0.0,0.0,0.0,0.0,0.0,0.0,0.0,0.0,0.0,0.0,0.0,0.0,0.0,0.0,0.0,0.0,0.0,0.0,0.0,5.0,0.0,0.0,3.0,0.0,0.0,0.0,0.0,0.0,0.0,0.0,0.0,0.0,0.0,0.0,0.0,0.0,0.0,0.0,0.0,0.0,0.0,0.0,18.0,0.0,0.0,0.0,0.0,0.0,0.0,24.0,0.0,0.0,0.0,0.0,0.0,0.0,0.0,0.0,0.0,0.0,0.0,0.0,0.0,0.0,0.0,0.0,0.0,0.0,0.0,0.0,0.0,7950.0,0.0,14000.0,2500.0,0.0,0.0,0.0,0.0,0.0,0.0,0.0,0.0,0.0,5600.0,0.0,0.0,0.0,750.0,3250.0,50.0,0.0,0.0,0.0,888.0,2975.0,0.0,0.0,0.0,-2024.0,45500.0,0.0,0.0,0.0,84.4,0.0,32.0,0.0,0.0,0.0,0.0,0.0,0.0,0.0,0.0,0.0,0.0,680.0,0.0,0.0,0.0,180.0,0.0,0.0,445.0,0.0,0.0,0.0,0.0,0.0,0.0,0.0,0.0,596.0,0.0,0.0,0.0,0.0,0.0,0.0,0.0,0.0,0.0,0.0,0.0,0.0,0.0,0.0,0.0,0.0,0.0,0.0,0.0,0.0,0.0,0.0,0.0,0.0,0.0,0.0,0.0,0.0,0.0,0.0,0.0,0.0,0.0,0.0,268.0,0.0,0.0,0.0,0.0,0.0,0.0,561.0,6038.0,5260.0,0.0,0.0,0.0,0.0,0.0,0.0,0.0,0.0,402.0,0.0,0.0,0.0,0.0,0.0,0.0,0.0,1100.0,0.0,-70.0,20217.0,0.0,0.0,0.0
2020-06-01,0.0,0.0,0.0,1560.0,0.0,0.0,0.0,0.0,0.0,0.0,90.0,0.0,0.0,17080.0,67.0,0.0,0.0,24770.0,0.0,0.0,2800.0,1121.0,0.0,0.0,0.0,360.0,35.0,6310.0,0.0,0.0,315.0,0.0,0.0,0.0,0.0,12040.0,9832.0,600.0,4205.0,0.0,0.0,119.0,0.0,0.0,700.0,2050.0,0.0,2200.0,376.0,8532.0,0.0,635.0,0.0,0.0,0.0,930.0,0.0,35045.0,43597.0,0.0,400.0,0.0,0.0,510.0,11519.0,0.0,27302.0,75983.0,0.0,750.0,0.0,0.0,500.0,8273.0,300.0,0.0,0.0,0.0,0.0,200.0,0.0,0.0,0.0,0.0,0.0,0.0,0.0,0.0,1.0,0.0,12.0,0.0,0.0,0.0,0.0,0.0,0.0,0.0,0.0,0.0,0.0,0.0,0.0,0.0,0.0,0.0,0.0,0.0,0.0,0.0,0.0,0.0,0.0,0.0,0.0,0.0,0.0,0.0,0.0,0.0,0.0,0.0,0.0,0.0,0.0,0.0,0.0,0.0,0.0,0.0,0.0,0.0,0.0,0.0,0.0,0.0,0.0,0.0,0.0,0.0,0.0,0.0,0.0,0.0,12.0,0.0,0.0,0.0,0.0,0.0,0.0,0.0,0.0,0.0,5720.0,0.0,0.0,1700.0,0.0,0.0,0.0,0.0,0.0,0.0,27.0,0.0,0.0,0.0,0.0,0.0,0.0,0.0,35.0,0.0,0.0,0.0,0.0,0.0,0.0,24.0,556.0,0.0,0.0,0.0,1955.0,0.0,0.0,79.0,28.0,2.0,215.0,5.0,0.0,0.0,31.0,0.0,44.0,0.0,0.0,0.0,0.0,0.0,24.0,0.0,0.0,2.0,78.0,0.0,0.0,36.0,38.0,12.0,220.0,0.0,0.0,0.0,308.0,0.0,0.0,0.0,0.0,0.0,32.0,27.0,12.0,1.0,0.0,0.0,47.0,0.0,0.0,5.0,0.0,0.0,0.0,0.0,0.0,0.0,0.0,0.0,0.0,453.0,0.0,0.0,0.0,692.0,0.0,0.0,346.0,0.0,0.0,0.0,0.0,138.0,0.0,0.0,3304.0,0.0,0.0,0.0,898.0,0.0,0.0,0.0,0.0,0.0,15.0,21.0,0.0,226.0,0.0,0.0,0.0,0.0,129.0,81.0,28.0,29.0,0.0,0.0,0.0,0.0,0.0,0.0,227.0,0.0,0.0,136.0,0.0,0.0,0.0,0.0,0.0,0.0,0.0,0.0,50.0,0.0,1.0,4.0,0.0,0.0,0.0,0.0,2.0,0.0,2.0,0.0,0.0,1.0,0.0,0.0,0.0,0.0,0.0,0.0,1.0,0.0,0.0,0.0,1.0,1.0,0.0,1.0,0.0,0.0,0.0,0.0,0.0,0.0,0.0,0.0,0.0,0.0,1.0,0.0,0.0,0.0,0.0,0.0,0.0,0.0,0.0,0.0,0.0,0.0,0.0,0.0,0.0,0.0,0.0,0.0,0.0,0.0,0.0,0.0,0.0,0.0,2.0,0.0,0.0,0.0,0.0,0.0,0.0,0.0,0.0,0.0,0.0,2.0,0.0,0.0,0.0,0.0,0.0,0.0,1.0,0.0,0.0,0.0,0.0,0.0,1.0,0.0,1.0,0.0,0.0,0.0,0.0,0.0,0.0,0.0,0.0,0.0,0.0,1.0,0.0,0.0,0.0,0.0,0.0,0.0,1.0,0.0,0.0,0.0,0.0,0.0,0.0,0.0,0.0,0.0,0.0,0.0,0.0,0.0,0.0,0.0,0.0,0.0,0.0,0.0,0.0,0.0,0.0,8.0,0.0,0.0,0.0,0.0,0.0,12.0,42.0,0.0,0.0,363.0,0.0,1.0,0.0,0.0,0.0,0.0,0.0,0.0,0.0,0.0,0.0,1.0,0.0,0.0,0.0,0.0,0.0,0.0,0.0,0.0,0.0,0.0,0.0,0.0,0.0,0.0,18.0,3000.0,0.0,0.0,0.0,0.0,0.0,0.0,0.0,0.0,0.0,0.0,0.0,0.0,0.0,0.0,0.0,0.0,0.0,0.0,0.0,0.0,952.0,0.0,3000.0,9930.0,492.0,0.0,0.0,0.0,3211.0,1000.0,0.0,0.0,0.0,0.0,74.0,7000.0,0.0,2850.0,0.0,0.0,1165.0,4030.0,0.0,2257.0,200.0,1600.0,0.0,0.0,0.0,15811.0,0.0,0.0,0.0,45.0,0.0,126.0,0.0,0.0,0.0,0.0,0.0,0.0,0.0,3.0,0.0,0.0,3.0,0.0,0.0,0.0,0.0,0.0,0.0,714.0,0.0,0.0,0.0,0.0,0.0,0.0,0.0,0.0,0.0,0.0,0.0,0.0,0.0,0.0,0.0,0.0,0.0,0.0,0.0,0.0,0.0,0.0,0.0,0.0,0.0,0.0,0.0,0.0,0.0,0.0,0.0,0.0,0.0,0.0,0.0,0.0,0.0,0.0,0.0,0.0,0.0,0.0,0.0,254.0,0.0,0.0,0.0,0.0,0.0,0.0,245.0,12012.0,48843.0,0.0,0.0,0.0,0.0,0.0,0.0,0.0,0.0,320.0,0.0,0.0,0.0,0.0,0.0,0.0,0.0,1170.0,0.0,235.0,80.0,0.0,0.0,0.0
2020-07-01,0.0,0.0,0.0,0.0,0.0,0.0,0.0,0.0,80.0,0.0,150.0,0.0,0.0,9536.0,1650.0,0.0,0.0,43808.0,0.0,7160.0,150.0,1299.0,0.0,0.0,29020.0,0.0,0.0,5207.0,0.0,0.0,1881.0,0.0,0.0,0.0,0.0,2400.0,13474.0,0.0,6167.0,0.0,0.0,20.0,0.0,0.0,2940.0,5500.0,10000.0,2220.0,726.0,5978.0,0.0,814.0,971.0,0.0,0.0,1400.0,0.0,12602.0,48956.0,0.0,3190.0,0.0,132.0,908.0,11508.0,0.0,27050.0,110086.0,0.0,5175.0,1500.0,5050.0,9271.0,42.0,335.0,0.0,0.0,0.0,0.0,9204.0,0.0,0.0,0.0,0.0,0.0,0.0,0.0,0.0,1.0,0.0,8.0,0.0,4.0,0.0,0.0,0.0,0.0,0.0,0.0,0.0,0.0,0.0,0.0,0.0,0.0,0.0,0.0,0.0,0.0,0.0,0.0,0.0,0.0,0.0,0.0,0.0,0.0,0.0,0.0,0.0,0.0,0.0,0.0,0.0,0.0,0.0,0.0,0.0,0.0,0.0,0.0,0.0,0.0,0.0,0.0,0.0,3.0,0.0,0.0,0.0,0.0,0.0,0.0,0.0,78.0,0.0,6042.0,0.0,0.0,0.0,0.0,0.0,0.0,0.0,18300.0,0.0,0.0,21300.0,0.0,0.0,15000.0,0.0,0.0,0.0,194.0,0.0,0.0,0.0,0.0,0.0,15.0,2.0,26.0,0.0,0.0,181.0,0.0,0.0,0.0,10.0,1052.0,0.0,0.0,0.0,992.0,0.0,0.0,6.0,3.0,26.0,40.0,2.0,0.0,0.0,0.0,6.0,192.0,0.0,0.0,1.0,0.0,0.0,206.0,0.0,0.0,108.0,262.0,0.0,0.0,6.0,2.0,12.0,205.0,0.0,144.0,0.0,23.0,0.0,0.0,0.0,14.0,0.0,28.0,111.0,0.0,0.0,0.0,0.0,0.0,0.0,0.0,14.0,0.0,0.0,0.0,0.0,0.0,0.0,175.0,0.0,0.0,1200.0,0.0,0.0,0.0,250.0,0.0,0.0,0.0,0.0,0.0,0.0,0.0,732.0,0.0,0.0,1112.0,0.0,0.0,0.0,1079.0,0.0,0.0,0.0,0.0,0.0,106.0,21.0,0.0,278.0,0.0,0.0,0.0,0.0,0.0,21.0,0.0,0.0,5.0,10.0,0.0,0.0,6.0,0.0,141.0,0.0,16.0,186.0,0.0,0.0,1.0,0.0,68.0,0.0,0.0,0.0,79.0,0.0,0.0,2.0,2.0,1.0,0.0,0.0,3.0,3.0,0.0,0.0,2.0,0.0,0.0,2.0,0.0,0.0,0.0,2.0,1.0,0.0,0.0,0.0,1.0,0.0,0.0,1.0,0.0,0.0,0.0,0.0,0.0,4.0,0.0,0.0,0.0,0.0,5.0,1.0,2.0,0.0,4.0,0.0,0.0,0.0,0.0,0.0,0.0,0.0,0.0,0.0,0.0,1.0,0.0,0.0,0.0,0.0,0.0,0.0,0.0,0.0,0.0,0.0,2.0,0.0,2.0,0.0,0.0,0.0,0.0,0.0,0.0,0.0,0.0,2.0,0.0,0.0,0.0,0.0,0.0,0.0,2.0,0.0,0.0,0.0,0.0,0.0,1.0,0.0,0.0,0.0,1.0,0.0,0.0,0.0,0.0,0.0,0.0,1.0,0.0,0.0,0.0,0.0,0.0,0.0,0.0,0.0,0.0,0.0,0.0,0.0,0.0,0.0,0.0,0.0,0.0,0.0,0.0,0.0,0.0,0.0,0.0,0.0,0.0,0.0,0.0,0.0,0.0,0.0,0.0,0.0,0.0,0.0,4.0,0.0,0.0,46.0,0.0,55.0,0.0,2.0,0.0,0.0,0.0,0.0,0.0,0.0,0.0,0.0,0.0,0.0,0.0,0.0,0.0,360.0,0.0,0.0,0.0,0.0,0.0,0.0,0.0,10.0,0.0,0.0,464.0,0.0,0.0,0.0,0.0,0.0,0.0,0.0,0.0,0.0,0.0,0.0,0.0,0.0,0.0,0.0,0.0,0.0,0.0,0.0,0.0,0.0,0.0,1700.0,4850.0,2200.0,3280.0,0.0,0.0,0.0,0.0,0.0,0.0,0.0,0.0,2534.0,425.0,20730.0,0.0,3400.0,0.0,6457.0,800.0,10442.0,0.0,2377.0,0.0,0.0,0.0,0.0,-24.0,27073.0,0.0,0.0,0.0,47.0,0.0,35.0,0.0,0.0,0.0,0.0,0.0,0.0,0.0,305.0,0.0,0.0,-103.0,0.0,0.0,0.0,0.0,0.0,0.0,51.0,0.0,0.0,0.0,0.0,14.0,0.0,0.0,0.0,0.0,0.0,0.0,0.0,0.0,0.0,0.0,0.0,0.0,0.0,0.0,0.0,0.0,0.0,0.0,0.0,0.0,0.0,0.0,0.0,0.0,0.0,0.0,0.0,0.0,0.0,0.0,0.0,0.0,0.0,0.0,0.0,0.0,0.0,0.0,222.0,0.0,0.0,0.0,0.0,0.0,0.0,84.0,34668.0,107727.0,0.0,0.0,100.0,0.0,0.0,0.0,0.0,0.0,580.0,0.0,0.0,0.0,0.0,0.0,0.0,245.0,766.0,0.0,2951.0,90.0,0.0,0.0,0.0
2020-08-01,1560.0,0.0,0.0,0.0,0.0,0.0,0.0,0.0,0.0,0.0,90.0,0.0,0.0,2710.0,1925.0,0.0,0.0,31954.0,0.0,277.0,0.0,1411.0,0.0,0.0,8325.0,0.0,100.0,-1680.0,0.0,0.0,741.0,0.0,400.0,0.0,0.0,800.0,20315.0,0.0,7250.0,0.0,0.0,950.0,0.0,900.0,6950.0,1500.0,13530.0,3200.0,120.0,10213.0,0.0,747.0,0.0,0.0,0.0,0.0,0.0,14832.0,76535.0,0.0,2120.0,0.0,0.0,490.0,17046.0,400.0,40817.0,165868.0,0.0,8400.0,400.0,18438.0,1781.0,-252.0,20.0,0.0,5800.0,0.0,0.0,0.0,0.0,0.0,0.0,0.0,0.0,0.0,0.0,0.0,2.0,0.0,1.0,0.0,0.0,0.0,0.0,0.0,0.0,0.0,0.0,0.0,0.0,0.0,0.0,0.0,0.0,0.0,0.0,0.0,0.0,0.0,0.0,0.0,0.0,0.0,0.0,0.0,0.0,0.0,0.0,0.0,0.0,0.0,0.0,0.0,0.0,0.0,0.0,0.0,0.0,0.0,0.0,0.0,0.0,0.0,0.0,0.0,0.0,0.0,8.0,0.0,0.0,0.0,0.0,0.0,0.0,0.0,0.0,0.0,0.0,0.0,0.0,0.0,0.0,0.0,14000.0,0.0,0.0,1150.0,0.0,0.0,21438.0,0.0,0.0,0.0,97.0,0.0,500.0,0.0,0.0,0.0,0.0,0.0,29.0,0.0,0.0,36.0,0.0,0.0,0.0,17.0,977.0,0.0,0.0,0.0,1876.0,0.0,0.0,34.0,174.0,81.0,4.0,0.0,0.0,0.0,98.0,3.0,109.0,0.0,0.0,17.0,0.0,0.0,443.0,0.0,0.0,4.0,256.0,0.0,0.0,3.0,26.0,0.0,83.0,0.0,0.0,0.0,1.0,0.0,0.0,1.0,0.0,0.0,0.0,27.0,0.0,0.0,0.0,0.0,0.0,0.0,0.0,0.0,0.0,0.0,8.0,0.0,0.0,0.0,27.0,0.0,0.0,549.0,0.0,0.0,0.0,275.0,0.0,0.0,0.0,0.0,0.0,0.0,0.0,1011.0,0.0,0.0,0.0,0.0,0.0,0.0,172.0,0.0,0.0,0.0,0.0,0.0,359.0,179.0,0.0,318.0,0.0,0.0,38.0,0.0,0.0,1.0,0.0,0.0,0.0,0.0,0.0,0.0,0.0,0.0,32.0,0.0,28.0,58.0,0.0,0.0,0.0,1.0,2.0,2.0,0.0,0.0,0.0,51.0,1.0,0.0,0.0,51.0,0.0,0.0,0.0,28.0,0.0,0.0,0.0,0.0,0.0,0.0,0.0,0.0,0.0,1.0,0.0,0.0,0.0,0.0,0.0,0.0,0.0,1.0,1.0,0.0,0.0,0.0,50.0,0.0,0.0,0.0,0.0,0.0,0.0,0.0,0.0,0.0,0.0,0.0,0.0,0.0,1.0,0.0,0.0,0.0,0.0,1.0,0.0,0.0,0.0,0.0,0.0,0.0,0.0,0.0,0.0,0.0,0.0,27.0,0.0,0.0,0.0,0.0,0.0,0.0,0.0,0.0,0.0,0.0,50.0,0.0,0.0,0.0,0.0,0.0,1.0,0.0,0.0,0.0,0.0,0.0,0.0,0.0,0.0,0.0,0.0,0.0,0.0,0.0,0.0,0.0,0.0,0.0,0.0,0.0,0.0,0.0,0.0,0.0,0.0,0.0,0.0,0.0,0.0,0.0,0.0,0.0,0.0,0.0,0.0,0.0,0.0,0.0,0.0,0.0,0.0,0.0,0.0,0.0,0.0,0.0,0.0,0.0,0.0,0.0,0.0,0.0,0.0,0.0,0.0,0.0,0.0,0.0,0.0,0.0,26.0,0.0,0.0,0.0,0.0,0.0,0.0,1.0,0.0,1.0,0.0,1.0,0.0,0.0,0.0,0.0,250.0,0.0,0.0,0.0,0.0,0.0,0.0,0.0,0.0,12.0,12.0,0.0,0.0,0.0,0.0,0.0,0.0,0.0,0.0,0.0,0.0,0.0,0.0,0.0,0.0,0.0,0.0,0.0,0.0,0.0,0.0,0.0,0.0,0.0,0.0,1600.0,0.0,0.0,0.0,0.0,0.0,0.0,0.0,0.0,0.0,0.0,50.0,0.0,0.0,0.0,300.0,0.0,0.0,6115.0,4100.0,3533.0,4500.0,0.0,0.0,0.0,0.0,21756.0,0.0,0.0,0.0,31.0,0.0,122.0,0.0,0.0,0.0,0.0,0.0,0.0,0.0,0.0,0.0,0.0,200.0,0.0,0.0,0.0,486.0,0.0,0.0,0.0,0.0,0.0,0.0,0.0,7.0,0.0,0.0,0.0,0.0,0.0,0.0,0.0,0.0,0.0,0.0,0.0,0.0,0.0,0.0,0.0,0.0,0.0,0.0,0.0,0.0,0.0,0.0,0.0,0.0,0.0,0.0,0.0,0.0,0.0,0.0,0.0,0.0,0.0,0.0,0.0,0.0,0.0,0.0,0.0,0.0,0.0,0.0,0.0,0.0,0.0,199.0,35160.0,112608.0,0.0,0.0,200.0,0.0,0.0,0.0,0.0,0.0,192.0,0.0,0.0,0.0,0.0,0.0,0.0,592.0,0.0,0.0,215.0,30.0,0.0,0.0,0.0
2020-09-01,0.0,0.0,0.0,0.0,0.0,0.0,0.0,0.0,0.0,4310.0,4.0,0.0,0.0,15607.0,0.0,0.0,0.0,71278.0,0.0,340.0,0.0,4349.0,0.0,3000.0,24910.0,800.0,0.0,2000.0,0.0,0.0,369.0,0.0,60.0,0.0,0.0,0.0,10578.0,0.0,15356.0,0.0,0.0,136.0,0.0,8100.0,7660.0,492.0,1850.0,8385.0,620.0,7008.0,0.0,7299.0,0.0,0.0,0.0,0.0,0.0,24525.0,91416.0,0.0,2000.0,0.0,0.0,614.0,14471.0,600.0,45939.0,175419.0,0.0,1840.0,0.0,14570.0,0.0,0.0,0.0,0.0,0.0,0.0,0.0,0.0,800.0,0.0,0.0,0.0,0.0,0.0,0.0,15.0,10.0,0.0,0.0,0.0,0.0,0.0,0.0,0.0,0.0,0.0,0.0,0.0,0.0,0.0,0.0,0.0,0.0,0.0,0.0,0.0,0.0,0.0,0.0,0.0,0.0,0.0,0.0,0.0,0.0,0.0,0.0,0.0,0.0,0.0,0.0,0.0,0.0,0.0,0.0,0.0,0.0,0.0,0.0,0.0,0.0,0.0,0.0,0.0,0.0,0.0,0.0,0.0,0.0,0.0,0.0,79.0,2.0,0.0,0.0,0.0,0.0,0.0,0.0,0.0,0.0,0.0,25692.0,0.0,0.0,0.0,0.0,0.0,0.0,0.0,0.0,0.0,270.0,0.0,0.0,0.0,0.0,0.0,0.0,0.0,1070.0,0.0,0.0,50.0,0.0,0.0,0.0,4.0,1278.0,0.0,0.0,0.0,240.0,0.0,0.0,367.0,220.0,6.0,2.0,0.0,9.0,0.0,0.0,9.0,12.0,0.0,0.0,4.0,60.0,0.0,437.0,0.0,0.0,4.0,772.0,0.0,0.0,18.0,736.0,18.0,21.0,0.0,0.0,0.0,0.0,0.0,0.0,0.0,0.0,0.0,0.0,95.0,0.0,3.0,15.0,0.0,0.0,0.0,0.0,0.0,0.0,0.0,74.0,0.0,0.0,0.0,0.0,0.0,0.0,614.0,0.0,0.0,0.0,16.0,0.0,0.0,0.0,0.0,135.0,0.0,0.0,383.0,0.0,0.0,0.0,0.0,0.0,0.0,0.0,0.0,0.0,0.0,0.0,0.0,245.0,21.0,0.0,261.0,0.0,0.0,0.0,0.0,0.0,0.0,0.0,0.0,0.0,0.0,0.0,0.0,4.0,0.0,917.0,0.0,40.0,29.0,0.0,0.0,1.0,0.0,14.0,4.0,0.0,0.0,0.0,0.0,6.0,0.0,1.0,6.0,0.0,0.0,0.0,1.0,0.0,0.0,2.0,4.0,0.0,0.0,0.0,0.0,0.0,2.0,2.0,0.0,0.0,0.0,1.0,0.0,0.0,1.0,1.0,0.0,0.0,0.0,0.0,0.0,0.0,0.0,0.0,0.0,1.0,1.0,0.0,0.0,0.0,0.0,0.0,0.0,0.0,0.0,0.0,0.0,0.0,0.0,0.0,0.0,0.0,0.0,0.0,0.0,0.0,0.0,0.0,0.0,0.0,0.0,0.0,0.0,0.0,0.0,0.0,0.0,0.0,0.0,0.0,0.0,0.0,0.0,0.0,0.0,0.0,0.0,0.0,0.0,0.0,0.0,0.0,0.0,4.0,0.0,0.0,0.0,0.0,0.0,0.0,0.0,0.0,0.0,0.0,0.0,0.0,0.0,1.0,0.0,0.0,0.0,0.0,0.0,0.0,0.0,0.0,0.0,0.0,0.0,0.0,0.0,0.0,0.0,0.0,0.0,0.0,0.0,0.0,0.0,0.0,0.0,0.0,0.0,0.0,0.0,0.0,0.0,0.0,0.0,0.0,0.0,0.0,0.0,0.0,10.0,0.0,0.0,0.0,0.0,0.0,10.0,0.0,0.0,0.0,0.0,0.0,0.0,0.0,0.0,0.0,0.0,0.0,0.0,0.0,0.0,0.0,3.0,0.0,0.0,0.0,0.0,0.0,0.0,0.0,0.0,0.0,0.0,0.0,0.0,0.0,0.0,0.0,0.0,0.0,0.0,0.0,0.0,0.0,0.0,0.0,0.0,0.0,0.0,0.0,0.0,1020.0,0.0,0.0,9110.0,0.0,0.0,0.0,0.0,0.0,0.0,0.0,0.0,0.0,350.0,100.0,27260.0,0.0,0.0,11372.0,2448.0,0.0,0.0,0.0,3588.0,0.0,0.0,0.0,0.0,0.0,50190.0,0.0,0.0,0.0,64.0,0.0,108.0,0.0,0.0,0.0,0.0,0.0,0.0,0.0,0.0,0.0,0.0,0.0,0.0,0.0,0.0,0.0,0.0,0.0,0.0,0.0,0.0,0.0,0.0,0.0,0.0,0.0,0.0,0.0,0.0,0.0,0.0,0.0,0.0,0.0,0.0,0.0,0.0,0.0,0.0,0.0,0.0,0.0,0.0,0.0,0.0,0.0,0.0,0.0,0.0,0.0,0.0,0.0,0.0,0.0,0.0,0.0,0.0,0.0,0.0,0.0,0.0,0.0,0.0,0.0,0.0,0.0,0.0,0.0,0.0,943.0,42648.0,136189.0,0.0,0.0,380.0,0.0,0.0,0.0,0.0,0.0,0.0,0.0,0.0,0.0,0.0,0.0,0.0,405.0,0.0,0.0,225.0,0.0,0.0,0.0,0.0
2020-10-01,0.0,0.0,0.0,0.0,0.0,0.0,0.0,0.0,1426.0,4140.0,0.0,0.0,0.0,4649.0,70.0,0.0,0.0,30154.0,0.0,0.0,3267.0,4898.0,0.0,1522.0,17710.0,4120.0,0.0,0.0,0.0,0.0,623.0,0.0,0.0,0.0,0.0,3520.0,14577.0,1092.0,1089.0,0.0,0.0,566.0,0.0,1250.0,0.0,70.0,8905.0,10660.0,510.0,11546.0,0.0,824.0,90.0,0.0,0.0,270.0,0.0,28024.0,94243.0,0.0,1500.0,300.0,0.0,340.0,20491.0,1400.0,36530.0,151305.0,800.0,2480.0,0.0,18379.0,0.0,0.0,6.0,0.0,0.0,1900.0,0.0,0.0,0.0,0.0,0.0,0.0,0.0,0.0,0.0,12.0,0.0,170.0,0.0,0.0,3.0,31.0,0.0,0.0,0.0,0.0,0.0,0.0,0.0,0.0,0.0,0.0,0.0,0.0,0.0,0.0,0.0,0.0,0.0,0.0,0.0,0.0,0.0,0.0,0.0,0.0,0.0,0.0,0.0,0.0,0.0,0.0,0.0,0.0,0.0,0.0,0.0,0.0,0.0,0.0,0.0,0.0,0.0,0.0,0.0,0.0,35.0,0.0,0.0,0.0,0.0,0.0,0.0,0.0,0.0,0.0,0.0,0.0,0.0,0.0,0.0,0.0,46074.0,0.0,0.0,0.0,0.0,0.0,43926.0,0.0,0.0,0.0,404.0,0.0,0.0,0.0,0.0,0.0,102.0,0.0,462.0,0.0,0.0,15.0,0.0,0.0,43.0,0.0,306.0,0.0,0.0,0.0,0.0,0.0,0.0,419.0,0.0,72.0,0.0,0.0,0.0,0.0,0.0,4.0,0.0,0.0,0.0,0.0,97.0,0.0,12.0,0.0,0.0,0.0,0.0,0.0,0.0,37.0,31.0,48.0,4.0,6.0,0.0,0.0,0.0,0.0,0.0,0.0,0.0,0.0,142.0,185.0,0.0,6.0,0.0,0.0,0.0,0.0,0.0,0.0,0.0,0.0,138.0,0.0,0.0,0.0,4.0,0.0,0.0,0.0,0.0,0.0,0.0,0.0,0.0,0.0,0.0,0.0,1396.0,0.0,0.0,10.0,0.0,0.0,82.0,0.0,0.0,0.0,0.0,0.0,0.0,0.0,0.0,0.0,45.0,0.0,0.0,224.0,0.0,0.0,0.0,0.0,0.0,0.0,0.0,0.0,0.0,0.0,0.0,0.0,0.0,0.0,3.0,0.0,0.0,26.0,0.0,0.0,0.0,0.0,4.0,0.0,0.0,0.0,0.0,0.0,0.0,0.0,0.0,0.0,0.0,0.0,0.0,0.0,0.0,0.0,1.0,0.0,0.0,0.0,0.0,0.0,0.0,1.0,0.0,0.0,0.0,1.0,0.0,0.0,0.0,0.0,0.0,0.0,0.0,0.0,0.0,3.0,0.0,0.0,0.0,0.0,0.0,0.0,0.0,0.0,0.0,2.0,0.0,0.0,0.0,2.0,0.0,0.0,0.0,0.0,1.0,0.0,0.0,2.0,0.0,0.0,0.0,3.0,0.0,0.0,0.0,0.0,1.0,0.0,1.0,0.0,0.0,0.0,0.0,0.0,0.0,0.0,0.0,0.0,0.0,0.0,0.0,0.0,0.0,1.0,0.0,0.0,0.0,0.0,0.0,0.0,1.0,0.0,0.0,1.0,0.0,0.0,0.0,0.0,3.0,3.0,0.0,0.0,3.0,0.0,0.0,0.0,0.0,0.0,0.0,1.0,0.0,0.0,0.0,0.0,0.0,0.0,0.0,0.0,0.0,0.0,0.0,0.0,0.0,0.0,0.0,0.0,1.0,0.0,0.0,0.0,0.0,0.0,0.0,0.0,0.0,0.0,0.0,0.0,0.0,0.0,0.0,0.0,0.0,0.0,0.0,0.0,0.0,0.0,0.0,0.0,0.0,2.0,0.0,0.0,0.0,2.0,0.0,0.0,0.0,0.0,0.0,0.0,0.0,0.0,10.0,0.0,2.0,2.0,0.0,0.0,0.0,0.0,0.0,0.0,0.0,0.0,90.0,0.0,240.0,0.0,140.0,0.0,0.0,0.0,0.0,0.0,0.0,0.0,0.0,0.0,0.0,0.0,10.0,740.0,0.0,0.0,1.0,0.0,0.0,0.0,0.0,0.0,0.0,2400.0,39.0,6500.0,12400.0,0.0,0.0,2409.0,200.0,0.0,0.0,3999.0,0.0,0.0,0.0,0.0,0.0,27636.0,0.0,0.0,0.0,53.0,0.0,30.0,0.0,0.0,0.0,0.0,0.0,0.0,0.0,312.0,0.0,0.0,0.0,0.0,78.0,0.0,0.0,0.0,0.0,0.0,0.0,0.0,8.0,0.0,0.0,0.0,0.0,0.0,0.0,0.0,0.0,0.0,0.0,0.0,0.0,0.0,0.0,0.0,0.0,0.0,0.0,0.0,0.0,0.0,0.0,0.0,0.0,0.0,0.0,0.0,3.0,0.0,0.0,0.0,0.0,0.0,0.0,0.0,0.0,0.0,0.0,0.0,0.0,0.0,0.0,0.0,0.0,0.0,0.0,0.0,1428.0,46690.0,111604.0,0.0,0.0,292.0,0.0,0.0,0.0,0.0,0.0,40.0,0.0,0.0,0.0,0.0,0.0,0.0,100.0,0.0,0.0,3014.0,0.0,0.0,0.0,0.0
2020-11-01,1188.0,120.0,10.0,116.0,0.0,0.0,0.0,0.0,10260.0,0.0,6808.0,0.0,0.0,14654.0,5500.0,0.0,0.0,29171.0,0.0,4376.0,5919.0,133.0,0.0,2950.0,3010.0,7000.0,0.0,1520.0,0.0,0.0,1531.0,0.0,1000.0,0.0,0.0,3215.0,6421.0,200.0,8562.0,0.0,0.0,425.0,0.0,0.0,2840.0,0.0,0.0,880.0,1048.0,5320.0,0.0,1454.0,1700.0,0.0,0.0,0.0,0.0,22030.0,83821.0,0.0,510.0,0.0,0.0,1920.0,21736.0,1200.0,43982.0,166553.0,200.0,6960.0,0.0,14498.0,0.0,0.0,0.0,0.0,0.0,2800.0,0.0,0.0,0.0,0.0,0.0,0.0,0.0,0.0,0.0,236.0,0.0,0.0,0.0,0.0,3.0,16.0,0.0,0.0,0.0,0.0,0.0,0.0,0.0,0.0,0.0,0.0,0.0,0.0,0.0,0.0,0.0,0.0,0.0,0.0,0.0,0.0,0.0,0.0,0.0,0.0,0.0,0.0,0.0,0.0,0.0,0.0,0.0,0.0,0.0,0.0,0.0,0.0,0.0,0.0,0.0,0.0,0.0,0.0,0.0,0.0,0.0,0.0,0.0,0.0,0.0,0.0,46.0,0.0,0.0,0.0,0.0,0.0,0.0,0.0,0.0,0.0,0.0,0.0,0.0,0.0,0.0,0.0,0.0,0.0,0.0,0.0,236.0,0.0,50.0,0.0,0.0,0.0,6.0,0.0,1012.0,0.0,0.0,490.0,0.0,0.0,44.0,0.0,442.0,0.0,0.0,0.0,1300.0,0.0,0.0,472.0,0.0,26.0,0.0,0.0,0.0,0.0,0.0,5.0,0.0,0.0,0.0,0.0,94.0,0.0,4.0,0.0,0.0,8.0,0.0,0.0,0.0,18.0,104.0,6.0,507.0,0.0,0.0,0.0,0.0,0.0,0.0,0.0,0.0,0.0,13.0,1378.0,0.0,0.0,0.0,0.0,0.0,0.0,0.0,0.0,0.0,0.0,23.0,0.0,0.0,0.0,0.0,0.0,0.0,0.0,0.0,0.0,0.0,0.0,0.0,0.0,0.0,0.0,277.0,0.0,0.0,0.0,0.0,0.0,361.0,0.0,0.0,0.0,131.0,0.0,0.0,0.0,0.0,0.0,124.0,35.0,0.0,1604.0,0.0,0.0,0.0,0.0,0.0,0.0,0.0,0.0,0.0,3.0,0.0,0.0,0.0,0.0,707.0,0.0,0.0,47.0,0.0,0.0,0.0,0.0,2.0,0.0,0.0,0.0,0.0,0.0,2.0,0.0,1.0,0.0,0.0,0.0,0.0,0.0,0.0,0.0,2.0,2.0,0.0,0.0,1.0,0.0,0.0,0.0,0.0,0.0,0.0,2.0,0.0,0.0,0.0,0.0,0.0,0.0,0.0,0.0,0.0,0.0,0.0,0.0,0.0,0.0,1.0,0.0,0.0,0.0,0.0,0.0,0.0,0.0,0.0,0.0,0.0,0.0,0.0,0.0,0.0,0.0,0.0,0.0,0.0,0.0,0.0,0.0,0.0,0.0,0.0,0.0,0.0,0.0,0.0,0.0,0.0,0.0,0.0,0.0,0.0,0.0,0.0,0.0,0.0,0.0,0.0,0.0,0.0,0.0,0.0,0.0,0.0,0.0,0.0,0.0,0.0,0.0,0.0,0.0,0.0,0.0,0.0,0.0,1.0,0.0,0.0,0.0,0.0,0.0,0.0,0.0,0.0,0.0,0.0,0.0,0.0,0.0,1.0,0.0,0.0,0.0,0.0,0.0,0.0,0.0,0.0,0.0,0.0,0.0,0.0,0.0,0.0,0.0,0.0,0.0,0.0,0.0,0.0,0.0,0.0,0.0,0.0,3.0,0.0,0.0,0.0,0.0,0.0,0.0,1.0,36.0,1.0,0.0,0.0,0.0,0.0,1.0,1.0,1.0,1.0,0.0,0.0,0.0,0.0,0.0,0.0,0.0,0.0,0.0,0.0,0.0,0.0,0.0,18.0,0.0,0.0,0.0,0.0,0.0,0.0,0.0,0.0,0.0,0.0,0.0,0.0,0.0,0.0,0.0,0.0,0.0,0.0,0.0,0.0,0.0,0.0,0.0,810.0,1250.0,0.0,0.0,0.0,0.0,0.0,0.0,0.0,0.0,0.0,410.0,100.0,2375.0,400.0,0.0,0.0,0.0,0.0,0.0,0.0,15637.0,0.0,0.0,0.0,0.0,0.0,16254.0,0.0,0.0,0.0,61.0,0.0,164.0,0.0,0.0,0.0,0.0,0.0,0.0,0.0,0.0,0.0,0.0,15.0,0.0,0.0,0.0,0.0,0.0,0.0,0.0,0.0,0.0,0.0,0.0,0.0,1000.0,450.0,200.0,0.0,0.0,0.0,0.0,0.0,380.0,0.0,0.0,0.0,0.0,0.0,0.0,0.0,0.0,0.0,0.0,0.0,0.0,0.0,0.0,0.0,0.0,0.0,0.0,0.0,0.0,0.0,0.0,0.0,0.0,0.0,0.0,0.0,0.0,0.0,0.0,0.0,0.0,0.0,0.0,0.0,0.0,102.0,46220.0,112674.0,0.0,0.0,0.0,0.0,0.0,0.0,0.0,0.0,0.0,0.0,0.0,0.0,0.0,0.0,0.0,0.0,0.0,4400.0,9980.0,0.0,0.0,0.0,0.0
2020-12-01,0.0,0.0,0.0,0.0,0.0,0.0,0.0,0.0,0.0,0.0,0.0,0.0,0.0,5807.0,0.0,0.0,350.0,59820.0,5300.0,4450.0,679.0,0.0,0.0,2780.0,1040.0,7840.0,0.0,0.0,0.0,0.0,882.0,0.0,0.0,0.0,0.0,1190.0,5478.0,2520.0,5531.0,0.0,0.0,-307.0,0.0,0.0,50.0,-472.0,250.0,0.0,450.0,8881.0,0.0,584.0,368.0,0.0,0.0,0.0,0.0,16803.0,71890.0,0.0,5712.0,0.0,0.0,343.0,15851.0,800.0,39709.0,146216.0,400.0,6200.0,90.0,7094.0,0.0,0.0,580.0,0.0,0.0,0.0,0.0,0.0,0.0,0.0,0.0,0.0,0.0,0.0,0.0,0.0,0.0,0.0,0.0,0.0,3.0,0.0,0.0,0.0,0.0,0.0,1.0,1.0,2.0,3.0,1.0,0.0,0.0,1.0,0.0,1.0,1.0,2.0,0.0,0.0,4.0,0.0,0.0,2.0,0.0,0.0,0.0,0.0,0.0,0.0,0.0,0.0,0.0,0.0,2.0,0.0,3.0,0.0,0.0,0.0,0.0,0.0,0.0,1.2,0.0,0.0,4.0,0.0,0.0,0.0,10.0,0.0,0.0,0.0,0.0,0.0,0.0,0.0,0.0,0.0,0.0,0.0,10000.0,0.0,0.0,5000.0,0.0,0.0,0.0,0.0,0.0,0.0,23.0,0.0,0.0,0.0,0.0,0.0,0.0,0.0,24.0,0.0,0.0,290.0,0.0,0.0,21.0,0.0,1191.0,0.0,0.0,0.0,1396.0,0.0,0.0,277.0,0.0,15.0,0.0,1.0,0.0,0.0,0.0,13.0,7.0,0.0,0.0,0.0,116.0,0.0,0.0,0.0,0.0,0.0,52.0,0.0,0.0,67.0,361.0,13.0,104.0,0.0,0.0,0.0,0.0,0.0,0.0,0.0,90.0,0.0,36.0,113.0,0.0,1.0,0.0,0.0,0.0,0.0,0.0,0.0,0.0,0.0,1.0,0.0,0.0,0.0,0.0,0.0,0.0,0.0,0.0,0.0,0.0,0.0,0.0,0.0,0.0,0.0,80.0,0.0,0.0,0.0,0.0,0.0,650.0,0.0,0.0,0.0,1024.0,0.0,0.0,0.0,0.0,0.0,291.0,0.0,0.0,695.0,0.0,0.0,0.0,0.0,0.0,0.0,0.0,0.0,0.0,0.0,0.0,0.0,0.0,0.0,46.0,0.0,0.0,1.0,0.0,0.0,30.0,0.0,0.0,0.0,0.0,0.0,7.0,2.0,7.0,1.0,0.0,2.0,1.0,0.0,1.0,0.0,3.0,0.0,0.0,0.0,1.0,0.0,2.0,0.0,0.0,1.0,0.0,0.0,0.0,1.0,0.0,0.0,0.0,1.0,0.0,0.0,0.0,0.0,0.0,0.0,0.0,1.0,0.0,0.0,3.0,4.0,0.0,0.0,2.0,0.0,0.0,0.0,8.0,0.0,0.0,0.0,0.0,1.0,0.0,0.0,0.0,0.0,0.0,0.0,0.0,3.0,0.0,0.0,1.0,0.0,0.0,0.0,1.0,0.0,0.0,0.0,0.0,0.0,0.0,0.0,5.0,0.0,0.0,1.0,0.0,0.0,2.0,0.0,0.0,0.0,0.0,0.0,2.0,0.0,0.0,0.0,0.0,0.0,0.0,0.0,0.0,0.0,1.0,0.0,0.0,2.0,0.0,0.0,6.0,0.0,0.0,0.0,0.0,0.0,0.0,0.0,5.0,0.0,0.0,0.0,0.0,0.0,0.0,0.0,0.0,0.0,0.0,0.0,0.0,0.0,0.0,0.0,0.0,0.0,0.0,0.0,0.0,0.0,0.0,0.0,0.0,0.0,0.0,0.0,0.0,0.0,0.0,0.0,300.0,0.0,254.0,0.0,0.0,0.0,1.0,0.0,2.0,0.0,1.0,0.0,0.0,354.0,0.0,0.0,0.0,0.0,0.0,0.0,0.0,0.0,0.0,0.0,0.0,0.0,0.0,0.0,0.0,0.0,0.0,0.0,0.0,8.0,0.0,0.0,0.0,40.0,0.0,0.0,0.0,0.0,0.0,0.0,0.0,0.0,800.0,0.0,1.0,4610.0,124.0,0.0,0.0,0.0,0.0,0.0,0.0,0.0,0.0,100.0,500.0,1900.0,0.0,0.0,0.0,0.0,0.0,0.0,0.0,6233.0,0.0,0.0,0.0,0.0,0.0,5586.0,0.0,0.0,0.0,0.0,0.0,342.0,0.0,0.0,0.0,0.0,0.0,0.0,0.0,0.0,0.0,0.0,0.0,0.0,96.0,0.0,0.0,0.0,0.0,0.0,0.0,0.0,0.0,0.0,0.0,0.0,0.0,0.0,0.0,0.0,0.0,0.0,0.0,0.0,0.0,0.0,0.0,0.0,0.0,0.0,0.0,0.0,0.0,0.0,0.0,0.0,0.0,0.0,0.0,0.0,0.0,0.0,0.0,0.0,0.0,0.0,0.0,0.0,0.0,0.0,0.0,0.0,0.0,0.0,10.0,0.0,0.0,0.0,0.0,0.0,145.0,44234.0,108903.0,0.0,0.0,224.0,0.0,0.0,0.0,0.0,0.0,0.0,0.0,0.0,0.0,0.0,0.0,0.0,0.0,0.0,0.0,1334.0,9100.0,0.0,0.0,0.0
2021-01-01,0.0,0.0,0.0,0.0,0.0,0.0,0.0,0.0,1800.0,0.0,0.0,0.0,0.0,6474.0,450.0,0.0,2300.0,38053.0,0.0,1045.0,220.0,0.0,30.0,1160.0,804.0,2125.0,0.0,0.0,0.0,0.0,0.0,0.0,0.0,0.0,0.0,620.0,17605.0,0.0,5173.0,0.0,0.0,323.0,0.0,0.0,4500.0,0.0,5400.0,15.0,270.0,8536.0,0.0,31.0,513.0,0.0,0.0,0.0,0.0,29992.0,94333.0,0.0,2580.0,0.0,0.0,1012.0,14725.0,1400.0,50647.0,147214.0,0.0,3050.0,142.0,8485.0,0.0,0.0,170.0,0.0,0.0,1482.0,0.0,0.0,0.0,0.0,0.0,0.0,0.0,0.0,0.0,0.0,0.0,0.0,0.0,0.0,1.0,0.0,0.0,0.0,0.0,0.0,0.0,2.0,1.0,0.0,0.0,0.0,1.0,0.0,0.0,3.0,0.0,1.0,1.0,0.0,4.0,0.0,0.0,0.0,0.0,0.0,0.0,0.0,1.0,0.0,1.0,0.0,0.0,0.0,0.0,1.0,2.0,0.0,1.0,1.0,0.0,0.0,1.0,0.0,0.0,0.0,0.0,9.0,0.0,0.0,0.0,0.0,0.0,0.0,0.0,0.0,0.0,0.0,0.0,0.0,0.0,0.0,0.0,0.0,0.0,0.0,0.0,0.0,0.0,0.0,0.0,4032.0,330.0,0.0,0.0,0.0,0.0,0.0,0.0,0.0,338.0,0.0,0.0,593.0,0.0,0.0,0.0,0.0,127.0,0.0,0.0,0.0,3251.0,0.0,0.0,225.0,0.0,20.0,0.0,0.0,0.0,0.0,0.0,0.0,0.0,0.0,0.0,0.0,33.0,0.0,6.0,0.0,0.0,4.0,0.0,0.0,0.0,17.0,60.0,8.0,12.0,0.0,0.0,0.0,0.0,0.0,0.0,0.0,0.0,0.0,0.0,73.0,0.0,11.0,0.0,0.0,0.0,0.0,0.0,0.0,0.0,0.0,0.0,0.0,0.0,0.0,0.0,0.0,0.0,0.0,0.0,0.0,0.0,0.0,0.0,0.0,0.0,0.0,1.0,0.0,0.0,0.0,0.0,0.0,1982.0,0.0,0.0,0.0,2930.0,0.0,0.0,1884.0,0.0,0.0,25.0,7.0,0.0,144.0,0.0,0.0,2.0,0.0,0.0,0.0,0.0,0.0,0.0,0.0,0.0,0.0,150.0,0.0,785.0,0.0,0.0,114.0,0.0,0.0,1.0,0.0,0.0,0.0,0.0,0.0,0.0,1.0,0.0,0.0,1.0,0.0,0.0,0.0,1.0,0.0,0.0,0.0,0.0,0.0,0.0,2.0,0.0,0.0,0.0,1.0,2.0,0.0,0.0,0.0,0.0,0.0,0.0,1.0,0.0,0.0,0.0,0.0,0.0,0.0,0.0,0.0,0.0,0.0,1.0,0.0,0.0,0.0,0.0,0.0,0.0,0.0,1.0,0.0,0.0,0.0,0.0,0.0,0.0,0.0,0.0,0.0,0.0,0.0,0.0,0.0,0.0,0.0,0.0,0.0,0.0,0.0,0.0,0.0,0.0,0.0,0.0,0.0,0.0,0.0,0.0,0.0,0.0,2.0,0.0,0.0,0.0,0.0,0.0,0.0,0.0,0.0,0.0,0.0,0.0,0.0,0.0,0.0,0.0,0.0,0.0,0.0,0.0,0.0,0.0,0.0,0.0,0.0,0.0,0.0,0.0,0.0,0.0,0.0,0.0,0.0,0.0,0.0,0.0,0.0,0.0,0.0,0.0,0.0,0.0,0.0,0.0,0.0,0.0,0.0,0.0,10.0,0.0,0.0,0.0,2.0,8.0,0.0,4.0,0.0,0.0,1.0,0.0,0.0,1.0,5.0,0.0,0.0,0.0,0.0,0.0,0.0,0.0,1.0,0.0,2.0,0.0,2.0,2.0,0.0,0.0,0.0,0.0,0.0,2.0,0.0,0.0,0.0,0.0,0.0,2.0,0.0,1540.0,4675.0,1540.0,0.0,0.0,0.0,0.0,0.0,0.0,0.0,0.0,0.0,0.0,0.0,0.0,0.0,0.0,0.0,0.0,0.0,0.0,0.0,0.0,1000.0,0.0,0.0,0.0,0.0,0.0,0.0,0.0,0.0,0.0,0.0,0.0,6042.0,137.0,16100.0,2666.0,0.0,0.0,0.0,67.0,10.0,0.0,7164.0,0.0,0.0,0.0,0.0,0.0,21924.0,0.0,0.0,0.0,12.0,0.0,149.0,0.0,0.0,0.0,0.0,0.0,0.0,0.0,0.0,0.0,0.0,0.0,0.0,0.0,0.0,0.0,0.0,0.0,0.0,0.0,0.0,0.0,0.0,0.0,0.0,0.0,0.0,0.0,0.0,0.0,0.0,0.0,0.0,0.0,0.0,0.0,0.0,0.0,0.0,0.0,0.0,0.0,0.0,0.0,0.0,0.0,0.0,0.0,0.0,0.0,0.0,0.0,0.0,0.0,0.0,0.0,0.0,0.0,0.0,0.0,0.0,0.0,0.0,0.0,0.0,0.0,0.0,0.0,0.0,730.0,29522.0,85808.0,0.0,0.0,0.0,0.0,0.0,0.0,0.0,0.0,0.0,0.0,0.0,0.0,0.0,0.0,0.0,0.0,0.0,0.0,2545.0,10850.0,0.0,0.0,0.0
2021-02-01,0.0,0.0,0.0,0.0,0.0,0.0,0.0,0.0,0.0,1824.0,0.0,0.0,0.0,12611.0,0.0,0.0,0.0,20412.0,0.0,10150.0,0.0,0.0,269.0,440.0,10134.0,711.0,0.0,0.0,0.0,0.0,0.0,0.0,100.0,0.0,0.0,1000.0,6719.0,340.0,21491.0,0.0,0.0,3.0,0.0,0.0,1250.0,0.0,0.0,0.0,910.0,10431.0,0.0,660.0,25.0,0.0,0.0,0.0,0.0,29040.0,87573.0,0.0,4750.0,0.0,0.0,320.0,21749.0,1600.0,31600.0,176640.0,0.0,6150.0,217.0,9485.0,0.0,0.0,430.0,0.0,0.0,0.0,0.0,0.0,200.0,0.0,0.0,0.0,0.0,95.0,0.0,420.0,0.0,0.0,0.0,17.0,34.0,36.0,0.0,0.0,0.0,0.0,0.0,0.0,0.0,0.0,0.0,0.0,0.0,0.0,0.0,0.0,0.0,0.0,0.0,0.0,0.0,0.0,0.0,0.0,0.0,0.0,0.0,0.0,0.0,0.0,0.0,0.0,0.0,0.0,0.0,0.0,0.0,0.0,0.0,0.0,0.0,0.0,0.0,0.0,0.0,0.0,42.0,8.0,0.0,0.0,33.0,0.0,0.0,0.0,0.0,0.0,0.0,0.0,0.0,0.0,0.0,0.0,5000.0,0.0,0.0,0.0,0.0,0.0,0.0,0.0,0.0,4032.0,8.0,0.0,0.0,0.0,0.0,0.0,0.0,0.0,35.0,0.0,0.0,400.0,0.0,0.0,2.0,0.0,279.0,0.0,0.0,0.0,9564.0,0.0,0.0,5.0,0.0,12.0,0.0,0.0,0.0,0.0,0.0,15.0,0.0,0.0,0.0,0.0,63.0,0.0,0.0,0.0,0.0,0.0,0.0,0.0,0.0,2.0,26.0,0.0,83.0,1.0,0.0,0.0,0.0,0.0,0.0,0.0,0.0,0.0,0.0,1382.0,0.0,2.0,0.0,0.0,0.0,0.0,0.0,0.0,0.0,0.0,0.0,0.0,0.0,0.0,0.0,0.0,0.0,0.0,0.0,0.0,0.0,0.0,0.0,0.0,0.0,0.0,18.0,0.0,0.0,0.0,0.0,0.0,2487.0,0.0,0.0,0.0,10715.0,0.0,0.0,2292.0,0.0,0.0,206.0,45.0,0.0,935.0,0.0,0.0,0.0,0.0,0.0,0.0,0.0,0.0,0.0,26.0,0.0,0.0,0.0,0.0,12.0,0.0,0.0,4.0,0.0,0.0,1.0,0.0,1.0,0.0,0.0,0.0,0.0,15.0,0.0,0.0,0.0,10.0,0.0,0.0,0.0,0.0,0.0,0.0,0.0,0.0,0.0,0.0,0.0,0.0,0.0,20.0,0.0,0.0,0.0,0.0,0.0,0.0,0.0,0.0,0.0,0.0,8.0,0.0,30.0,0.0,0.0,0.0,0.0,0.0,0.0,20.0,0.0,0.0,0.0,0.0,0.0,0.0,0.0,20.0,0.0,0.0,0.0,0.0,0.0,0.0,0.0,0.0,1.0,0.0,0.0,10.0,0.0,0.0,0.0,0.0,0.0,0.0,0.0,0.0,0.0,0.0,0.0,0.0,0.0,0.0,6.0,0.0,0.0,2.0,0.0,10.0,0.0,10.0,0.0,0.0,0.0,0.0,31.0,10.0,0.0,0.0,0.0,0.0,0.0,0.0,0.0,0.0,0.0,0.0,0.0,2.0,20.0,0.0,0.0,0.0,0.0,0.0,0.0,0.0,0.0,0.0,2.0,0.0,0.0,0.0,0.0,0.0,0.0,0.0,0.0,0.0,0.0,0.0,0.0,0.0,0.0,0.0,8.0,0.0,0.0,11.0,0.0,0.0,0.0,16.0,0.0,0.0,0.0,0.0,0.0,0.0,0.0,0.0,50.0,0.0,0.0,0.0,0.0,0.0,0.0,0.0,0.0,0.0,0.0,0.0,0.0,0.0,0.0,0.0,0.0,0.0,0.0,0.0,0.0,0.0,0.0,0.0,0.0,3705.0,0.0,0.0,0.0,0.0,0.0,0.0,0.0,0.0,0.0,0.0,0.0,0.0,0.0,0.0,0.0,0.0,0.0,0.0,0.0,0.0,0.0,0.0,0.0,7000.0,9730.0,0.0,20.0,0.0,0.0,0.0,0.0,0.0,0.0,350.0,5.0,0.0,0.0,0.0,0.0,24.0,0.0,0.0,0.0,212.0,0.0,0.0,0.0,0.0,4578.0,9796.0,0.0,0.0,0.0,30.0,0.0,612.0,0.0,0.0,0.0,0.0,0.0,0.0,0.0,0.0,0.0,0.0,0.0,0.0,0.0,0.0,0.0,0.0,0.0,0.0,0.0,0.0,0.0,0.0,0.0,0.0,0.0,0.0,0.0,0.0,0.0,0.0,0.0,0.0,0.0,0.0,0.0,0.0,0.0,0.0,0.0,0.0,0.0,0.0,0.0,0.0,0.0,0.0,0.0,0.0,0.0,0.0,0.0,3500.0,0.0,0.0,0.0,0.0,0.0,0.0,0.0,0.0,0.0,0.0,40.0,0.0,0.0,0.0,0.0,0.0,60.0,27514.0,106568.0,0.0,0.0,472.0,0.0,0.0,0.0,0.0,0.0,0.0,0.0,0.0,0.0,0.0,0.0,0.0,0.0,0.0,0.0,1990.0,57030.0,0.0,0.0,0.0
2021-03-01,0.0,0.0,0.0,0.0,0.0,0.0,0.0,0.0,0.0,1140.0,0.0,0.0,0.0,10917.0,0.0,0.0,592.0,22752.0,0.0,4510.0,2.0,0.0,0.0,284.0,106.0,1400.0,0.0,14191.0,0.0,0.0,0.0,0.0,0.0,0.0,0.0,525.0,11218.0,710.0,19604.0,0.0,0.0,374.0,0.0,0.0,1250.0,235.0,0.0,150.0,236.0,11675.0,0.0,24.0,505.0,0.0,0.0,0.0,0.0,29433.0,107625.0,0.0,4540.0,0.0,0.0,1769.0,17244.0,1800.0,62979.0,165057.0,1401.0,7350.0,6705.0,10815.0,0.0,0.0,44.0,0.0,0.0,0.0,0.0,0.0,0.0,0.0,0.0,0.0,0.0,0.0,0.0,0.0,2.0,0.0,0.0,10.0,0.0,22.0,27.0,0.0,0.0,0.0,11.0,0.0,0.0,3.0,0.0,0.0,0.0,0.0,0.0,10.0,0.0,1.0,3.0,7.0,12.0,0.0,4.0,0.0,0.0,5.0,0.0,0.0,2.0,2.0,6.0,2.0,2.0,1.0,7.0,7.0,7.0,3.0,2.0,0.0,0.0,0.0,1.0,0.0,0.0,0.0,75.0,1.0,0.0,0.0,14.0,0.0,0.0,0.0,0.0,0.0,0.0,0.0,0.0,0.0,0.0,0.0,7200.0,0.0,0.0,3000.0,0.0,0.0,0.0,0.0,0.0,17640.0,6.0,0.0,0.0,0.0,0.0,0.0,0.0,0.0,127.0,0.0,0.0,510.0,0.0,0.0,2.0,0.0,1369.0,0.0,0.0,0.0,5927.0,0.0,0.0,29.0,0.0,28.0,0.0,0.0,0.0,0.0,0.0,5.0,0.0,0.0,0.0,0.0,17.0,0.0,0.0,0.0,0.0,0.0,0.0,0.0,0.0,42.0,214.0,0.0,140.0,6.0,6.0,0.0,0.0,0.0,0.0,0.0,36.0,61.0,90.0,49.0,0.0,0.0,0.0,0.0,0.0,0.0,0.0,1.0,0.0,0.0,0.0,0.0,0.0,0.0,0.0,0.0,0.0,0.0,0.0,0.0,0.0,2.0,0.0,0.0,0.0,0.0,2.0,0.0,0.0,0.0,0.0,0.0,6818.0,0.0,0.0,0.0,13010.0,0.0,0.0,542.0,0.0,0.0,246.0,311.0,0.0,223.0,0.0,0.0,0.0,0.0,0.0,0.0,0.0,0.0,0.0,0.0,0.0,0.0,112.0,0.0,7.0,0.0,0.0,93.0,0.0,0.0,0.0,0.0,0.0,0.0,0.0,0.0,0.0,20.0,0.0,0.0,0.0,0.0,0.0,0.0,0.0,0.0,0.0,0.0,0.0,0.0,0.0,0.0,0.0,0.0,0.0,20.0,0.0,0.0,0.0,0.0,0.0,0.0,0.0,0.0,0.0,0.0,0.0,0.0,0.0,0.0,0.0,20.0,0.0,0.0,0.0,0.0,0.0,0.0,0.0,0.0,0.0,0.0,0.0,0.0,0.0,0.0,0.0,0.0,0.0,0.0,0.0,0.0,0.0,0.0,0.0,0.0,0.0,0.0,20.0,0.0,0.0,0.0,0.0,0.0,0.0,0.0,0.0,0.0,0.0,0.0,0.0,0.0,0.0,0.0,0.0,0.0,0.0,0.0,0.0,0.0,0.0,0.0,0.0,20.0,0.0,0.0,0.0,0.0,0.0,0.0,0.0,0.0,20.0,0.0,0.0,0.0,20.0,0.0,0.0,0.0,0.0,0.0,0.0,0.0,0.0,0.0,20.0,0.0,0.0,0.0,0.0,0.0,0.0,0.0,0.0,0.0,0.0,0.0,0.0,0.0,0.0,0.0,0.0,0.0,0.0,12.0,0.0,0.0,0.0,0.0,0.0,0.0,0.0,0.0,0.0,0.0,0.0,0.0,0.0,0.0,0.0,0.0,0.0,3.0,5.0,0.0,0.0,0.0,6.0,0.0,0.0,0.0,0.0,0.0,0.0,0.0,0.0,0.0,0.0,0.0,0.0,0.0,210.0,456.0,0.0,0.0,0.0,0.0,0.0,0.0,0.0,0.0,0.0,0.0,0.0,0.0,0.0,0.0,0.0,0.0,0.0,0.0,0.0,0.0,0.0,0.0,0.0,300.0,550.0,0.0,0.0,0.0,0.0,0.0,0.0,0.0,0.0,1679.0,400.0,0.0,0.0,0.0,0.0,0.0,0.0,0.0,0.0,0.0,0.0,0.0,1200.0,0.0,0.0,0.0,0.0,0.0,0.0,21.0,26.0,168.0,0.0,0.0,0.0,0.0,0.0,0.0,0.0,0.0,0.0,0.0,0.0,0.0,40.0,0.0,0.0,0.0,0.0,0.0,0.0,0.0,0.0,0.0,0.0,0.0,130.0,0.0,0.0,0.0,0.0,0.0,0.0,0.0,0.0,0.0,0.0,0.0,0.0,0.0,0.0,0.0,0.0,0.0,0.0,0.0,0.0,0.0,0.0,150.0,0.0,0.0,0.0,0.0,0.0,0.0,0.0,0.0,0.0,0.0,0.0,0.0,0.0,0.0,0.0,0.0,0.0,0.0,0.0,0.0,666.0,37275.0,132077.0,0.0,0.0,194.0,0.0,0.0,0.0,0.0,0.0,0.0,0.0,0.0,0.0,0.0,0.0,0.0,0.0,0.0,0.0,481.0,36227.0,0.0,0.0,0.0
2021-04-01,0.0,0.0,0.0,0.0,0.0,0.0,0.0,0.0,0.0,0.0,0.0,0.0,0.0,5547.0,0.0,500.0,2430.0,63196.0,0.0,0.0,0.0,0.0,13.0,15.0,3040.0,2400.0,610.0,2562.0,0.0,0.0,0.0,0.0,0.0,0.0,0.0,400.0,10340.0,600.0,19930.0,0.0,0.0,90.0,0.0,0.0,0.0,0.0,0.0,220.0,300.0,7475.0,0.0,0.0,681.0,0.0,0.0,0.0,0.0,16445.0,64301.0,0.0,2395.0,0.0,0.0,650.0,24381.0,1156.0,56636.0,183825.0,0.0,6637.0,0.0,7430.0,0.0,0.0,0.0,0.0,0.0,0.0,0.0,0.0,0.0,0.0,0.0,0.0,0.0,0.0,0.0,0.0,0.0,0.0,0.0,0.0,0.0,1.0,23.0,0.0,0.0,0.0,0.0,0.0,0.0,0.0,0.0,0.0,0.0,0.0,0.0,0.0,0.0,0.0,0.0,0.0,0.0,0.0,0.0,0.0,0.0,0.0,0.0,0.0,0.0,0.0,0.0,0.0,0.0,0.0,0.0,0.0,0.0,0.0,0.0,0.0,0.0,0.0,0.0,0.0,0.0,1.0,23.0,3.0,0.0,0.0,14.0,0.0,0.0,0.0,0.0,0.0,0.0,0.0,0.0,0.0,0.0,0.0,0.0,0.0,0.0,0.0,0.0,0.0,0.0,0.0,0.0,0.0,2.0,0.0,0.0,0.0,0.0,0.0,0.0,0.0,820.0,0.0,0.0,336.0,0.0,0.0,0.0,0.0,2013.0,0.0,0.0,0.0,4683.0,0.0,0.0,32.0,0.0,7.0,0.0,0.0,159.0,0.0,0.0,146.0,1.0,0.0,0.0,0.0,9.0,0.0,0.0,0.0,0.0,0.0,0.0,0.0,0.0,23.0,814.0,2.0,500.0,0.0,0.0,0.0,0.0,0.0,0.0,0.0,19.0,11.0,12.0,340.0,0.0,0.0,0.0,0.0,0.0,0.0,0.0,0.0,0.0,0.0,0.0,0.0,0.0,0.0,0.0,0.0,0.0,0.0,0.0,0.0,0.0,0.0,0.0,0.0,0.0,0.0,1.0,0.0,0.0,0.0,0.0,0.0,8002.0,0.0,0.0,0.0,22632.0,0.0,0.0,0.0,0.0,0.0,261.0,1.0,0.0,414.0,0.0,0.0,0.0,0.0,0.0,0.0,0.0,0.0,0.0,0.0,0.0,0.0,1.0,0.0,551.0,0.0,24.0,143.0,0.0,0.0,0.0,0.0,0.0,0.0,0.0,0.0,0.0,0.0,0.0,0.0,0.0,0.0,0.0,0.0,0.0,0.0,0.0,0.0,0.0,0.0,0.0,0.0,0.0,0.0,0.0,0.0,0.0,0.0,0.0,0.0,0.0,0.0,0.0,0.0,0.0,0.0,0.0,0.0,0.0,0.0,0.0,0.0,0.0,0.0,0.0,0.0,0.0,0.0,0.0,0.0,0.0,0.0,0.0,0.0,0.0,0.0,0.0,0.0,0.0,0.0,0.0,0.0,0.0,0.0,0.0,0.0,0.0,0.0,0.0,0.0,0.0,0.0,0.0,0.0,0.0,0.0,0.0,0.0,0.0,0.0,0.0,0.0,0.0,0.0,0.0,0.0,0.0,0.0,0.0,0.0,0.0,0.0,0.0,0.0,0.0,0.0,0.0,0.0,0.0,0.0,0.0,0.0,0.0,0.0,0.0,0.0,0.0,0.0,0.0,0.0,0.0,0.0,0.0,0.0,0.0,0.0,0.0,0.0,0.0,0.0,0.0,0.0,0.0,0.0,0.0,0.0,0.0,0.0,0.0,0.0,0.0,0.0,0.0,0.0,0.0,10.0,0.0,0.0,22.0,0.0,0.0,0.0,0.0,0.0,0.0,0.0,0.0,0.0,0.0,0.0,0.0,0.0,0.0,0.0,4.0,0.0,0.0,0.0,0.0,0.0,0.0,0.0,0.0,0.0,0.0,0.0,0.0,0.0,0.0,0.0,0.0,0.0,0.0,0.0,0.0,0.0,0.0,0.0,0.0,0.0,0.0,0.0,0.0,0.0,0.0,0.0,0.0,0.0,0.0,0.0,0.0,0.0,0.0,0.0,0.0,0.0,0.0,1000.0,300.0,0.0,4.0,0.0,0.0,0.0,0.0,0.0,0.0,0.0,0.0,0.0,0.0,0.0,0.0,0.0,0.0,0.0,0.0,0.0,0.0,0.0,0.0,0.0,0.0,0.0,0.0,0.0,0.0,0.0,230.0,37.0,0.0,0.0,0.0,0.0,0.0,0.0,0.0,0.0,0.0,0.0,2.0,0.0,0.0,0.0,0.0,0.0,0.0,0.0,0.0,0.0,0.0,0.0,0.0,0.0,0.0,0.0,0.0,0.0,0.0,0.0,0.0,0.0,0.0,0.0,0.0,0.0,0.0,0.0,0.0,0.0,0.0,0.0,0.0,0.0,0.0,0.0,0.0,0.0,0.0,0.0,0.0,0.0,0.0,0.0,0.0,0.0,0.0,0.0,0.0,0.0,0.0,0.0,0.0,0.0,0.0,0.0,0.0,0.0,270.0,19783.0,111255.0,0.0,0.0,0.0,0.0,0.0,0.0,0.0,0.0,0.0,0.0,0.0,0.0,0.0,0.0,0.0,0.0,0.0,2230.0,0.0,45064.0,0.0,0.0,0.0
2021-05-01,0.0,0.0,0.0,0.0,0.0,0.0,0.0,0.0,260.0,132.0,0.0,0.0,0.0,8304.0,200.0,400.0,30.0,6594.0,0.0,0.0,0.0,0.0,0.0,222.0,7550.0,0.0,1501.0,15303.0,0.0,0.0,0.0,0.0,950.0,0.0,0.0,1919.0,17412.0,291.0,25308.0,0.0,0.0,0.0,0.0,0.0,0.0,3.0,0.0,0.0,70.0,8796.0,0.0,0.0,732.0,0.0,0.0,0.0,0.0,26514.0,105131.0,0.0,200.0,0.0,0.0,1000.0,20423.0,600.0,85322.0,121392.0,0.0,6700.0,1040.0,3621.0,0.0,0.0,6.0,0.0,0.0,0.0,0.0,0.0,980.0,0.0,0.0,0.0,0.0,0.0,0.0,0.0,0.0,0.0,0.0,0.0,0.0,3.0,18.0,0.0,0.0,0.0,0.0,0.0,0.0,0.0,0.0,0.0,0.0,0.0,0.0,0.0,0.0,0.0,0.0,0.0,0.0,0.0,0.0,0.0,0.0,0.0,0.0,0.0,0.0,0.0,0.0,0.0,0.0,0.0,0.0,0.0,0.0,0.0,0.0,0.0,0.0,0.0,0.0,0.0,0.0,0.0,0.0,5.0,0.0,0.0,5.0,0.0,0.0,0.0,0.0,0.0,0.0,0.0,0.0,0.0,0.0,0.0,0.0,0.0,0.0,0.0,0.0,0.0,0.0,0.0,0.0,10584.0,9.0,0.0,118.0,0.0,0.0,0.0,0.0,0.0,802.0,0.0,0.0,5654.0,0.0,0.0,0.0,0.0,203.0,0.0,0.0,0.0,3641.0,0.0,0.0,1.0,0.0,20.0,0.0,0.0,21.0,0.0,0.0,0.0,0.0,0.0,0.0,0.0,5.0,0.0,0.0,0.0,0.0,0.0,0.0,0.0,0.0,49.0,227.0,0.0,69.0,0.0,94.0,0.0,0.0,0.0,0.0,0.0,0.0,0.0,31.0,392.0,0.0,8.0,0.0,0.0,0.0,0.0,0.0,0.0,0.0,0.0,0.0,0.0,0.0,0.0,0.0,0.0,0.0,0.0,0.0,0.0,0.0,0.0,0.0,0.0,0.0,0.0,9.0,0.0,0.0,1020.0,0.0,0.0,1823.0,0.0,0.0,0.0,7499.0,0.0,0.0,0.0,0.0,0.0,103.0,0.0,0.0,71.0,0.0,0.0,0.0,0.0,0.0,0.0,0.0,0.0,0.0,17.0,0.0,0.0,0.0,0.0,27.0,0.0,0.0,109.0,0.0,0.0,0.0,0.0,0.0,0.0,0.0,0.0,0.0,0.0,0.0,0.0,0.0,0.0,0.0,0.0,0.0,0.0,0.0,0.0,0.0,0.0,0.0,0.0,0.0,0.0,0.0,0.0,0.0,0.0,0.0,0.0,0.0,0.0,0.0,0.0,0.0,0.0,0.0,0.0,0.0,0.0,0.0,0.0,0.0,0.0,0.0,0.0,0.0,0.0,0.0,0.0,0.0,0.0,0.0,0.0,0.0,0.0,0.0,0.0,0.0,0.0,0.0,0.0,0.0,0.0,0.0,0.0,0.0,0.0,0.0,0.0,0.0,0.0,0.0,0.0,0.0,0.0,0.0,0.0,0.0,0.0,0.0,0.0,0.0,0.0,0.0,0.0,0.0,0.0,0.0,0.0,0.0,0.0,0.0,0.0,0.0,0.0,0.0,0.0,0.0,0.0,0.0,0.0,0.0,0.0,0.0,0.0,0.0,0.0,0.0,0.0,0.0,0.0,0.0,0.0,0.0,0.0,0.0,0.0,0.0,0.0,0.0,0.0,0.0,0.0,0.0,0.0,0.0,0.0,0.0,0.0,0.0,0.0,0.0,0.0,0.0,0.0,0.0,0.0,0.0,20.0,0.0,0.0,0.0,0.0,0.0,0.0,0.0,0.0,0.0,0.0,0.0,0.0,0.0,0.0,0.0,6.0,0.0,0.0,0.0,0.0,0.0,0.0,0.0,0.0,0.0,0.0,0.0,0.0,0.0,0.0,0.0,0.0,0.0,0.0,0.0,0.0,0.0,0.0,0.0,0.0,0.0,0.0,0.0,0.0,0.0,0.0,0.0,0.0,0.0,0.0,0.0,0.0,0.0,0.0,0.0,0.0,0.0,0.0,1250.0,0.0,0.0,0.0,0.0,0.0,0.0,0.0,0.0,0.0,-400.0,18600.0,0.0,0.0,0.0,0.0,0.0,0.0,0.0,0.0,0.0,0.0,0.0,0.0,0.0,24780.0,0.0,0.0,0.0,0.0,0.0,59.0,0.0,0.0,0.0,0.0,0.0,0.0,0.0,0.0,0.0,0.0,3.0,0.0,0.0,0.0,0.0,0.0,0.0,0.0,0.0,0.0,0.0,0.0,0.0,0.0,0.0,0.0,0.0,0.0,0.0,0.0,0.0,0.0,0.0,0.0,0.0,0.0,0.0,0.0,0.0,0.0,0.0,0.0,0.0,0.0,0.0,0.0,0.0,0.0,0.0,0.0,0.0,0.0,0.0,0.0,0.0,0.0,0.0,0.0,0.0,0.0,0.0,0.0,0.0,0.0,0.0,0.0,0.0,0.0,82.0,20575.0,103178.0,0.0,0.0,200.0,0.0,0.0,0.0,0.0,0.0,0.0,0.0,0.0,0.0,0.0,0.0,0.0,0.0,0.0,0.0,0.0,38126.0,0.0,0.0,0.0
2021-06-01,0.0,0.0,0.0,0.0,0.0,0.0,0.0,0.0,0.0,28.0,0.0,0.0,0.0,10996.0,50.0,0.0,0.0,21052.0,0.0,2355.0,0.0,0.0,0.0,0.0,0.0,0.0,8.0,16152.0,0.0,0.0,0.0,0.0,1200.0,0.0,0.0,0.0,940.0,730.0,10100.0,0.0,0.0,0.0,0.0,0.0,0.0,540.0,0.0,2.0,200.0,10104.0,0.0,5.0,1314.0,0.0,0.0,0.0,0.0,34125.0,115478.0,0.0,495.0,0.0,0.0,125.0,16135.0,800.0,42854.0,141842.0,242.0,805.0,1540.0,6113.0,0.0,0.0,0.0,0.0,0.0,0.0,610.0,0.0,610.0,0.0,0.0,0.0,0.0,0.0,0.0,0.0,0.0,0.0,0.0,0.0,0.0,0.0,19.0,0.0,0.0,0.0,3.0,0.0,1.0,2.0,2.0,1.0,0.0,0.0,0.0,0.0,0.0,1.0,0.0,0.0,0.0,0.0,0.0,0.0,0.0,0.0,0.0,0.0,0.0,0.0,0.0,0.0,0.0,0.0,0.0,0.0,0.0,0.0,0.0,0.0,0.0,0.0,0.0,6.6,0.0,0.0,0.0,34.0,0.0,0.0,12.0,0.0,0.0,0.0,0.0,0.0,0.0,0.0,0.0,0.0,0.0,0.0,12968.0,0.0,0.0,0.0,0.0,0.0,0.0,0.0,0.0,0.0,666.0,0.0,2390.0,0.0,0.0,0.0,0.0,0.0,1063.0,0.0,0.0,241.0,0.0,0.0,30.0,0.0,646.0,0.0,0.0,0.0,5137.0,0.0,0.0,1.0,0.0,0.0,0.0,0.0,21.0,0.0,0.0,100.0,0.0,0.0,0.0,0.0,31.0,0.0,0.0,0.0,0.0,0.0,0.0,0.0,0.0,0.0,86.0,51.0,502.0,0.0,0.0,0.0,0.0,0.0,0.0,0.0,18.0,0.0,0.0,4406.0,0.0,0.0,6.0,0.0,0.0,0.0,0.0,0.0,0.0,0.0,0.0,0.0,0.0,0.0,0.0,0.0,0.0,0.0,0.0,0.0,0.0,0.0,0.0,0.0,0.0,0.0,2.0,0.0,0.0,483.0,0.0,0.0,3299.0,0.0,0.0,0.0,11703.0,0.0,0.0,0.0,0.0,0.0,68.0,7.0,0.0,319.0,0.0,0.0,0.0,0.0,0.0,0.0,0.0,0.0,0.0,0.0,0.0,0.0,0.0,0.0,3.0,0.0,5.0,439.0,110.0,0.0,0.0,0.0,3.0,0.0,3.0,0.0,0.0,0.0,0.0,0.0,2.0,1.0,0.0,0.0,3.0,1.0,0.0,0.0,0.0,2.0,0.0,0.0,1.0,0.0,0.0,0.0,2.0,0.0,0.0,0.0,0.0,0.0,0.0,0.0,1.0,0.0,0.0,0.0,0.0,0.0,0.0,0.0,2.0,0.0,0.0,2.0,0.0,0.0,0.0,2.0,0.0,0.0,0.0,0.0,0.0,0.0,0.0,0.0,0.0,2.0,0.0,0.0,2.0,0.0,0.0,0.0,0.0,0.0,0.0,0.0,0.0,0.0,0.0,0.0,2.0,0.0,0.0,0.0,0.0,0.0,0.0,0.0,0.0,0.0,0.0,0.0,0.0,0.0,0.0,0.0,0.0,0.0,0.0,0.0,0.0,0.0,0.0,0.0,0.0,0.0,0.0,0.0,0.0,0.0,0.0,0.0,0.0,0.0,0.0,0.0,0.0,0.0,0.0,0.0,0.0,0.0,0.0,0.0,0.0,0.0,0.0,0.0,0.0,0.0,0.0,0.0,0.0,0.0,0.0,0.0,0.0,0.0,0.0,0.0,0.0,0.0,0.0,200.0,20.0,0.0,0.0,0.0,0.0,0.0,0.0,0.0,0.0,0.0,0.0,0.0,0.0,0.0,0.0,0.0,0.0,0.0,0.0,0.0,0.0,0.0,0.0,0.0,0.0,0.0,0.0,0.0,0.0,0.0,0.0,0.0,0.0,0.0,0.0,0.0,20.0,0.0,0.0,0.0,0.0,0.0,0.0,0.0,0.0,0.0,0.0,0.0,0.0,0.0,0.0,0.0,0.0,0.0,0.0,0.0,1640.0,0.0,15.0,0.0,0.0,0.0,0.0,0.0,0.0,0.0,0.0,128.0,0.0,0.0,0.0,15200.0,0.0,0.0,0.0,0.0,0.0,0.0,0.0,0.0,0.0,0.0,3166.0,0.0,0.0,39682.0,0.0,0.0,0.0,0.0,0.0,327.0,0.0,0.0,0.0,0.0,0.0,0.0,0.0,0.0,0.0,0.0,221.0,0.0,0.0,0.0,130.0,0.0,0.0,0.0,0.0,0.0,0.0,0.0,0.0,0.0,0.0,0.0,0.0,0.0,0.0,0.0,0.0,0.0,0.0,0.0,0.0,0.0,0.0,0.0,0.0,0.0,0.0,0.0,0.0,0.0,0.0,0.0,0.0,0.0,18.0,0.0,0.0,0.0,0.0,0.0,0.0,0.0,0.0,0.0,0.0,0.0,0.0,0.0,0.0,0.0,0.0,0.0,0.0,0.0,1521.0,19152.0,109872.0,0.0,0.0,0.0,0.0,0.0,0.0,0.0,0.0,0.0,0.0,0.0,0.0,0.0,0.0,0.0,0.0,0.0,0.0,0.0,36523.0,0.0,0.0,0.0
2021-07-01,0.0,0.0,0.0,0.0,0.0,0.0,0.0,0.0,0.0,30.0,0.0,0.0,5000.0,1443.0,0.0,400.0,300.0,73864.0,0.0,600.0,11.0,0.0,0.0,9.0,0.0,0.0,70.0,2961.0,0.0,0.0,0.0,0.0,200.0,0.0,0.0,1100.0,6184.0,937.0,8830.0,0.0,0.0,0.0,0.0,0.0,0.0,0.0,0.0,0.0,150.0,7767.0,0.0,0.0,222.0,0.0,0.0,0.0,0.0,25573.0,82889.0,0.0,1500.0,0.0,0.0,250.0,20905.0,212.0,65151.0,140060.0,200.0,700.0,3550.0,1507.0,0.0,0.0,140.0,0.0,0.0,0.0,660.0,0.0,0.0,0.0,0.0,0.0,0.0,0.0,0.0,0.0,0.0,0.0,0.0,0.0,0.0,0.0,26.0,0.0,0.0,0.0,0.0,0.0,0.0,0.0,0.0,0.0,0.0,1.0,0.0,1.0,0.0,0.0,0.0,1.0,2.0,0.0,1.0,0.0,0.0,2.0,0.0,0.0,0.0,1.0,1.0,0.0,0.0,0.0,0.0,1.0,1.0,0.0,1.0,0.0,0.0,0.0,0.0,13.2,0.0,0.0,0.0,0.0,0.0,0.0,0.0,0.0,0.0,0.0,0.0,0.0,0.0,0.0,0.0,0.0,0.0,0.0,0.0,0.0,0.0,0.0,0.0,0.0,0.0,0.0,0.0,0.0,882.0,0.0,2378.0,0.0,0.0,0.0,0.0,0.0,58.0,0.0,0.0,3387.0,0.0,0.0,0.0,0.0,538.0,0.0,0.0,0.0,6510.0,0.0,0.0,6.0,0.0,18.0,0.0,0.0,4.0,0.0,0.0,10.0,0.0,0.0,0.0,0.0,32.0,0.0,0.0,0.0,0.0,0.0,0.0,0.0,0.0,3.0,273.0,9.0,7.0,0.0,0.0,0.0,0.0,0.0,0.0,0.0,0.0,0.0,200.0,15.0,0.0,5.0,34.0,0.0,0.0,0.0,0.0,0.0,0.0,0.0,0.0,0.0,0.0,0.0,601.0,0.0,0.0,0.0,0.0,0.0,0.0,100.0,0.0,0.0,0.0,0.0,15.0,0.0,0.0,1144.0,0.0,0.0,3503.0,0.0,0.0,0.0,13995.0,0.0,0.0,1500.0,0.0,0.0,530.0,0.0,0.0,996.0,0.0,0.0,0.0,0.0,0.0,0.0,0.0,0.0,0.0,525.0,0.0,0.0,80.0,0.0,95.0,0.0,0.0,466.0,0.0,0.0,0.0,0.0,0.0,0.0,0.0,0.0,0.0,0.0,0.0,0.0,0.0,0.0,0.0,0.0,0.0,0.0,0.0,0.0,0.0,0.0,0.0,0.0,0.0,0.0,0.0,0.0,0.0,0.0,0.0,0.0,0.0,0.0,0.0,0.0,0.0,0.0,0.0,0.0,0.0,0.0,0.0,0.0,0.0,0.0,0.0,0.0,0.0,0.0,0.0,0.0,0.0,0.0,0.0,0.0,0.0,0.0,0.0,0.0,0.0,0.0,0.0,0.0,0.0,0.0,0.0,0.0,0.0,0.0,0.0,0.0,0.0,0.0,0.0,0.0,0.0,0.0,0.0,0.0,0.0,0.0,0.0,0.0,0.0,0.0,0.0,0.0,0.0,0.0,0.0,0.0,0.0,0.0,0.0,0.0,0.0,0.0,0.0,0.0,0.0,0.0,0.0,0.0,0.0,0.0,0.0,0.0,0.0,0.0,0.0,0.0,0.0,0.0,0.0,0.0,0.0,0.0,0.0,0.0,0.0,0.0,0.0,0.0,0.0,0.0,0.0,0.0,0.0,0.0,0.0,0.0,0.0,0.0,0.0,0.0,0.0,0.0,36.0,0.0,4.0,4.0,0.0,0.0,0.0,0.0,0.0,0.0,0.0,0.0,0.0,0.0,0.0,0.0,0.0,0.0,0.0,15.0,15.0,0.0,0.0,0.0,0.0,0.0,0.0,0.0,0.0,0.0,0.0,0.0,0.0,34.0,0.0,0.0,0.0,0.0,1026.0,0.0,0.0,0.0,0.0,13883.0,0.0,0.0,0.0,0.0,0.0,0.0,0.0,0.0,0.0,0.0,0.0,0.0,0.0,0.0,0.0,0.0,120.0,0.0,4.0,0.0,0.0,0.0,0.0,0.0,0.0,0.0,0.0,66.0,0.0,3131.0,0.0,0.0,0.0,0.0,0.0,0.0,0.0,0.0,0.0,0.0,234.0,0.0,0.0,41856.0,0.0,0.0,0.0,0.0,0.0,722.0,0.0,0.0,0.0,0.0,0.0,0.0,0.0,0.0,0.0,0.0,30.0,0.0,0.0,0.0,15.0,0.0,0.0,0.0,0.0,0.0,0.0,0.0,0.0,0.0,0.0,0.0,0.0,0.0,0.0,0.0,0.0,0.0,0.0,0.0,0.0,0.0,0.0,0.0,0.0,0.0,0.0,0.0,0.0,0.0,0.0,0.0,0.0,0.0,117.0,0.0,0.0,0.0,0.0,0.0,0.0,0.0,0.0,0.0,0.0,0.0,0.0,0.0,0.0,0.0,0.0,0.0,0.0,0.0,612.0,14894.0,107958.0,0.0,0.0,143.0,0.0,0.0,0.0,0.0,0.0,0.0,0.0,0.0,0.0,0.0,0.0,0.0,0.0,0.0,0.0,1.0,14062.0,0.0,0.0,0.0
2021-08-01,0.0,0.0,0.0,0.0,0.0,0.0,0.0,0.0,0.0,46.0,0.0,0.0,2730.0,7818.0,0.0,300.0,0.0,76827.0,0.0,16605.0,0.0,0.0,7.0,0.0,0.0,0.0,1850.0,24350.0,0.0,0.0,0.0,0.0,0.0,0.0,0.0,700.0,14006.0,1216.0,18458.0,0.0,0.0,775.0,0.0,0.0,0.0,1100.0,8.0,0.0,80.0,11363.0,0.0,0.0,135.0,0.0,0.0,0.0,0.0,22286.0,92809.0,0.0,3000.0,0.0,0.0,2055.0,16584.0,800.0,57253.0,187723.0,0.0,550.0,1760.0,4319.0,0.0,0.0,139.0,0.0,0.0,0.0,600.0,0.0,129.0,0.0,0.0,0.0,0.0,0.0,0.0,0.0,22.0,0.0,0.0,0.0,0.0,0.0,0.0,0.0,0.0,0.0,0.0,0.0,0.0,0.0,0.0,0.0,0.0,0.0,0.0,0.0,0.0,0.0,0.0,0.0,0.0,0.0,0.0,0.0,0.0,0.0,0.0,0.0,0.0,0.0,0.0,0.0,0.0,0.0,0.0,0.0,0.0,0.0,0.0,0.0,0.0,0.0,0.0,6.0,0.0,0.0,0.0,8.0,0.0,0.0,0.0,0.0,0.0,0.0,0.0,0.0,0.0,0.0,0.0,0.0,0.0,0.0,3444.0,0.0,0.0,5088.0,0.0,0.0,4400.0,0.0,0.0,0.0,713.0,0.0,2943.0,0.0,0.0,0.0,0.0,0.0,311.0,0.0,0.0,3424.0,0.0,0.0,8.0,0.0,1173.0,0.0,0.0,0.0,6379.0,0.0,0.0,27.0,0.0,30.0,0.0,0.0,0.0,0.0,0.0,6.0,0.0,0.0,0.0,0.0,3.0,0.0,0.0,0.0,0.0,0.0,0.0,0.0,0.0,2.0,4.0,34.0,68.0,0.0,0.0,0.0,0.0,0.0,0.0,0.0,0.0,0.0,0.0,258.0,0.0,3.0,9.0,0.0,0.0,0.0,0.0,0.0,0.0,0.0,16.0,0.0,0.0,0.0,1342.0,0.0,0.0,467.0,0.0,0.0,0.0,2230.0,0.0,0.0,0.0,0.0,28.0,0.0,0.0,542.0,0.0,0.0,-155.0,0.0,0.0,0.0,10841.0,0.0,0.0,0.0,0.0,0.0,345.0,0.0,0.0,429.0,0.0,0.0,0.0,0.0,0.0,0.0,0.0,0.0,0.0,100.0,0.0,0.0,100.0,0.0,6.0,0.0,0.0,18.0,0.0,0.0,0.0,0.0,0.0,0.0,0.0,0.0,0.0,0.0,0.0,0.0,0.0,0.0,0.0,0.0,0.0,0.0,0.0,0.0,0.0,0.0,0.0,0.0,0.0,0.0,0.0,0.0,0.0,0.0,0.0,0.0,0.0,0.0,0.0,0.0,0.0,0.0,0.0,0.0,0.0,0.0,0.0,0.0,0.0,0.0,0.0,0.0,0.0,0.0,0.0,0.0,0.0,0.0,0.0,0.0,0.0,0.0,0.0,0.0,0.0,0.0,0.0,0.0,0.0,0.0,0.0,0.0,0.0,0.0,0.0,0.0,0.0,0.0,0.0,0.0,0.0,0.0,0.0,0.0,0.0,0.0,0.0,0.0,0.0,0.0,0.0,0.0,0.0,0.0,0.0,0.0,0.0,0.0,0.0,0.0,0.0,0.0,0.0,0.0,0.0,0.0,0.0,0.0,0.0,0.0,0.0,0.0,0.0,0.0,0.0,0.0,0.0,0.0,0.0,0.0,0.0,0.0,0.0,0.0,0.0,0.0,0.0,0.0,0.0,0.0,0.0,0.0,0.0,0.0,0.0,0.0,0.0,0.0,0.0,0.0,0.0,0.0,0.0,0.0,48.0,0.0,0.0,0.0,0.0,0.0,0.0,0.0,0.0,0.0,0.0,0.0,0.0,0.0,0.0,0.0,0.0,0.0,0.0,0.0,0.0,0.0,0.0,0.0,0.0,0.0,0.0,0.0,0.0,0.0,0.0,0.0,0.0,0.0,0.0,0.0,0.0,0.0,0.0,0.0,0.0,-12900.0,0.0,0.0,0.0,20.0,0.0,0.0,0.0,0.0,0.0,0.0,0.0,0.0,0.0,0.0,0.0,0.0,0.0,0.0,2177.0,0.0,0.0,0.0,0.0,0.0,0.0,0.0,0.0,5.0,114.0,129.0,0.0,0.0,0.0,50.0,0.0,0.0,0.0,0.0,0.0,0.0,0.0,0.0,0.0,44906.0,0.0,0.0,0.0,0.0,0.0,149.0,0.0,0.0,0.0,0.0,0.0,0.0,0.0,0.0,0.0,0.0,0.0,0.0,0.0,0.0,0.0,0.0,0.0,0.0,0.0,0.0,0.0,0.0,0.0,0.0,0.0,0.0,0.0,0.0,0.0,0.0,0.0,0.0,0.0,0.0,0.0,0.0,0.0,0.0,0.0,0.0,0.0,0.0,0.0,0.0,0.0,0.0,0.0,0.0,0.0,0.0,0.0,930.0,0.0,0.0,0.0,0.0,0.0,0.0,0.0,0.0,0.0,0.0,0.0,0.0,0.0,0.0,0.0,0.0,186.0,17736.0,90625.0,0.0,0.0,28.0,0.0,0.0,0.0,0.0,0.0,0.0,0.0,0.0,0.0,0.0,0.0,0.0,0.0,0.0,4000.0,0.0,37200.0,0.0,0.0,0.0
2021-09-01,0.0,0.0,0.0,0.0,0.0,0.0,0.0,0.0,11868.0,170.0,0.0,0.0,0.0,2651.0,0.0,0.0,0.0,35702.0,0.0,1500.0,0.0,0.0,0.0,0.0,0.0,0.0,600.0,74228.0,0.0,0.0,0.0,0.0,0.0,0.0,0.0,890.0,8158.0,360.0,46397.0,0.0,0.0,171.0,0.0,0.0,0.0,0.0,0.0,0.0,360.0,11137.0,0.0,0.0,0.0,0.0,0.0,0.0,0.0,23715.0,90452.0,0.0,3144.0,0.0,0.0,1098.0,22461.0,0.0,69157.0,163582.0,0.0,4740.0,508.0,533.0,0.0,0.0,317.0,0.0,0.0,0.0,0.0,0.0,550.0,0.0,0.0,0.0,0.0,0.0,0.0,0.0,24.0,720.0,0.0,0.0,0.0,0.0,2.0,0.0,0.0,4.0,0.0,0.0,0.0,0.0,0.0,0.0,0.0,0.0,0.0,0.0,0.0,0.0,0.0,0.0,0.0,0.0,0.0,0.0,0.0,0.0,0.0,0.0,0.0,0.0,0.0,0.0,0.0,0.0,0.0,0.0,0.0,0.0,0.0,0.0,0.0,0.0,0.0,0.0,0.0,0.0,7.0,0.0,0.0,0.0,9.0,0.0,0.0,0.0,0.0,0.0,0.0,0.0,0.0,0.0,0.0,0.0,600.0,0.0,0.0,0.0,0.0,0.0,0.0,0.0,0.0,0.0,305.0,0.0,6977.0,0.0,0.0,0.0,0.0,0.0,246.0,0.0,0.0,2982.0,0.0,0.0,37.0,0.0,627.0,0.0,0.0,0.0,5464.0,0.0,0.0,28.0,0.0,6.0,0.0,0.0,0.0,0.0,0.0,14.0,0.0,0.0,0.0,0.0,0.0,0.0,0.0,0.0,0.0,0.0,0.0,0.0,0.0,150.0,0.0,54.0,704.0,0.0,0.0,0.0,0.0,0.0,0.0,0.0,18.0,0.0,0.0,29.0,0.0,1.0,0.0,0.0,0.0,0.0,0.0,0.0,0.0,0.0,201.0,0.0,0.0,0.0,1497.0,0.0,0.0,798.0,0.0,0.0,0.0,2661.0,0.0,0.0,0.0,0.0,119.0,0.0,0.0,604.0,0.0,0.0,7978.0,0.0,0.0,0.0,5325.0,0.0,0.0,2400.0,0.0,0.0,314.0,0.0,0.0,857.0,0.0,0.0,10.0,0.0,0.0,0.0,0.0,0.0,0.0,597.0,0.0,0.0,45.0,0.0,1.0,0.0,0.0,39.0,0.0,0.0,0.0,0.0,0.0,0.0,0.0,0.0,0.0,0.0,0.0,0.0,0.0,0.0,0.0,0.0,0.0,0.0,0.0,0.0,0.0,0.0,0.0,0.0,0.0,0.0,0.0,0.0,0.0,0.0,0.0,0.0,0.0,0.0,0.0,0.0,0.0,0.0,0.0,0.0,0.0,0.0,0.0,0.0,0.0,0.0,0.0,0.0,0.0,0.0,0.0,0.0,0.0,0.0,0.0,0.0,0.0,0.0,0.0,0.0,0.0,0.0,0.0,0.0,0.0,0.0,0.0,0.0,0.0,0.0,0.0,0.0,0.0,0.0,0.0,0.0,0.0,0.0,0.0,0.0,0.0,0.0,0.0,0.0,0.0,0.0,0.0,0.0,0.0,0.0,0.0,0.0,0.0,0.0,0.0,0.0,0.0,0.0,0.0,0.0,0.0,0.0,0.0,0.0,0.0,0.0,0.0,0.0,0.0,0.0,0.0,0.0,0.0,0.0,0.0,0.0,0.0,0.0,0.0,0.0,0.0,0.0,0.0,0.0,0.0,0.0,0.0,0.0,0.0,0.0,0.0,0.0,0.0,0.0,0.0,0.0,0.0,0.0,0.0,0.0,8.0,0.0,0.0,0.0,0.0,0.0,0.0,0.0,0.0,0.0,0.0,0.0,6.0,0.0,0.0,0.0,0.0,0.0,0.0,0.0,0.0,0.0,0.0,0.0,0.0,0.0,0.0,0.0,0.0,0.0,0.0,0.0,0.0,0.0,0.0,0.0,0.0,0.0,0.0,0.0,0.0,200.0,0.0,0.0,0.0,0.0,0.0,0.0,0.0,0.0,0.0,0.0,0.0,0.0,100.0,0.0,0.0,0.0,0.0,150.0,13600.0,0.0,0.0,0.0,0.0,0.0,0.0,0.0,0.0,0.0,171.0,15369.0,0.0,0.0,0.0,0.0,0.0,0.0,0.0,0.0,0.0,0.0,0.0,0.0,0.0,34119.0,0.0,0.0,0.0,0.0,96.0,117.0,0.0,0.0,0.0,0.0,0.0,0.0,0.0,417.0,0.0,0.0,550.0,0.0,0.0,0.0,0.0,0.0,0.0,0.0,0.0,0.0,0.0,0.0,0.0,0.0,0.0,0.0,0.0,0.0,0.0,0.0,0.0,0.0,0.0,0.0,0.0,0.0,0.0,0.0,0.0,0.0,0.0,0.0,0.0,0.0,0.0,0.0,0.0,0.0,0.0,0.0,0.0,0.0,0.0,0.0,0.0,0.0,0.0,0.0,0.0,0.0,0.0,0.0,0.0,0.0,0.0,0.0,0.0,0.0,200.0,21360.0,119793.0,0.0,0.0,0.0,0.0,0.0,0.0,0.0,0.0,0.0,0.0,0.0,0.0,0.0,0.0,0.0,0.0,0.0,0.0,-2000.0,31612.0,0.0,0.0,0.0
2021-10-01,0.0,0.0,0.0,0.0,0.0,0.0,0.0,0.0,7066.0,52.0,0.0,0.0,0.0,698.0,1000.0,0.0,10183.0,12285.0,0.0,0.0,0.0,0.0,0.0,0.0,0.0,0.0,15830.0,39492.0,0.0,0.0,0.0,0.0,20.0,0.0,0.0,800.0,13486.0,290.0,39374.0,0.0,0.0,8.0,0.0,0.0,0.0,0.0,0.0,0.0,440.0,7006.0,0.0,0.0,0.0,0.0,0.0,0.0,0.0,27934.0,74866.0,2000.0,8290.0,0.0,0.0,981.0,18525.0,800.0,43151.0,156194.0,0.0,4662.0,1725.0,4400.0,0.0,0.0,241.0,0.0,0.0,0.0,0.0,0.0,972.0,0.0,0.0,0.0,0.0,0.0,0.0,0.0,20.0,0.0,0.0,0.0,0.0,0.0,0.0,0.0,0.0,0.0,0.0,0.0,0.0,0.0,0.0,0.0,0.0,0.0,0.0,0.0,0.0,0.0,0.0,0.0,2.0,0.0,0.0,0.0,0.0,0.0,0.0,0.0,0.0,0.0,0.0,0.0,0.0,0.0,0.0,0.0,0.0,0.0,0.0,0.0,0.0,0.0,0.0,15.0,0.0,0.0,0.0,0.0,0.0,0.0,0.0,0.0,0.0,0.0,0.0,0.0,0.0,0.0,0.0,0.0,0.0,0.0,0.0,0.0,0.0,0.0,0.0,0.0,0.0,0.0,0.0,0.0,1562.0,0.0,4973.0,0.0,0.0,0.0,0.0,0.0,165.0,0.0,0.0,2832.0,0.0,0.0,1.0,0.0,817.0,0.0,0.0,0.0,7100.0,0.0,0.0,11.0,0.0,23.0,0.0,0.0,1.0,0.0,0.0,1.0,0.0,0.0,0.0,0.0,2.0,0.0,0.0,0.0,0.0,0.0,0.0,0.0,0.0,0.0,0.0,93.0,246.0,0.0,0.0,0.0,0.0,0.0,0.0,0.0,0.0,0.0,21.0,28.0,0.0,4.0,0.0,0.0,0.0,0.0,0.0,0.0,0.0,0.0,678.0,0.0,0.0,0.0,1303.0,0.0,0.0,894.0,0.0,0.0,0.0,2100.0,0.0,0.0,0.0,0.0,48.0,0.0,0.0,941.0,0.0,0.0,6438.0,0.0,0.0,0.0,9519.0,0.0,0.0,73.0,0.0,0.0,173.0,0.0,0.0,1361.0,0.0,0.0,8.0,0.0,0.0,0.0,0.0,0.0,0.0,-357.0,0.0,0.0,6.0,0.0,56.0,0.0,0.0,224.0,0.0,0.0,0.0,0.0,0.0,0.0,0.0,0.0,0.0,0.0,0.0,0.0,0.0,0.0,0.0,0.0,0.0,0.0,0.0,0.0,0.0,0.0,0.0,0.0,0.0,0.0,0.0,0.0,0.0,0.0,0.0,0.0,0.0,0.0,0.0,0.0,1.0,0.0,0.0,0.0,0.0,0.0,0.0,0.0,0.0,0.0,0.0,0.0,0.0,0.0,0.0,0.0,0.0,0.0,0.0,0.0,0.0,0.0,0.0,0.0,0.0,0.0,0.0,0.0,0.0,0.0,0.0,0.0,0.0,0.0,0.0,0.0,0.0,0.0,0.0,0.0,0.0,0.0,0.0,0.0,0.0,0.0,0.0,0.0,0.0,0.0,0.0,0.0,0.0,0.0,0.0,0.0,0.0,0.0,0.0,0.0,0.0,0.0,0.0,1.0,0.0,0.0,0.0,0.0,0.0,0.0,0.0,0.0,0.0,0.0,0.0,0.0,0.0,0.0,0.0,0.0,0.0,0.0,0.0,0.0,0.0,0.0,0.0,0.0,0.0,0.0,0.0,0.0,0.0,0.0,0.0,0.0,0.0,0.0,0.0,0.0,0.0,0.0,0.0,0.0,8.0,0.0,0.0,0.0,0.0,0.0,0.0,0.0,0.0,0.0,0.0,0.0,0.0,0.0,0.0,0.0,0.0,0.0,0.0,0.0,0.0,0.0,0.0,0.0,0.0,0.0,0.0,0.0,0.0,0.0,0.0,0.0,0.0,0.0,2256.0,2256.0,3384.0,0.0,0.0,0.0,0.0,1410.0,0.0,0.0,0.0,0.0,0.0,0.0,0.0,0.0,0.0,0.0,0.0,0.0,36.0,0.0,287.0,0.0,41.0,70.0,220.0,0.0,0.0,0.0,0.0,0.0,0.0,0.0,0.0,29.0,0.0,9305.0,0.0,0.0,0.0,0.0,0.0,0.0,0.0,0.0,0.0,0.0,0.0,0.0,0.0,13122.0,0.0,0.0,0.0,28.0,24.0,483.0,0.0,0.0,0.0,0.0,0.0,0.0,0.0,625.0,0.0,0.0,0.0,0.0,0.0,0.0,20.0,0.0,0.0,0.0,0.0,0.0,0.0,0.0,0.0,0.0,0.0,0.0,0.0,0.0,0.0,0.0,0.0,0.0,0.0,0.0,0.0,0.0,0.0,0.0,0.0,0.0,0.0,0.0,0.0,0.0,0.0,0.0,0.0,0.0,0.0,0.0,0.0,0.0,0.0,0.0,0.0,0.0,0.0,0.0,0.0,0.0,0.0,0.0,0.0,0.0,0.0,0.0,0.0,0.0,200.0,21474.0,119385.0,0.0,0.0,1.0,0.0,0.0,0.0,0.0,0.0,0.0,0.0,0.0,0.0,0.0,0.0,0.0,0.0,0.0,0.0,0.0,22905.0,0.0,0.0,0.0
2021-11-01,0.0,0.0,0.0,0.0,0.0,0.0,0.0,0.0,2109.0,0.0,0.0,0.0,0.0,12124.0,283.0,0.0,11860.0,61284.0,0.0,216.0,0.0,0.0,0.0,0.0,0.0,0.0,4350.0,40788.0,0.0,0.0,0.0,0.0,0.0,0.0,0.0,500.0,14450.0,3220.0,65687.0,0.0,0.0,33.0,0.0,0.0,0.0,400.0,0.0,0.0,415.0,9295.0,0.0,0.0,0.0,0.0,0.0,0.0,0.0,21186.0,85190.0,0.0,9500.0,0.0,0.0,1050.0,21176.0,800.0,37304.0,145326.0,0.0,5650.0,10.0,4064.0,0.0,0.0,778.0,0.0,0.0,0.0,0.0,0.0,0.0,0.0,0.0,0.0,0.0,0.0,0.0,0.0,0.0,0.0,0.0,0.0,0.0,0.0,0.0,0.0,0.0,0.0,0.0,0.0,0.0,0.0,0.0,0.0,0.0,0.0,0.0,0.0,0.0,0.0,0.0,0.0,0.0,0.0,0.0,0.0,0.0,0.0,0.0,0.0,0.0,0.0,0.0,0.0,0.0,0.0,0.0,0.0,0.0,0.0,0.0,0.0,0.0,0.0,0.0,0.0,0.0,0.0,0.0,0.0,0.0,0.0,0.0,0.0,0.0,0.0,0.0,0.0,0.0,0.0,0.0,0.0,0.0,0.0,0.0,0.0,0.0,0.0,0.0,0.0,2256.0,0.0,0.0,0.0,1461.0,0.0,1060.0,0.0,0.0,0.0,0.0,0.0,32.0,0.0,0.0,3409.0,0.0,0.0,0.0,0.0,1405.0,0.0,0.0,0.0,6034.0,0.0,0.0,0.0,0.0,19.0,0.0,0.0,0.0,0.0,0.0,0.0,0.0,0.0,0.0,0.0,1.0,0.0,0.0,0.0,0.0,0.0,0.0,0.0,0.0,0.0,0.0,57.0,0.0,0.0,0.0,0.0,0.0,0.0,0.0,0.0,0.0,0.0,0.0,87.0,0.0,0.0,67.0,0.0,0.0,0.0,0.0,0.0,0.0,0.0,459.0,0.0,0.0,0.0,987.0,0.0,0.0,490.0,0.0,0.0,0.0,1040.0,0.0,0.0,0.0,0.0,108.0,0.0,0.0,1275.0,0.0,0.0,2963.0,0.0,0.0,0.0,17691.0,0.0,0.0,151.0,0.0,0.0,4.0,0.0,0.0,674.0,0.0,0.0,0.0,0.0,0.0,0.0,0.0,0.0,0.0,6.0,0.0,0.0,97.0,0.0,480.0,0.0,0.0,24.0,0.0,0.0,0.0,0.0,0.0,0.0,0.0,0.0,0.0,0.0,0.0,0.0,0.0,0.0,0.0,0.0,0.0,0.0,0.0,0.0,0.0,0.0,0.0,0.0,1.0,0.0,0.0,0.0,2.0,0.0,0.0,0.0,1.0,0.0,0.0,0.0,0.0,0.0,0.0,0.0,0.0,0.0,0.0,0.0,0.0,0.0,0.0,0.0,0.0,0.0,0.0,0.0,0.0,0.0,0.0,0.0,0.0,0.0,0.0,0.0,0.0,0.0,0.0,0.0,0.0,0.0,0.0,0.0,0.0,0.0,0.0,0.0,0.0,0.0,0.0,1.0,0.0,0.0,0.0,0.0,0.0,0.0,1.0,0.0,0.0,0.0,0.0,0.0,0.0,0.0,0.0,0.0,0.0,0.0,0.0,0.0,0.0,0.0,0.0,0.0,0.0,0.0,0.0,0.0,0.0,0.0,0.0,0.0,0.0,0.0,0.0,0.0,0.0,0.0,0.0,0.0,0.0,0.0,0.0,1.0,0.0,0.0,0.0,0.0,0.0,0.0,0.0,0.0,0.0,0.0,0.0,0.0,0.0,0.0,0.0,0.0,0.0,0.0,0.0,0.0,17.0,0.0,0.0,0.0,0.0,0.0,0.0,0.0,0.0,0.0,0.0,0.0,1.0,1.0,0.0,0.0,0.0,0.0,0.0,0.0,0.0,0.0,0.0,0.0,0.0,0.0,0.0,0.0,0.0,0.0,0.0,0.0,0.0,0.0,0.0,0.0,0.0,0.0,0.0,0.0,0.0,610.0,0.0,0.0,0.0,0.0,0.0,0.0,0.0,0.0,0.0,0.0,0.0,0.0,0.0,0.0,0.0,0.0,0.0,0.0,3101.0,0.0,0.0,0.0,0.0,0.0,0.0,0.0,0.0,0.0,0.0,21072.0,0.0,0.0,0.0,0.0,1800.0,0.0,0.0,0.0,0.0,0.0,0.0,0.0,3000.0,12138.0,0.0,0.0,0.0,0.0,0.0,482.0,0.0,0.0,0.0,0.0,0.0,0.0,0.0,480.0,0.0,0.0,115.0,0.0,20.0,0.0,160.0,0.0,0.0,0.0,0.0,0.0,0.0,0.0,0.0,0.0,0.0,0.0,0.0,0.0,0.0,0.0,0.0,0.0,0.0,0.0,0.0,0.0,0.0,0.0,0.0,0.0,0.0,0.0,0.0,0.0,0.0,0.0,0.0,0.0,89.0,0.0,0.0,0.0,0.0,0.0,0.0,0.0,0.0,0.0,0.0,0.0,0.0,0.0,0.0,0.0,0.0,0.0,0.0,0.0,300.0,22651.0,110595.0,0.0,0.0,246.0,0.0,0.0,0.0,0.0,0.0,0.0,0.0,0.0,0.0,0.0,0.0,0.0,0.0,0.0,0.0,0.0,48643.0,0.0,0.0,0.0
2021-12-01,0.0,0.0,0.0,0.0,0.0,0.0,0.0,0.0,1820.0,0.0,0.0,0.0,0.0,601.0,0.0,0.0,1155.0,30453.0,0.0,20.0,0.0,0.0,0.0,0.0,0.0,0.0,1659.0,38911.0,0.0,0.0,0.0,0.0,1460.0,0.0,0.0,434.0,86.0,4565.0,10052.0,0.0,0.0,0.0,0.0,0.0,0.0,0.0,0.0,0.0,1524.0,10334.0,0.0,0.0,0.0,0.0,0.0,0.0,0.0,37037.0,73666.0,0.0,8200.0,0.0,0.0,350.0,16402.0,800.0,44953.0,136636.0,0.0,300.0,1210.0,4100.0,0.0,0.0,63.0,0.0,0.0,0.0,450.0,0.0,0.0,0.0,0.0,0.0,0.0,0.0,0.0,0.0,0.0,0.0,0.0,0.0,0.0,0.0,0.0,0.0,0.0,0.0,0.0,0.0,0.0,0.0,0.0,0.0,0.0,0.0,0.0,0.0,0.0,0.0,0.0,0.0,0.0,0.0,0.0,0.0,0.0,0.0,0.0,0.0,0.0,0.0,0.0,0.0,0.0,0.0,0.0,0.0,0.0,0.0,0.0,0.0,0.0,0.0,0.0,3.0,0.0,0.0,0.0,0.0,0.0,0.0,0.0,0.0,0.0,0.0,0.0,0.0,0.0,0.0,0.0,0.0,0.0,0.0,137310.0,0.0,0.0,0.0,0.0,0.0,3402.0,0.0,0.0,0.0,1507.0,0.0,4174.0,0.0,0.0,0.0,0.0,0.0,555.0,0.0,0.0,2116.0,0.0,0.0,0.0,0.0,409.0,0.0,0.0,0.0,5672.0,0.0,0.0,0.0,0.0,31.0,0.0,0.0,0.0,0.0,0.0,1.0,2.0,0.0,0.0,0.0,0.0,0.0,0.0,0.0,0.0,0.0,0.0,0.0,0.0,0.0,0.0,49.0,0.0,0.0,0.0,0.0,0.0,0.0,0.0,0.0,0.0,0.0,0.0,61.0,0.0,0.0,1.0,0.0,0.0,0.0,0.0,0.0,0.0,0.0,68.0,0.0,0.0,0.0,368.0,0.0,0.0,757.0,0.0,0.0,0.0,1798.0,0.0,0.0,0.0,0.0,72.0,0.0,0.0,1204.0,0.0,0.0,3259.0,0.0,0.0,0.0,6112.0,0.0,0.0,48.0,0.0,0.0,6.0,6.0,0.0,554.0,0.0,0.0,0.0,0.0,0.0,0.0,0.0,0.0,0.0,1958.0,0.0,0.0,1.0,0.0,62.0,0.0,0.0,244.0,0.0,0.0,5.0,0.0,0.0,0.0,0.0,0.0,0.0,0.0,0.0,1.0,0.0,0.0,0.0,0.0,0.0,0.0,1.0,0.0,0.0,0.0,0.0,0.0,0.0,0.0,0.0,0.0,0.0,0.0,0.0,0.0,0.0,1.0,0.0,0.0,0.0,2.0,3.0,0.0,0.0,2.0,0.0,0.0,0.0,3.0,0.0,0.0,1.0,0.0,0.0,0.0,0.0,0.0,1.0,0.0,1.0,0.0,0.0,1.0,0.0,1.0,0.0,1.0,0.0,0.0,0.0,0.0,0.0,3.0,1.0,0.0,4.0,0.0,0.0,0.0,0.0,0.0,0.0,0.0,0.0,0.0,0.0,5.0,0.0,1.0,0.0,0.0,2.0,0.0,1.0,0.0,0.0,0.0,0.0,0.0,1.0,0.0,0.0,0.0,0.0,0.0,1.0,0.0,0.0,0.0,0.0,2.0,0.0,0.0,0.0,0.0,0.0,0.0,2.0,0.0,0.0,0.0,0.0,0.0,4.0,0.0,0.0,0.0,0.0,0.0,0.0,0.0,0.0,0.0,0.0,0.0,0.0,3.0,20.0,56.0,0.0,0.0,16.0,0.0,12.0,0.0,0.0,0.0,0.0,0.0,0.0,0.0,0.0,0.0,0.0,0.0,0.0,0.0,0.0,0.0,4.0,3.0,6.0,0.0,9.0,1.0,0.0,0.0,0.0,0.0,5.0,0.0,0.0,0.0,0.0,4.0,0.0,0.0,0.0,0.0,0.0,0.0,0.0,0.0,0.0,4850.0,0.0,0.0,0.0,0.0,0.0,0.0,0.0,0.0,0.0,0.0,0.0,0.0,9824.0,0.0,0.0,0.0,0.0,110.0,-166.0,0.0,0.0,0.0,0.0,0.0,0.0,0.0,210.0,0.0,0.0,6955.0,0.0,0.0,0.0,0.0,0.0,0.0,0.0,0.0,0.0,0.0,0.0,0.0,5960.0,24673.0,0.0,0.0,0.0,0.0,0.0,1093.0,0.0,0.0,0.0,0.0,0.0,0.0,0.0,636.0,0.0,0.0,0.0,0.0,60.0,0.0,0.0,0.0,0.0,0.0,0.0,0.0,0.0,0.0,0.0,0.0,0.0,0.0,0.0,0.0,0.0,0.0,0.0,0.0,0.0,0.0,0.0,0.0,0.0,0.0,0.0,0.0,0.0,0.0,0.0,0.0,0.0,0.0,0.0,0.0,0.0,0.0,0.0,0.0,0.0,0.0,0.0,0.0,0.0,0.0,0.0,0.0,0.0,0.0,0.0,0.0,0.0,0.0,0.0,0.0,0.0,23870.0,97132.0,0.0,0.0,0.0,0.0,0.0,0.0,0.0,0.0,0.0,0.0,0.0,0.0,0.0,0.0,0.0,0.0,0.0,0.0,100.0,18196.0,0.0,0.0,0.0
2022-01-01,0.0,0.0,0.0,0.0,0.0,0.0,0.0,0.0,12335.0,0.0,0.0,0.0,0.0,2598.0,0.0,0.0,1120.0,32650.0,0.0,0.0,0.0,0.0,0.0,0.0,0.0,0.0,2000.0,35209.0,0.0,0.0,0.0,0.0,792.0,0.0,0.0,0.0,226.0,0.0,22684.0,0.0,0.0,0.0,0.0,0.0,0.0,0.0,0.0,0.0,550.0,10273.0,0.0,0.0,0.0,0.0,0.0,0.0,0.0,28656.0,89388.0,0.0,3000.0,0.0,0.0,360.0,13564.0,1300.0,53475.0,78680.0,0.0,1000.0,3010.0,4550.0,0.0,0.0,180.0,0.0,0.0,0.0,0.0,0.0,0.0,0.0,0.0,0.0,0.0,80.0,0.0,0.0,0.0,0.0,0.0,0.0,0.0,0.0,0.0,0.0,0.0,0.0,0.0,0.0,0.0,0.0,0.0,0.0,0.0,0.0,0.0,0.0,0.0,0.0,0.0,0.0,14.0,0.0,0.0,18.0,0.0,0.0,0.0,0.0,0.0,0.0,0.0,0.0,0.0,0.0,0.0,0.0,0.0,0.0,0.0,0.0,0.0,0.0,0.0,1.2,0.0,0.0,0.0,3.0,0.0,0.0,2.0,0.0,0.0,0.0,0.0,0.0,0.0,0.0,0.0,0.0,0.0,0.0,43092.0,0.0,0.0,440.0,0.0,0.0,0.0,0.0,0.0,0.0,818.0,0.0,0.0,4110.0,0.0,0.0,0.0,0.0,175.0,0.0,0.0,0.0,2933.0,0.0,0.0,0.0,399.0,0.0,0.0,0.0,0.0,3467.0,0.0,0.0,0.0,7.0,0.0,0.0,0.0,0.0,0.0,0.0,0.0,0.0,0.0,0.0,0.0,0.0,0.0,0.0,0.0,0.0,0.0,0.0,0.0,0.0,0.0,19.0,4.0,0.0,0.0,0.0,0.0,0.0,0.0,0.0,2.0,0.0,0.0,141.0,0.0,1.0,0.0,0.0,0.0,0.0,0.0,0.0,0.0,0.0,173.0,0.0,0.0,0.0,0.0,1000.0,0.0,991.0,0.0,0.0,0.0,0.0,4504.0,0.0,0.0,0.0,30.0,0.0,0.0,0.0,500.0,0.0,2426.0,0.0,0.0,0.0,0.0,14307.0,0.0,22.0,0.0,0.0,0.0,0.0,0.0,589.0,0.0,0.0,0.0,0.0,0.0,0.0,0.0,0.0,0.0,1084.0,0.0,0.0,0.0,0.0,6.0,0.0,0.0,189.0,0.0,0.0,0.0,0.0,0.0,0.0,0.0,0.0,0.0,0.0,0.0,0.0,0.0,0.0,0.0,0.0,0.0,0.0,0.0,0.0,0.0,0.0,0.0,0.0,0.0,0.0,0.0,0.0,0.0,0.0,0.0,0.0,0.0,0.0,0.0,0.0,0.0,0.0,0.0,0.0,0.0,0.0,0.0,1.0,0.0,0.0,0.0,0.0,0.0,0.0,0.0,0.0,0.0,1.0,0.0,0.0,0.0,0.0,0.0,0.0,0.0,0.0,0.0,0.0,0.0,0.0,0.0,0.0,0.0,0.0,0.0,0.0,0.0,0.0,0.0,0.0,0.0,0.0,0.0,0.0,0.0,0.0,0.0,0.0,0.0,0.0,0.0,0.0,0.0,0.0,0.0,0.0,0.0,0.0,0.0,0.0,0.0,0.0,0.0,0.0,0.0,0.0,0.0,0.0,1.0,0.0,0.0,0.0,0.0,1.0,0.0,0.0,0.0,0.0,1.0,0.0,0.0,0.0,0.0,0.0,0.0,0.0,0.0,0.0,0.0,0.0,0.0,0.0,1.0,0.0,0.0,0.0,0.0,0.0,0.0,0.0,0.0,0.0,0.0,0.0,0.0,0.0,0.0,0.0,0.0,0.0,0.0,0.0,0.0,0.0,0.0,0.0,0.0,0.0,0.0,0.0,0.0,0.0,0.0,0.0,0.0,0.0,0.0,0.0,0.0,0.0,0.0,0.0,0.0,0.0,0.0,0.0,0.0,0.0,0.0,0.0,0.0,0.0,0.0,0.0,0.0,305.0,0.0,0.0,0.0,0.0,0.0,0.0,0.0,0.0,0.0,0.0,0.0,0.0,0.0,0.0,0.0,0.0,0.0,0.0,6480.0,0.0,0.0,0.0,0.0,0.0,0.0,1206.0,4.0,0.0,114.0,20585.0,0.0,0.0,0.0,0.0,0.0,0.0,0.0,0.0,0.0,0.0,0.0,0.0,5440.0,13031.0,0.0,0.0,0.0,0.0,0.0,238.0,0.0,0.0,0.0,0.0,0.0,0.0,0.0,0.0,0.0,0.0,0.0,0.0,30.0,0.0,0.0,0.0,0.0,0.0,0.0,0.0,0.0,0.0,0.0,0.0,0.0,0.0,0.0,0.0,0.0,0.0,0.0,0.0,0.0,0.0,0.0,0.0,0.0,0.0,0.0,0.0,0.0,0.0,0.0,0.0,0.0,0.0,0.0,0.0,85.0,0.0,0.0,0.0,0.0,0.0,0.0,0.0,0.0,0.0,0.0,0.0,0.0,0.0,0.0,0.0,0.0,0.0,0.0,0.0,0.0,20477.0,90089.0,0.0,0.0,0.0,0.0,0.0,0.0,0.0,0.0,0.0,0.0,0.0,0.0,0.0,0.0,0.0,0.0,0.0,0.0,0.0,30505.0,0.0,0.0,0.0
2022-02-01,0.0,0.0,0.0,0.0,0.0,0.0,0.0,0.0,6888.0,0.0,0.0,0.0,0.0,12550.0,0.0,0.0,4000.0,32040.0,0.0,0.0,0.0,0.0,0.0,0.0,0.0,0.0,1050.0,43145.0,0.0,0.0,0.0,0.0,608.0,0.0,0.0,300.0,5412.0,3063.0,10267.0,0.0,0.0,0.0,0.0,0.0,0.0,0.0,0.0,0.0,498.0,9964.0,0.0,0.0,0.0,0.0,0.0,0.0,0.0,17843.0,102863.0,0.0,6070.0,0.0,0.0,2074.0,16462.0,200.0,41191.0,121865.0,0.0,680.0,0.0,5300.0,0.0,0.0,369.0,0.0,0.0,0.0,180.0,0.0,0.0,0.0,0.0,0.0,0.0,0.0,0.0,0.0,19.0,0.0,0.0,0.0,0.0,0.0,0.0,0.0,0.0,0.0,0.0,0.0,0.0,0.0,0.0,0.0,0.0,0.0,0.0,0.0,0.0,0.0,0.0,0.0,0.0,0.0,0.0,0.0,0.0,0.0,0.0,0.0,0.0,0.0,0.0,0.0,0.0,0.0,0.0,0.0,0.0,0.0,0.0,0.0,0.0,0.0,0.0,-1.2,0.0,0.0,0.0,0.0,0.0,0.0,0.0,0.0,0.0,0.0,0.0,0.0,0.0,0.0,0.0,0.0,0.0,0.0,31752.0,0.0,0.0,848.0,0.0,0.0,0.0,0.0,0.0,0.0,950.0,0.0,0.0,5494.0,0.0,0.0,0.0,0.0,66.0,0.0,0.0,0.0,5434.0,0.0,0.0,0.0,597.0,0.0,0.0,0.0,0.0,3599.0,0.0,0.0,0.0,53.0,0.0,0.0,0.0,0.0,0.0,0.0,0.0,0.0,0.0,0.0,0.0,0.0,0.0,0.0,0.0,0.0,8.0,0.0,0.0,0.0,0.0,6.0,2.0,0.0,0.0,0.0,0.0,0.0,0.0,0.0,0.0,0.0,0.0,333.0,0.0,0.0,27.0,0.0,0.0,0.0,0.0,890.0,0.0,0.0,147.0,0.0,0.0,0.0,0.0,1821.0,0.0,727.0,0.0,0.0,0.0,0.0,1622.0,0.0,0.0,0.0,39.0,0.0,0.0,0.0,662.0,0.0,8066.0,0.0,0.0,0.0,0.0,11646.0,0.0,61.0,0.0,0.0,0.0,0.0,0.0,609.0,0.0,0.0,0.0,0.0,0.0,0.0,0.0,0.0,0.0,0.0,0.0,0.0,0.0,0.0,112.0,0.0,0.0,175.0,0.0,0.0,0.0,0.0,0.0,0.0,0.0,0.0,0.0,0.0,0.0,0.0,0.0,0.0,0.0,0.0,0.0,0.0,0.0,0.0,0.0,0.0,0.0,0.0,0.0,0.0,0.0,1.0,0.0,0.0,0.0,0.0,0.0,0.0,0.0,0.0,0.0,0.0,0.0,0.0,0.0,0.0,0.0,0.0,0.0,0.0,0.0,0.0,0.0,0.0,0.0,0.0,0.0,0.0,0.0,0.0,0.0,0.0,0.0,0.0,0.0,0.0,0.0,0.0,0.0,0.0,0.0,0.0,0.0,0.0,0.0,0.0,0.0,0.0,0.0,0.0,0.0,0.0,0.0,0.0,0.0,0.0,0.0,0.0,0.0,0.0,0.0,0.0,0.0,0.0,0.0,0.0,0.0,0.0,0.0,0.0,0.0,0.0,0.0,0.0,0.0,0.0,0.0,0.0,0.0,0.0,0.0,0.0,0.0,0.0,0.0,0.0,0.0,0.0,0.0,0.0,0.0,0.0,0.0,0.0,0.0,0.0,0.0,0.0,0.0,0.0,0.0,0.0,0.0,0.0,0.0,0.0,0.0,0.0,0.0,0.0,0.0,0.0,0.0,0.0,17.0,7.0,0.0,0.0,0.0,0.0,0.0,0.0,0.0,0.0,0.0,0.0,6.0,0.0,0.0,6.0,6.0,0.0,6.0,0.0,6.0,6.0,0.0,0.0,0.0,0.0,0.0,0.0,0.0,0.0,0.0,0.0,0.0,0.0,0.0,0.0,0.0,0.0,0.0,0.0,0.0,33.0,0.0,0.0,0.0,0.0,0.0,0.0,0.0,0.0,0.0,0.0,0.0,0.0,0.0,0.0,0.0,0.0,0.0,0.0,0.0,0.0,0.0,0.0,0.0,0.0,0.0,0.0,0.0,0.0,57.0,5520.0,0.0,0.0,0.0,0.0,0.0,0.0,0.0,0.0,0.0,0.0,0.0,0.0,1260.0,3260.0,0.0,0.0,0.0,100.0,0.0,487.0,0.0,0.0,0.0,0.0,0.0,0.0,0.0,0.0,0.0,0.0,203.0,0.0,0.0,0.0,0.0,0.0,0.0,0.0,0.0,0.0,0.0,0.0,0.0,0.0,0.0,0.0,0.0,0.0,0.0,0.0,0.0,0.0,0.0,0.0,0.0,0.0,0.0,0.0,0.0,0.0,0.0,0.0,0.0,0.0,0.0,0.0,0.0,0.0,99.0,0.0,0.0,0.0,0.0,0.0,0.0,0.0,0.0,0.0,0.0,0.0,0.0,0.0,0.0,0.0,0.0,0.0,0.0,0.0,0.0,30989.0,76938.0,0.0,0.0,0.0,0.0,0.0,0.0,0.0,0.0,0.0,0.0,0.0,0.0,0.0,0.0,0.0,0.0,0.0,0.0,0.0,46174.0,0.0,0.0,0.0
2022-03-01,0.0,0.0,0.0,0.0,0.0,0.0,0.0,0.0,6974.0,0.0,0.0,0.0,0.0,2362.0,0.0,0.0,515.0,39956.0,0.0,0.0,0.0,0.0,0.0,0.0,0.0,0.0,0.0,20037.0,0.0,0.0,0.0,0.0,3018.0,0.0,0.0,780.0,9091.0,0.0,7151.0,0.0,0.0,0.0,0.0,0.0,0.0,0.0,0.0,0.0,590.0,12970.0,0.0,0.0,0.0,0.0,0.0,0.0,0.0,21694.0,90728.0,0.0,1000.0,0.0,0.0,4.0,16174.0,0.0,33985.0,121325.0,0.0,700.0,9.0,1120.0,0.0,0.0,279.0,0.0,0.0,0.0,0.0,0.0,0.0,0.0,0.0,0.0,0.0,0.0,0.0,0.0,0.0,0.0,0.0,0.0,0.0,0.0,0.0,0.0,0.0,0.0,0.0,0.0,0.0,0.0,0.0,0.0,0.0,0.0,0.0,0.0,0.0,0.0,0.0,0.0,0.0,0.0,0.0,1.0,0.0,0.0,0.0,0.0,0.0,0.0,0.0,0.0,0.0,0.0,0.0,0.0,0.0,0.0,0.0,0.0,0.0,0.0,0.0,0.0,0.0,0.0,4.0,0.0,0.0,0.0,0.0,0.0,0.0,0.0,0.0,0.0,0.0,0.0,0.0,0.0,0.0,0.0,92988.0,0.0,0.0,33000.0,0.0,0.0,0.0,0.0,0.0,0.0,493.0,0.0,0.0,2309.0,0.0,0.0,0.0,0.0,91.0,0.0,0.0,0.0,-244.0,0.0,0.0,0.0,1182.0,0.0,0.0,0.0,0.0,7803.0,0.0,0.0,0.0,2.0,8.0,0.0,0.0,0.0,0.0,0.0,0.0,0.0,0.0,0.0,0.0,0.0,0.0,0.0,0.0,42.0,101.0,0.0,0.0,0.0,0.0,20.0,10.0,16.0,16.0,0.0,0.0,0.0,0.0,3.0,0.0,0.0,0.0,85.0,0.0,6.0,8.0,0.0,0.0,0.0,0.0,252.0,0.0,0.0,124.0,0.0,0.0,0.0,0.0,1056.0,0.0,1221.0,0.0,0.0,0.0,0.0,2526.0,0.0,0.0,0.0,55.0,0.0,0.0,0.0,1342.0,0.0,4400.0,0.0,0.0,0.0,0.0,13476.0,0.0,14.0,0.0,0.0,1258.0,0.0,0.0,532.0,0.0,0.0,0.0,0.0,0.0,0.0,0.0,0.0,0.0,0.0,0.0,0.0,0.0,0.0,180.0,0.0,0.0,40.0,0.0,0.0,0.0,0.0,0.0,0.0,0.0,0.0,0.0,0.0,0.0,0.0,1.0,0.0,0.0,0.0,1.0,0.0,0.0,0.0,1.0,4.0,0.0,1.0,3.0,0.0,0.0,0.0,0.0,0.0,0.0,0.0,0.0,0.0,0.0,0.0,1.0,0.0,1.0,0.0,2.0,0.0,0.0,0.0,0.0,0.0,0.0,1.0,0.0,0.0,1.0,2.0,0.0,0.0,0.0,0.0,0.0,0.0,0.0,0.0,0.0,0.0,0.0,0.0,0.0,0.0,0.0,0.0,0.0,0.0,2.0,0.0,0.0,0.0,0.0,0.0,0.0,0.0,0.0,0.0,0.0,0.0,0.0,0.0,0.0,1.0,0.0,0.0,1.0,1.0,0.0,0.0,0.0,0.0,0.0,0.0,0.0,4.0,0.0,0.0,0.0,0.0,0.0,0.0,1.0,0.0,0.0,0.0,0.0,0.0,0.0,0.0,0.0,0.0,0.0,0.0,0.0,0.0,0.0,0.0,0.0,0.0,0.0,0.0,0.0,0.0,0.0,0.0,0.0,0.0,0.0,0.0,0.0,0.0,0.0,0.0,0.0,0.0,0.0,0.0,89.0,0.0,0.0,0.0,0.0,0.0,0.0,0.0,0.0,0.0,0.0,0.0,30.0,0.0,0.0,29.0,1.0,0.0,0.0,0.0,0.0,10.0,0.0,0.0,0.0,0.0,0.0,0.0,0.0,0.0,0.0,0.0,0.0,0.0,20352.0,0.0,0.0,0.0,0.0,0.0,0.0,678.0,0.0,0.0,0.0,0.0,0.0,0.0,0.0,0.0,0.0,0.0,0.0,0.0,0.0,0.0,0.0,0.0,0.0,0.0,3000.0,0.0,0.0,0.0,0.0,0.0,0.0,6000.0,0.0,0.0,0.0,0.0,0.0,0.0,0.0,0.0,0.0,0.0,0.0,0.0,0.0,0.0,0.0,0.0,3180.0,36477.0,0.0,0.0,0.0,50.0,50.0,6.0,0.0,0.0,0.0,0.0,0.0,0.0,0.0,0.0,0.0,0.0,0.0,0.0,0.0,0.0,0.0,0.0,0.0,0.0,0.0,0.0,0.0,0.0,0.0,0.0,0.0,0.0,0.0,0.0,0.0,0.0,0.0,0.0,0.0,0.0,0.0,0.0,0.0,0.0,0.0,0.0,0.0,0.0,0.0,0.0,0.0,0.0,27.0,0.0,0.0,0.0,0.0,0.0,0.0,0.0,0.0,0.0,0.0,0.0,0.0,0.0,0.0,0.0,0.0,0.0,0.0,0.0,0.0,0.0,0.0,23878.0,127780.0,0.0,6314.0,0.0,0.0,0.0,0.0,0.0,0.0,0.0,0.0,0.0,0.0,0.0,0.0,0.0,0.0,0.0,0.0,0.0,7001.0,0.0,0.0,0.0
2022-04-01,0.0,0.0,0.0,0.0,0.0,0.0,0.0,0.0,0.0,0.0,0.0,0.0,0.0,2526.0,0.0,420.0,0.0,18498.0,0.0,0.0,0.0,0.0,0.0,0.0,0.0,0.0,350.0,54081.0,0.0,0.0,0.0,0.0,2110.0,0.0,0.0,310.0,8897.0,0.0,6715.0,0.0,0.0,0.0,0.0,0.0,0.0,0.0,0.0,0.0,180.0,5414.0,0.0,0.0,0.0,0.0,0.0,0.0,0.0,14743.0,59224.0,0.0,115.0,0.0,0.0,900.0,10559.0,0.0,26146.0,94259.0,0.0,1840.0,0.0,1410.0,0.0,0.0,173.0,0.0,0.0,0.0,0.0,0.0,0.0,0.0,0.0,0.0,0.0,0.0,0.0,0.0,1.0,0.0,0.0,0.0,0.0,0.0,0.0,0.0,0.0,0.0,0.0,0.0,0.0,0.0,0.0,0.0,0.0,0.0,0.0,0.0,0.0,0.0,0.0,0.0,0.0,0.0,0.0,0.0,0.0,0.0,0.0,0.0,0.0,0.0,0.0,0.0,0.0,0.0,0.0,0.0,0.0,0.0,0.0,0.0,0.0,0.0,0.0,0.0,0.0,0.0,0.0,0.0,0.0,0.0,0.0,0.0,0.0,0.0,0.0,0.0,0.0,0.0,0.0,0.0,0.0,0.0,0.0,0.0,0.0,4700.0,0.0,0.0,0.0,0.0,0.0,0.0,1699.0,0.0,0.0,961.0,0.0,0.0,0.0,0.0,544.0,0.0,0.0,0.0,868.0,0.0,0.0,0.0,932.0,0.0,0.0,0.0,0.0,2974.0,0.0,0.0,0.0,3.0,2.0,0.0,0.0,0.0,0.0,0.0,0.0,0.0,0.0,0.0,0.0,0.0,0.0,0.0,0.0,0.0,261.0,0.0,0.0,0.0,0.0,3.0,6.0,0.0,0.0,0.0,0.0,0.0,0.0,0.0,0.0,0.0,1.0,76.0,0.0,0.0,2.0,0.0,0.0,0.0,0.0,479.0,0.0,0.0,568.0,0.0,0.0,0.0,0.0,1257.0,0.0,1410.0,0.0,0.0,0.0,0.0,4090.0,0.0,0.0,0.0,156.0,0.0,0.0,0.0,543.0,0.0,1582.0,0.0,0.0,0.0,0.0,7748.0,0.0,16.0,0.0,0.0,155.0,80.0,0.0,536.0,0.0,0.0,0.0,0.0,0.0,0.0,0.0,0.0,52.0,0.0,52.0,0.0,1.0,0.0,94.0,52.0,0.0,21.0,0.0,0.0,0.0,0.0,0.0,0.0,0.0,0.0,0.0,0.0,0.0,0.0,0.0,0.0,0.0,0.0,0.0,0.0,0.0,0.0,0.0,0.0,0.0,0.0,0.0,0.0,0.0,0.0,0.0,0.0,0.0,0.0,0.0,0.0,0.0,0.0,0.0,0.0,0.0,0.0,0.0,2.0,0.0,0.0,0.0,0.0,0.0,0.0,0.0,0.0,0.0,0.0,0.0,0.0,0.0,0.0,1.0,0.0,0.0,0.0,0.0,0.0,0.0,0.0,0.0,0.0,0.0,0.0,0.0,0.0,0.0,0.0,2.0,0.0,0.0,0.0,0.0,0.0,0.0,0.0,0.0,0.0,0.0,0.0,0.0,0.0,0.0,0.0,0.0,0.0,3.0,0.0,0.0,0.0,0.0,0.0,0.0,0.0,0.0,0.0,1.0,0.0,0.0,0.0,0.0,0.0,0.0,0.0,0.0,0.0,0.0,0.0,0.0,0.0,0.0,0.0,0.0,0.0,0.0,0.0,1.0,0.0,0.0,0.0,0.0,0.0,0.0,0.0,0.0,0.0,0.0,0.0,0.0,0.0,0.0,0.0,0.0,0.0,0.0,0.0,0.0,0.0,0.0,0.0,0.0,0.0,0.0,0.0,0.0,0.0,0.0,0.0,0.0,0.0,0.0,0.0,0.0,0.0,0.0,0.0,0.0,0.0,0.0,0.0,0.0,0.0,0.0,0.0,0.0,0.0,0.0,0.0,0.0,0.0,12128.0,0.0,0.0,0.0,0.0,0.0,0.0,1805.0,0.0,0.0,0.0,0.0,0.0,0.0,0.0,0.0,0.0,0.0,0.0,0.0,0.0,0.0,0.0,0.0,0.0,1400.0,531.0,0.0,0.0,0.0,0.0,0.0,0.0,0.0,2287.0,0.0,0.0,177.0,0.0,0.0,0.0,0.0,0.0,0.0,0.0,0.0,0.0,0.0,0.0,0.0,0.0,11424.0,0.0,0.0,0.0,201.0,100.0,784.0,0.0,0.0,0.0,0.0,0.0,0.0,0.0,0.0,0.0,0.0,0.0,0.0,0.0,0.0,0.0,0.0,0.0,0.0,0.0,0.0,0.0,0.0,0.0,0.0,0.0,0.0,0.0,0.0,0.0,0.0,0.0,0.0,0.0,0.0,0.0,0.0,0.0,0.0,0.0,0.0,0.0,0.0,0.0,0.0,0.0,0.0,1.0,0.0,16.0,0.0,0.0,0.0,0.0,0.0,0.0,0.0,0.0,0.0,0.0,0.0,0.0,0.0,0.0,0.0,0.0,0.0,0.0,0.0,0.0,9443.0,75903.0,0.0,4214.0,0.0,0.0,0.0,0.0,0.0,0.0,0.0,0.0,0.0,0.0,0.0,0.0,0.0,0.0,0.0,0.0,0.0,7109.0,0.0,0.0,0.0
2022-05-01,0.0,0.0,0.0,0.0,0.0,0.0,0.0,0.0,16848.0,0.0,0.0,0.0,0.0,9565.0,0.0,0.0,3100.0,12611.0,0.0,10.0,0.0,0.0,0.0,0.0,0.0,1000.0,400.0,83766.0,0.0,0.0,0.0,0.0,8.0,0.0,0.0,2980.0,14394.0,2935.0,5981.0,0.0,0.0,0.0,0.0,0.0,0.0,0.0,0.0,0.0,585.0,10299.0,0.0,0.0,0.0,0.0,0.0,0.0,0.0,21645.0,89376.0,0.0,3450.0,0.0,0.0,1800.0,26053.0,0.0,53232.0,185582.0,0.0,7179.0,0.0,5287.0,0.0,0.0,684.0,0.0,0.0,0.0,0.0,0.0,0.0,0.0,0.0,0.0,0.0,0.0,0.0,0.0,30.0,0.0,0.0,0.0,0.0,0.0,0.0,0.0,0.0,0.0,0.0,0.0,0.0,0.0,0.0,0.0,0.0,0.0,0.0,0.0,0.0,0.0,0.0,0.0,0.0,0.0,2.0,0.0,0.0,0.0,0.0,0.0,1.0,2.0,0.0,0.0,0.0,0.0,0.0,0.0,0.0,0.0,0.0,0.0,0.0,0.0,0.0,0.0,0.0,0.0,0.0,0.0,0.0,0.0,0.0,0.0,0.0,0.0,0.0,0.0,0.0,0.0,0.0,0.0,0.0,0.0,75473.0,0.0,0.0,1590.0,0.0,0.0,9835.0,0.0,0.0,0.0,117.0,0.0,0.0,3581.0,0.0,0.0,0.0,0.0,94.0,0.0,0.0,0.0,2921.0,0.0,0.0,0.0,483.0,0.0,0.0,0.0,0.0,2441.0,0.0,0.0,0.0,3.0,0.0,0.0,0.0,0.0,0.0,0.0,0.0,0.0,0.0,0.0,0.0,0.0,0.0,0.0,0.0,0.0,699.0,0.0,0.0,0.0,0.0,68.0,2.0,0.0,0.0,0.0,0.0,0.0,0.0,0.0,0.0,0.0,0.0,185.0,0.0,0.0,2.0,0.0,250.0,0.0,0.0,174.0,0.0,0.0,129.0,0.0,0.0,0.0,0.0,1434.0,0.0,1557.0,0.0,0.0,0.0,0.0,3673.0,0.0,0.0,0.0,344.0,0.0,0.0,0.0,215.0,0.0,7185.0,0.0,0.0,0.0,0.0,8442.0,0.0,955.0,0.0,0.0,1199.0,300.0,0.0,110.0,0.0,0.0,0.0,0.0,0.0,0.0,0.0,0.0,0.0,0.0,0.0,0.0,50.0,0.0,752.0,100.0,140.0,52.0,0.0,0.0,0.0,0.0,0.0,0.0,0.0,0.0,0.0,0.0,0.0,4.0,0.0,0.0,0.0,0.0,0.0,0.0,4.0,0.0,0.0,0.0,0.0,0.0,0.0,4.0,0.0,0.0,0.0,3.0,0.0,0.0,0.0,0.0,0.0,0.0,0.0,0.0,0.0,0.0,0.0,0.0,0.0,0.0,0.0,0.0,0.0,0.0,0.0,0.0,0.0,0.0,0.0,0.0,0.0,0.0,0.0,0.0,0.0,0.0,0.0,0.0,0.0,0.0,0.0,0.0,0.0,0.0,0.0,0.0,0.0,0.0,0.0,0.0,0.0,0.0,0.0,0.0,0.0,0.0,0.0,0.0,0.0,0.0,0.0,0.0,0.0,0.0,0.0,0.0,0.0,0.0,0.0,0.0,0.0,0.0,0.0,0.0,0.0,0.0,0.0,0.0,0.0,0.0,0.0,0.0,0.0,0.0,0.0,0.0,0.0,0.0,0.0,0.0,0.0,0.0,0.0,0.0,0.0,0.0,0.0,0.0,0.0,0.0,0.0,0.0,0.0,0.0,0.0,0.0,0.0,0.0,0.0,0.0,0.0,0.0,0.0,0.0,0.0,0.0,0.0,0.0,0.0,0.0,0.0,0.0,0.0,0.0,0.0,0.0,0.0,0.0,0.0,0.0,0.0,0.0,0.0,0.0,0.0,0.0,0.0,0.0,0.0,0.0,0.0,0.0,0.0,0.0,0.0,0.0,0.0,0.0,0.0,0.0,0.0,0.0,0.0,0.0,0.0,0.0,0.0,11.0,0.0,0.0,0.0,0.0,0.0,0.0,0.0,0.0,0.0,0.0,0.0,0.0,0.0,0.0,0.0,0.0,0.0,660.0,0.0,0.0,0.0,0.0,0.0,0.0,0.0,0.0,0.0,0.0,0.0,3000.0,0.0,0.0,0.0,0.0,0.0,0.0,0.0,0.0,0.0,0.0,0.0,0.0,734.0,35403.0,0.0,0.0,0.0,370.0,0.0,232.0,0.0,0.0,0.0,0.0,0.0,0.0,0.0,1.0,0.0,0.0,0.0,0.0,5.0,0.0,0.0,0.0,0.0,0.0,0.0,0.0,0.0,0.0,0.0,0.0,0.0,0.0,0.0,0.0,0.0,0.0,0.0,0.0,0.0,0.0,0.0,0.0,0.0,0.0,0.0,0.0,0.0,0.0,0.0,0.0,0.0,0.0,2.0,0.0,0.0,0.0,0.0,0.0,0.0,0.0,0.0,0.0,0.0,0.0,0.0,0.0,0.0,0.0,0.0,0.0,0.0,0.0,0.0,0.0,189.0,17514.0,132451.0,0.0,2744.0,0.0,0.0,0.0,0.0,0.0,0.0,0.0,0.0,0.0,0.0,0.0,0.0,0.0,0.0,0.0,0.0,0.0,17057.0,0.0,0.0,0.0
2022-06-01,0.0,0.0,0.0,0.0,0.0,0.0,0.0,0.0,6880.0,0.0,0.0,0.0,0.0,1359.0,0.0,0.0,4000.0,12853.0,0.0,0.0,0.0,0.0,0.0,0.0,0.0,310.0,0.0,71844.0,0.0,0.0,0.0,0.0,91.0,0.0,0.0,368.0,7043.0,525.0,9077.0,0.0,0.0,0.0,0.0,0.0,0.0,0.0,0.0,0.0,190.0,12554.0,0.0,0.0,0.0,0.0,0.0,0.0,0.0,13726.0,107243.0,0.0,2150.0,0.0,0.0,-1100.0,18811.0,0.0,43481.0,144059.0,250.0,16919.0,0.0,1555.0,0.0,0.0,171.0,0.0,0.0,0.0,0.0,0.0,0.0,0.0,0.0,0.0,0.0,0.0,0.0,0.0,9.0,0.0,0.0,0.0,0.0,0.0,0.0,0.0,1.0,0.0,0.0,0.0,0.0,0.0,0.0,0.0,0.0,0.0,0.0,0.0,0.0,0.0,0.0,0.0,0.0,0.0,0.0,0.0,0.0,0.0,0.0,0.0,3.0,0.0,0.0,0.0,0.0,0.0,5.0,0.0,0.0,0.0,0.0,0.0,0.0,0.0,0.0,0.6,0.0,0.0,6.0,0.0,0.0,0.0,0.0,0.0,0.0,0.0,0.0,0.0,0.0,0.0,0.0,0.0,0.0,0.0,59373.0,0.0,0.0,0.0,0.0,0.0,0.0,0.0,0.0,0.0,542.0,0.0,0.0,3544.0,0.0,0.0,0.0,0.0,1040.0,0.0,0.0,0.0,3445.0,0.0,0.0,0.0,221.0,0.0,0.0,0.0,0.0,4260.0,0.0,0.0,0.0,1.0,0.0,0.0,0.0,0.0,0.0,0.0,0.0,0.0,0.0,0.0,0.0,0.0,0.0,0.0,0.0,0.0,450.0,0.0,0.0,0.0,0.0,-3.0,0.0,0.0,0.0,0.0,0.0,0.0,0.0,0.0,90.0,0.0,52.0,55.0,0.0,3.0,8.0,0.0,0.0,0.0,0.0,323.0,0.0,0.0,63.0,0.0,0.0,0.0,0.0,436.0,0.0,2077.0,0.0,0.0,0.0,0.0,850.0,0.0,0.0,0.0,32.0,0.0,0.0,0.0,1974.0,0.0,2124.0,0.0,0.0,0.0,0.0,11213.0,0.0,9.0,0.0,0.0,15.0,0.0,0.0,596.0,0.0,0.0,0.0,0.0,0.0,0.0,0.0,0.0,0.0,1.0,0.0,0.0,101.0,0.0,8.0,0.0,4.0,0.0,0.0,0.0,0.0,0.0,0.0,0.0,0.0,0.0,0.0,0.0,0.0,4.0,2.0,0.0,0.0,0.0,0.0,0.0,0.0,0.0,0.0,1.0,0.0,6.0,0.0,0.0,0.0,0.0,0.0,0.0,0.0,0.0,0.0,0.0,4.0,0.0,0.0,0.0,5.0,0.0,0.0,4.0,0.0,0.0,0.0,2.0,0.0,6.0,1.0,2.0,0.0,5.0,0.0,0.0,2.0,0.0,1.0,0.0,2.0,0.0,0.0,0.0,4.0,0.0,0.0,3.0,2.0,0.0,0.0,0.0,0.0,0.0,4.0,0.0,0.0,0.0,0.0,0.0,0.0,0.0,0.0,0.0,4.0,0.0,3.0,0.0,0.0,0.0,0.0,0.0,0.0,0.0,0.0,0.0,2.0,0.0,0.0,0.0,0.0,0.0,2.0,0.0,0.0,0.0,0.0,0.0,0.0,0.0,0.0,0.0,0.0,0.0,0.0,3.0,0.0,0.0,0.0,0.0,1.0,0.0,0.0,0.0,0.0,0.0,0.0,0.0,0.0,0.0,0.0,0.0,2.0,0.0,0.0,2.0,0.0,0.0,0.0,4.0,0.0,0.0,4.0,0.0,0.0,0.0,0.0,0.0,0.0,0.0,0.0,2.0,0.0,4.0,0.0,0.0,0.0,8.0,0.0,3.0,1.0,0.0,0.0,0.0,0.0,0.0,0.0,0.0,0.0,0.0,0.0,0.0,0.0,0.0,0.0,0.0,0.0,0.0,0.0,0.0,0.0,0.0,0.0,10.0,0.0,0.0,0.0,0.0,0.0,0.0,0.0,0.0,0.0,0.0,0.0,0.0,0.0,0.0,0.0,0.0,0.0,0.0,0.0,0.0,0.0,0.0,0.0,0.0,0.0,0.0,1213.0,0.0,0.0,2762.0,0.0,0.0,0.0,0.0,0.0,0.0,0.0,0.0,0.0,0.0,0.0,0.0,2530.0,36636.0,0.0,0.0,0.0,50.0,0.0,109.0,0.0,500.0,0.0,3500.0,0.0,0.0,0.0,450.0,0.0,0.0,0.0,0.0,0.0,0.0,0.0,0.0,0.0,0.0,0.0,0.0,0.0,0.0,0.0,0.0,0.0,0.0,0.0,0.0,0.0,0.0,0.0,0.0,0.0,0.0,0.0,0.0,0.0,0.0,0.0,0.0,0.0,0.0,0.0,0.0,0.0,0.0,0.0,0.0,0.0,0.0,0.0,0.0,0.0,0.0,0.0,0.0,0.0,0.0,0.0,0.0,0.0,0.0,0.0,0.0,0.0,0.0,0.0,0.0,524.0,15892.0,109229.0,0.0,2548.0,0.0,0.0,0.0,0.0,0.0,0.0,0.0,0.0,0.0,0.0,0.0,0.0,0.0,0.0,0.0,0.0,0.0,25059.0,0.0,0.0,0.0
2022-07-01,0.0,0.0,0.0,0.0,0.0,0.0,0.0,0.0,13760.0,0.0,0.0,0.0,60.0,6069.0,0.0,0.0,3545.0,18180.0,0.0,0.0,0.0,0.0,0.0,0.0,200.0,3800.0,10.0,81858.0,0.0,0.0,0.0,0.0,165.0,0.0,0.0,1340.0,6097.0,500.0,2352.0,0.0,0.0,0.0,0.0,0.0,0.0,0.0,8.0,0.0,528.0,8917.0,0.0,0.0,0.0,0.0,0.0,0.0,0.0,21454.0,96768.0,0.0,1001.0,0.0,0.0,910.0,22833.0,0.0,42737.0,161201.0,0.0,13890.0,0.0,3550.0,0.0,0.0,129.0,0.0,0.0,0.0,0.0,0.0,0.0,0.0,0.0,0.0,0.0,0.0,0.0,0.0,4.0,0.0,0.0,0.0,0.0,0.0,0.0,0.0,0.0,0.0,1.0,0.0,3.0,0.0,0.0,0.0,0.0,2.0,0.0,0.0,0.0,2.0,2.0,0.0,2.0,0.0,0.0,4.0,0.0,2.0,0.0,0.0,0.0,0.0,0.0,0.0,1.0,2.0,0.0,2.0,0.0,0.0,0.0,0.0,0.0,0.0,0.0,0.0,0.0,0.0,2.0,0.0,0.0,0.0,0.0,0.0,0.0,0.0,0.0,0.0,0.0,0.0,0.0,0.0,0.0,0.0,35203.0,0.0,0.0,22800.0,0.0,0.0,34112.0,0.0,0.0,1694.0,193.0,0.0,0.0,2649.0,0.0,0.0,0.0,0.0,140.0,0.0,0.0,0.0,-230.0,0.0,0.0,0.0,354.0,0.0,0.0,0.0,0.0,5351.0,0.0,0.0,0.0,5.0,100.0,0.0,0.0,0.0,0.0,0.0,0.0,0.0,0.0,0.0,0.0,0.0,0.0,0.0,0.0,0.0,522.0,0.0,0.0,0.0,0.0,1.0,11.0,0.0,0.0,0.0,0.0,0.0,0.0,0.0,0.0,0.0,0.0,0.0,0.0,0.0,0.0,0.0,0.0,0.0,0.0,811.0,0.0,0.0,37.0,0.0,0.0,0.0,0.0,2171.0,0.0,2141.0,0.0,0.0,0.0,0.0,5424.0,0.0,0.0,0.0,45.0,0.0,0.0,0.0,309.0,0.0,4277.0,0.0,0.0,0.0,0.0,15084.0,0.0,113.0,0.0,0.0,220.0,0.0,0.0,379.0,0.0,0.0,0.0,0.0,0.0,0.0,0.0,0.0,0.0,0.0,0.0,0.0,0.0,0.0,67.0,0.0,15.0,0.0,16.0,0.0,3.0,0.0,0.0,0.0,0.0,0.0,0.0,0.0,0.0,0.0,0.0,0.0,4.0,0.0,0.0,0.0,0.0,0.0,3.0,0.0,1.0,0.0,0.0,1.0,2.0,0.0,0.0,0.0,1.0,0.0,0.0,0.0,0.0,1.0,0.0,1.0,1.0,0.0,0.0,4.0,0.0,0.0,0.0,2.0,0.0,0.0,4.0,0.0,0.0,0.0,2.0,0.0,0.0,0.0,3.0,0.0,1.0,0.0,0.0,0.0,0.0,0.0,0.0,2.0,0.0,0.0,0.0,2.0,0.0,0.0,1.0,0.0,1.0,0.0,0.0,0.0,0.0,0.0,2.0,0.0,0.0,0.0,0.0,0.0,1.0,0.0,0.0,0.0,1.0,0.0,0.0,0.0,0.0,0.0,1.0,0.0,0.0,0.0,2.0,0.0,0.0,0.0,1.0,0.0,2.0,0.0,0.0,0.0,0.0,0.0,0.0,0.0,0.0,0.0,0.0,0.0,0.0,0.0,1.0,0.0,0.0,0.0,0.0,0.0,0.0,0.0,0.0,0.0,0.0,0.0,0.0,0.0,0.0,0.0,0.0,0.0,0.0,0.0,0.0,0.0,0.0,0.0,0.0,0.0,0.0,0.0,0.0,0.0,0.0,0.0,0.0,0.0,0.0,0.0,0.0,0.0,2.0,0.0,0.0,0.0,0.0,0.0,0.0,0.0,0.0,0.0,0.0,0.0,0.0,0.0,0.0,0.0,1140.0,1140.0,0.0,0.0,0.0,0.0,0.0,1050.0,0.0,0.0,0.0,0.0,0.0,0.0,0.0,0.0,0.0,0.0,0.0,0.0,0.0,0.0,0.0,0.0,0.0,0.0,90.0,0.0,0.0,0.0,0.0,0.0,0.0,0.0,0.0,0.0,0.0,4170.0,0.0,0.0,0.0,0.0,0.0,0.0,0.0,0.0,0.0,0.0,0.0,0.0,600.0,47948.0,0.0,0.0,0.0,110.0,0.0,196.0,0.0,0.0,0.0,0.0,0.0,0.0,0.0,450.0,0.0,0.0,0.0,0.0,0.0,0.0,0.0,0.0,0.0,0.0,0.0,0.0,0.0,0.0,0.0,0.0,0.0,0.0,0.0,0.0,0.0,0.0,0.0,0.0,0.0,0.0,0.0,0.0,0.0,0.0,0.0,0.0,0.0,0.0,0.0,0.0,0.0,0.0,0.0,0.0,0.0,0.0,0.0,0.0,0.0,0.0,0.0,0.0,0.0,0.0,0.0,0.0,0.0,0.0,0.0,0.0,0.0,0.0,-54.0,0.0,606.0,15770.0,94258.0,0.0,0.0,0.0,0.0,0.0,0.0,0.0,0.0,0.0,0.0,0.0,0.0,0.0,0.0,0.0,0.0,0.0,0.0,0.0,5798.0,0.0,0.0,0.0
2022-08-01,0.0,0.0,0.0,0.0,0.0,0.0,0.0,0.0,13760.0,0.0,0.0,0.0,0.0,19333.0,0.0,0.0,600.0,22995.0,0.0,0.0,0.0,0.0,0.0,0.0,0.0,7400.0,2310.0,52502.0,0.0,0.0,0.0,0.0,170.0,0.0,0.0,1325.0,15240.0,1100.0,10093.0,0.0,0.0,0.0,0.0,0.0,0.0,0.0,0.0,0.0,790.0,8028.0,0.0,0.0,0.0,0.0,0.0,0.0,0.0,21710.0,77426.0,0.0,1836.0,0.0,0.0,1060.0,19742.0,0.0,35740.0,157151.0,0.0,2468.0,280.0,3940.0,0.0,0.0,81.0,0.0,0.0,0.0,0.0,0.0,0.0,0.0,0.0,0.0,0.0,0.0,0.0,0.0,0.0,0.0,0.0,0.0,0.0,0.0,0.0,0.0,0.0,0.0,0.0,0.0,0.0,0.0,0.0,0.0,0.0,0.0,0.0,0.0,0.0,0.0,0.0,0.0,0.0,0.0,0.0,0.0,0.0,0.0,0.0,0.0,0.0,0.0,0.0,0.0,0.0,0.0,0.0,0.0,0.0,0.0,0.0,0.0,0.0,0.0,0.0,0.0,0.0,0.0,0.0,0.0,0.0,0.0,0.0,0.0,0.0,0.0,0.0,0.0,0.0,0.0,0.0,0.0,0.0,0.0,50420.0,0.0,0.0,0.0,0.0,0.0,7000.0,0.0,0.0,0.0,51.0,0.0,0.0,4311.0,0.0,0.0,0.0,0.0,21.0,0.0,0.0,0.0,1649.0,0.0,0.0,0.0,603.0,0.0,0.0,0.0,0.0,4053.0,0.0,0.0,0.0,3.0,0.0,0.0,0.0,0.0,0.0,0.0,0.0,0.0,0.0,0.0,0.0,0.0,0.0,0.0,0.0,0.0,262.0,0.0,0.0,0.0,0.0,5.0,10.0,0.0,0.0,0.0,0.0,0.0,0.0,5.0,40.0,0.0,0.0,0.0,0.0,3.0,0.0,0.0,0.0,0.0,0.0,322.0,0.0,0.0,542.0,0.0,0.0,0.0,0.0,130.0,0.0,1826.0,0.0,0.0,0.0,0.0,2650.0,0.0,0.0,0.0,72.0,0.0,0.0,0.0,555.0,0.0,3399.0,0.0,0.0,0.0,0.0,9183.0,0.0,593.0,0.0,0.0,49.0,0.0,0.0,303.0,0.0,0.0,0.0,0.0,0.0,0.0,0.0,0.0,0.0,0.0,0.0,0.0,0.0,0.0,3.0,0.0,156.0,0.0,0.0,0.0,0.0,0.0,0.0,0.0,0.0,0.0,0.0,0.0,0.0,0.0,0.0,0.0,0.0,0.0,0.0,0.0,0.0,0.0,0.0,0.0,0.0,0.0,0.0,0.0,0.0,0.0,0.0,0.0,0.0,0.0,0.0,0.0,0.0,0.0,0.0,0.0,0.0,0.0,0.0,0.0,0.0,0.0,0.0,0.0,0.0,0.0,0.0,0.0,0.0,0.0,0.0,0.0,0.0,0.0,0.0,0.0,0.0,0.0,0.0,0.0,0.0,0.0,0.0,0.0,0.0,0.0,0.0,0.0,0.0,0.0,0.0,0.0,0.0,0.0,0.0,0.0,0.0,0.0,0.0,0.0,0.0,0.0,0.0,0.0,0.0,0.0,0.0,0.0,0.0,0.0,0.0,0.0,0.0,0.0,0.0,0.0,0.0,0.0,0.0,0.0,0.0,0.0,0.0,0.0,0.0,0.0,0.0,0.0,0.0,0.0,0.0,0.0,0.0,0.0,0.0,0.0,0.0,0.0,0.0,0.0,0.0,0.0,0.0,0.0,0.0,0.0,0.0,0.0,0.0,0.0,0.0,0.0,0.0,0.0,0.0,0.0,0.0,0.0,0.0,0.0,0.0,0.0,0.0,0.0,0.0,0.0,0.0,0.0,0.0,0.0,0.0,0.0,0.0,0.0,0.0,0.0,0.0,0.0,0.0,0.0,0.0,0.0,0.0,0.0,0.0,0.0,0.0,0.0,0.0,0.0,0.0,0.0,0.0,0.0,0.0,0.0,0.0,0.0,0.0,126.0,0.0,0.0,0.0,0.0,0.0,0.0,0.0,0.0,0.0,0.0,0.0,0.0,0.0,0.0,20.0,0.0,0.0,0.0,29.0,0.0,0.0,0.0,0.0,0.0,0.0,3200.0,700.0,0.0,0.0,5031.0,0.0,0.0,0.0,0.0,0.0,0.0,0.0,0.0,0.0,0.0,0.0,0.0,1000.0,37363.0,0.0,0.0,0.0,26.0,0.0,75.0,0.0,0.0,0.0,0.0,0.0,0.0,0.0,450.0,0.0,0.0,-29.0,0.0,0.0,0.0,0.0,0.0,0.0,0.0,0.0,0.0,0.0,0.0,0.0,0.0,0.0,0.0,0.0,0.0,0.0,0.0,0.0,0.0,0.0,0.0,0.0,0.0,0.0,0.0,0.0,0.0,0.0,0.0,0.0,0.0,0.0,0.0,0.0,0.0,0.0,0.0,0.0,0.0,0.0,0.0,0.0,0.0,0.0,0.0,0.0,0.0,0.0,0.0,0.0,0.0,0.0,0.0,0.0,0.0,246.0,14995.0,111006.0,0.0,0.0,0.0,0.0,0.0,0.0,0.0,0.0,0.0,0.0,0.0,0.0,0.0,0.0,0.0,0.0,0.0,0.0,0.0,27450.0,0.0,0.0,0.0
2022-09-01,0.0,0.0,0.0,0.0,0.0,0.0,0.0,0.0,3440.0,0.0,0.0,0.0,0.0,33785.0,0.0,0.0,2850.0,34521.0,0.0,0.0,0.0,0.0,0.0,0.0,0.0,12214.0,365.0,46129.0,0.0,0.0,0.0,0.0,4000.0,0.0,0.0,500.0,13125.0,1500.0,10425.0,0.0,0.0,0.0,0.0,0.0,0.0,0.0,0.0,0.0,430.0,11127.0,0.0,0.0,0.0,0.0,0.0,0.0,0.0,26781.0,90117.0,0.0,3905.0,0.0,0.0,1043.0,16954.0,0.0,35712.0,145802.0,0.0,15262.0,0.0,1195.0,0.0,0.0,0.0,0.0,0.0,0.0,4000.0,0.0,0.0,0.0,0.0,0.0,0.0,0.0,0.0,0.0,0.0,0.0,0.0,0.0,0.0,0.0,0.0,0.0,0.0,0.0,0.0,0.0,0.0,0.0,0.0,0.0,0.0,0.0,0.0,0.0,0.0,0.0,0.0,0.0,0.0,0.0,0.0,0.0,0.0,0.0,0.0,0.0,0.0,0.0,0.0,0.0,0.0,0.0,0.0,0.0,0.0,0.0,0.0,0.0,0.0,0.0,0.0,0.0,0.0,0.0,0.0,0.0,0.0,0.0,0.0,0.0,0.0,0.0,0.0,0.0,0.0,0.0,0.0,0.0,0.0,0.0,28715.0,0.0,0.0,0.0,0.0,0.0,0.0,0.0,0.0,0.0,751.0,0.0,0.0,2359.36,0.0,0.0,0.0,0.0,201.0,0.0,0.0,0.0,2210.36,0.0,0.0,0.0,336.0,0.0,0.0,0.0,0.0,4694.36,0.0,0.0,0.0,1.0,60.0,0.0,0.0,0.0,0.0,0.0,0.0,0.0,0.0,0.0,0.0,0.0,0.0,0.0,0.0,0.0,152.36,0.0,0.0,0.0,0.0,0.0,5.0,0.0,0.0,0.0,0.0,0.0,0.0,0.0,13.0,0.0,0.0,0.0,0.0,0.0,0.0,0.0,621.0,0.0,0.0,270.0,0.0,0.0,625.0,0.0,0.0,0.0,0.0,760.36,0.0,2203.0,0.0,0.0,0.0,0.0,1922.3600000000001,0.0,0.0,0.0,230.0,0.0,0.0,0.0,988.36,0.0,1935.0,0.0,0.0,0.0,0.0,14581.36,0.0,3466.0,0.0,0.0,189.0,0.0,0.0,543.0,0.0,0.0,0.0,0.0,0.0,0.0,0.0,5.0,42.0,0.0,0.0,0.0,52.0,0.0,84.0,0.0,108.0,75.0,0.0,0.0,0.0,0.0,0.0,0.0,0.0,0.0,0.0,0.0,0.0,0.0,0.0,0.0,0.0,0.0,0.0,0.0,0.0,0.0,0.0,0.0,0.0,0.0,0.0,0.0,0.0,0.0,0.0,0.0,0.0,0.0,0.0,0.0,0.0,0.0,0.0,0.0,0.0,0.0,0.0,0.0,0.0,0.0,0.0,0.0,0.0,0.0,0.0,0.0,0.0,0.0,0.0,0.0,0.0,0.0,0.0,0.0,0.0,0.0,0.0,0.0,0.0,0.0,0.0,0.0,0.0,0.0,0.0,0.0,0.0,0.0,0.0,0.0,0.0,0.0,0.0,0.0,0.0,0.0,0.0,0.0,0.0,0.0,0.0,0.0,0.0,0.0,0.0,0.0,0.0,0.0,0.0,0.0,0.0,0.0,0.0,0.0,0.0,0.0,0.0,0.0,0.0,0.0,0.0,0.0,0.0,0.0,0.0,0.0,0.0,0.0,0.0,0.0,0.0,0.0,0.0,0.0,0.0,0.0,0.0,0.0,0.0,0.0,0.0,0.0,0.0,0.0,0.0,0.0,0.0,0.0,0.0,0.0,0.0,0.0,0.0,0.0,0.0,0.0,0.0,0.0,0.0,0.0,0.0,0.0,0.0,0.0,0.0,0.0,150.0,200.0,0.0,0.0,300.0,150.0,200.0,0.0,123.0,250.0,100.0,0.0,0.0,0.0,0.0,0.0,0.0,0.0,0.0,0.0,0.0,0.0,0.0,0.0,0.0,0.0,0.0,0.0,0.0,0.0,0.0,0.0,0.0,0.0,0.0,0.0,0.0,0.0,0.0,0.0,0.0,0.0,0.0,0.0,0.0,0.0,0.0,0.0,0.0,0.0,6355.0,3362.0,0.0,0.0,0.0,0.0,0.0,0.0,0.0,0.0,0.0,4090.0,0.0,0.0,0.0,0.0,0.0,0.0,0.0,0.0,0.0,0.0,0.0,0.0,0.0,55835.0,0.0,0.0,0.0,177.0,0.0,424.0,0.0,0.0,0.0,0.0,0.0,0.0,0.0,0.0,0.0,0.0,0.0,0.0,0.0,0.0,0.0,0.0,0.0,0.0,0.0,0.0,0.0,0.0,0.0,0.0,0.0,0.0,0.0,0.0,0.0,0.0,0.0,0.0,0.0,0.0,0.0,0.0,0.0,0.0,0.0,0.0,0.0,0.0,0.0,0.0,0.0,0.0,0.0,0.0,20.0,0.0,0.0,0.0,0.0,0.0,0.0,0.0,0.0,0.0,0.0,0.0,0.0,0.0,0.0,0.0,0.0,0.0,0.0,0.0,1088.0,37930.0,122044.0,0.0,0.0,0.0,0.0,0.0,0.0,0.0,0.0,0.0,0.0,0.0,0.0,0.0,0.0,0.0,0.0,0.0,0.0,0.0,17184.0,0.0,0.0,0.0
2022-10-01,0.0,0.0,0.0,0.0,0.0,0.0,0.0,0.0,3000.0,0.0,0.0,0.0,40.0,17105.0,0.0,0.0,2640.0,40011.0,0.0,0.0,0.0,0.0,0.0,0.0,0.0,4842.0,600.0,45322.0,0.0,0.0,0.0,0.0,2270.0,0.0,0.0,2420.0,14987.0,750.0,9762.0,0.0,0.0,1700.0,0.0,0.0,0.0,0.0,0.0,0.0,560.0,11462.0,0.0,0.0,0.0,0.0,0.0,0.0,0.0,19185.0,106406.0,0.0,5845.0,0.0,0.0,842.0,16579.0,0.0,40784.0,121089.0,30.0,20115.0,0.0,4625.0,0.0,0.0,0.0,0.0,0.0,0.0,100.0,0.0,0.0,0.0,0.0,0.0,0.0,0.0,0.0,0.0,0.0,0.0,0.0,0.0,0.0,0.0,0.0,0.0,0.0,0.0,1.0,0.0,1.0,0.0,1.0,0.0,0.0,0.0,1.0,0.0,0.0,0.0,0.0,0.0,2.0,0.0,0.0,1.0,0.0,0.0,0.0,0.0,0.0,0.0,0.0,0.0,0.0,0.0,0.0,0.0,0.0,0.0,0.0,0.0,0.0,0.0,0.0,0.0,0.0,0.0,0.0,0.0,0.0,0.0,0.0,0.0,0.0,0.0,0.0,0.0,0.0,0.0,0.0,0.0,0.0,0.0,13848.0,0.0,0.0,0.0,0.0,0.0,4616.0,0.0,0.0,5180.0,736.5,0.0,0.0,2745.0,0.0,0.0,0.0,0.0,318.5,0.0,0.0,0.0,4126.0,0.0,0.0,0.0,2038.5,0.0,0.0,0.0,0.0,2130.5,0.0,0.0,0.0,11.0,5.0,0.0,0.0,0.0,0.0,0.0,0.0,0.0,0.0,0.0,0.0,0.0,0.0,0.0,0.0,0.0,115.0,0.0,0.0,0.0,0.0,0.0,1.0,0.0,0.0,0.0,0.0,0.0,0.0,0.0,103.0,0.0,0.0,0.0,0.0,0.0,0.0,0.0,8.0,0.0,0.0,521.0,0.0,0.0,1194.5,0.0,0.0,0.0,0.0,1002.0,0.0,1249.5,0.0,0.0,0.0,0.0,2052.0,0.0,0.0,0.0,0.5,0.0,0.0,0.0,1255.0,0.0,2011.5,0.0,0.0,0.0,0.0,9286.0,0.0,2662.0,0.0,0.0,119.0,0.0,0.0,295.0,0.0,0.0,0.0,0.0,0.0,0.0,0.0,0.0,37.0,0.0,0.0,0.0,1.0,0.0,229.0,0.0,39.0,326.0,0.0,0.0,0.0,0.0,0.0,0.0,0.0,0.0,0.0,0.0,0.0,0.0,0.0,0.0,0.0,0.0,0.0,0.0,0.0,0.0,0.0,0.0,0.0,0.0,0.0,0.0,0.0,0.0,0.0,0.0,0.0,0.0,0.0,0.0,0.0,0.0,0.0,0.0,0.0,0.0,0.0,0.0,0.0,0.0,0.0,0.0,0.0,0.0,0.0,0.0,0.0,0.0,0.0,0.0,0.0,0.0,0.0,0.0,0.0,0.0,0.0,0.0,0.0,0.0,0.0,0.0,0.0,0.0,0.0,0.0,0.0,0.0,0.0,0.0,0.0,0.0,0.0,0.0,0.0,0.0,0.0,0.0,0.0,0.0,0.0,0.0,0.0,0.0,0.0,0.0,0.0,0.0,0.0,0.0,0.0,0.0,0.0,0.0,0.0,0.0,0.0,0.0,0.0,0.0,0.0,0.0,0.0,0.0,0.0,0.0,0.0,0.0,0.0,0.0,0.0,0.0,0.0,0.0,0.0,0.0,0.0,0.0,0.0,0.0,0.0,0.0,0.0,0.0,0.0,0.0,0.0,0.0,0.0,0.0,0.0,0.0,0.0,0.0,0.0,0.0,0.0,0.0,0.0,0.0,0.0,0.0,0.0,0.0,0.0,0.0,0.0,0.0,0.0,0.0,0.0,0.0,0.0,0.0,0.0,0.0,0.0,0.0,0.0,0.0,0.0,0.0,0.0,0.0,0.0,0.0,0.0,0.0,0.0,0.0,0.0,0.0,0.0,0.0,0.0,0.0,0.0,420.0,0.0,0.0,0.0,0.0,0.0,0.0,0.0,0.0,0.0,0.0,0.0,3600.0,0.0,0.0,0.0,0.0,0.0,0.0,36.0,0.0,0.0,0.0,0.0,0.0,0.0,0.0,40.0,0.0,0.0,0.0,0.0,0.0,0.0,0.0,0.0,0.0,0.0,0.0,0.0,0.0,0.0,0.0,0.0,2230.0,0.0,0.0,0.0,38.0,0.0,278.0,0.0,0.0,0.0,0.0,0.0,0.0,0.0,0.0,0.0,0.0,0.0,0.0,0.0,0.0,0.0,0.0,0.0,0.0,0.0,0.0,0.0,0.0,0.0,0.0,0.0,0.0,0.0,0.0,0.0,0.0,0.0,0.0,0.0,0.0,0.0,0.0,0.0,0.0,0.0,0.0,0.0,0.0,0.0,0.0,0.0,0.0,0.0,0.0,0.0,0.0,0.0,0.0,0.0,0.0,0.0,0.0,0.0,0.0,0.0,0.0,0.0,0.0,0.0,0.0,0.0,0.0,0.0,0.0,496.0,31170.0,111652.0,0.0,0.0,0.0,0.0,0.0,0.0,0.0,0.0,0.0,0.0,0.0,0.0,0.0,0.0,0.0,0.0,0.0,0.0,0.0,17506.0,0.0,0.0,0.0
2022-11-01,0.0,0.0,0.0,0.0,0.0,0.0,0.0,0.0,0.0,0.0,0.0,0.0,1560.0,32630.0,0.0,0.0,6000.0,48336.0,0.0,0.0,0.0,0.0,0.0,0.0,0.0,8790.0,500.0,14382.0,0.0,0.0,0.0,0.0,35121.0,0.0,0.0,990.0,10775.0,1495.0,20297.0,0.0,0.0,3156.0,0.0,0.0,0.0,0.0,0.0,0.0,120.0,8742.0,0.0,0.0,0.0,0.0,0.0,0.0,0.0,23845.0,87396.0,0.0,28336.0,0.0,0.0,220.0,17800.0,0.0,39571.0,158061.0,0.0,21880.0,0.0,5950.0,0.0,0.0,0.0,0.0,0.0,0.0,1985.0,0.0,0.0,0.0,0.0,0.0,0.0,0.0,0.0,0.0,0.0,0.0,0.0,0.0,0.0,0.0,0.0,0.0,0.0,0.0,0.0,0.0,0.0,0.0,0.0,0.0,0.0,0.0,0.0,0.0,0.0,0.0,0.0,0.0,0.0,0.0,0.0,0.0,0.0,0.0,0.0,0.0,0.0,0.0,0.0,0.0,0.0,0.0,0.0,0.0,0.0,0.0,0.0,0.0,0.0,0.0,0.0,0.0,0.0,0.0,0.0,0.0,0.0,0.0,0.0,0.0,0.0,0.0,0.0,0.0,0.0,0.0,0.0,0.0,0.0,0.0,40911.0,0.0,0.0,16100.0,0.0,0.0,28820.0,0.0,0.0,600.0,450.0,0.0,0.0,3607.0,0.0,0.0,0.0,0.0,250.0,0.0,0.0,0.0,2144.0,0.0,0.0,0.0,604.0,0.0,0.0,0.0,0.0,5200.0,0.0,0.0,0.0,2.0,2.0,0.0,0.0,0.0,0.0,0.0,0.0,0.0,0.0,0.0,0.0,0.0,0.0,0.0,0.0,0.0,1920.0,0.0,0.0,0.0,0.0,11.0,0.0,0.0,0.0,0.0,0.0,0.0,0.0,0.0,144.0,0.0,1.0,0.0,0.0,0.0,0.0,0.0,0.0,0.0,0.0,580.0,0.0,0.0,73.0,0.0,0.0,0.0,0.0,952.0,0.0,2246.0,0.0,0.0,0.0,0.0,5060.0,0.0,0.0,0.0,0.0,0.0,0.0,0.0,45.0,0.0,3936.0,0.0,0.0,0.0,0.0,12947.0,0.0,200.0,0.0,0.0,111.0,0.0,0.0,291.0,0.0,0.0,0.0,0.0,0.0,0.0,0.0,0.0,40.0,0.0,0.0,0.0,72.0,0.0,185.0,0.0,5.0,230.0,0.0,0.0,0.0,0.0,0.0,0.0,0.0,0.0,0.0,0.0,0.0,0.0,0.0,0.0,0.0,0.0,0.0,0.0,0.0,0.0,0.0,0.0,0.0,0.0,0.0,0.0,0.0,0.0,0.0,0.0,0.0,0.0,0.0,0.0,0.0,0.0,0.0,0.0,0.0,0.0,0.0,0.0,0.0,0.0,0.0,0.0,0.0,0.0,0.0,0.0,0.0,0.0,0.0,0.0,0.0,0.0,0.0,0.0,0.0,0.0,0.0,0.0,0.0,0.0,0.0,0.0,0.0,0.0,0.0,0.0,0.0,0.0,0.0,0.0,0.0,0.0,0.0,0.0,0.0,0.0,0.0,0.0,0.0,0.0,0.0,0.0,0.0,0.0,0.0,0.0,0.0,0.0,0.0,0.0,0.0,0.0,0.0,0.0,0.0,0.0,0.0,0.0,0.0,0.0,0.0,0.0,0.0,0.0,0.0,0.0,0.0,0.0,0.0,0.0,0.0,0.0,0.0,0.0,0.0,0.0,0.0,0.0,0.0,0.0,0.0,0.0,0.0,0.0,0.0,0.0,0.0,0.0,0.0,0.0,0.0,0.0,0.0,0.0,0.0,0.0,0.0,0.0,0.0,0.0,0.0,0.0,0.0,0.0,0.0,0.0,0.0,0.0,0.0,0.0,0.0,0.0,0.0,0.0,0.0,0.0,0.0,0.0,0.0,0.0,0.0,0.0,0.0,0.0,0.0,0.0,0.0,0.0,0.0,0.0,0.0,0.0,0.0,0.0,0.0,0.0,0.0,389.0,0.0,0.0,0.0,0.0,0.0,0.0,0.0,0.0,0.0,0.0,0.0,0.0,0.0,0.0,0.0,0.0,0.0,0.0,113.0,0.0,0.0,0.0,0.0,0.0,0.0,441.0,140.0,0.0,0.0,2345.0,0.0,0.0,0.0,0.0,0.0,0.0,0.0,0.0,0.0,0.0,0.0,0.0,240.0,9607.0,0.0,0.0,0.0,305.0,0.0,635.0,0.0,0.0,0.0,190.0,0.0,0.0,0.0,0.0,0.0,0.0,0.0,0.0,0.0,0.0,0.0,0.0,0.0,0.0,0.0,0.0,0.0,0.0,0.0,0.0,0.0,0.0,0.0,0.0,0.0,0.0,0.0,0.0,0.0,0.0,0.0,0.0,0.0,0.0,0.0,0.0,0.0,0.0,0.0,0.0,0.0,0.0,0.0,0.0,4.0,0.0,0.0,0.0,0.0,0.0,0.0,0.0,0.0,0.0,0.0,0.0,0.0,0.0,0.0,0.0,0.0,0.0,0.0,0.0,670.0,22586.0,101280.0,0.0,0.0,0.0,0.0,0.0,0.0,0.0,0.0,0.0,0.0,0.0,0.0,0.0,0.0,0.0,0.0,0.0,0.0,0.0,14973.0,0.0,0.0,0.0
2022-12-01,0.0,0.0,0.0,0.0,0.0,0.0,0.0,0.0,0.0,0.0,0.0,0.0,100.0,13520.0,0.0,0.0,30.0,24179.0,0.0,0.0,0.0,0.0,0.0,0.0,0.0,0.0,0.0,9911.0,0.0,0.0,0.0,20.0,4200.0,0.0,0.0,100.0,7113.0,0.0,20267.0,0.0,0.0,0.0,0.0,0.0,0.0,0.0,0.0,0.0,0.0,7482.0,0.0,0.0,0.0,0.0,0.0,0.0,0.0,25191.0,70921.0,0.0,9000.0,0.0,0.0,700.0,16586.0,0.0,27110.0,146241.0,0.0,5733.0,0.0,780.0,0.0,0.0,0.0,0.0,0.0,0.0,215.0,0.0,50.0,0.0,0.0,0.0,0.0,0.0,0.0,0.0,0.0,0.0,0.0,0.0,0.0,0.0,0.0,0.0,0.0,0.0,0.0,0.0,0.0,0.0,0.0,0.0,0.0,0.0,0.0,0.0,0.0,0.0,0.0,0.0,0.0,0.0,0.0,0.0,0.0,0.0,0.0,0.0,0.0,0.0,0.0,0.0,0.0,0.0,0.0,0.0,0.0,0.0,0.0,0.0,0.0,0.0,0.0,0.0,0.0,0.0,0.0,0.0,0.0,0.0,0.0,0.0,0.0,0.0,0.0,0.0,0.0,0.0,0.0,0.0,0.0,0.0,3000.0,0.0,0.0,0.0,0.0,0.0,8000.0,0.0,0.0,0.0,167.0,0.0,0.0,1437.0,0.0,0.0,0.0,0.0,314.0,0.0,0.0,0.0,3584.0,0.0,0.0,0.0,400.0,0.0,0.0,0.0,0.0,6384.0,0.0,0.0,0.0,0.0,28.0,0.0,0.0,0.0,0.0,0.0,0.0,0.0,0.0,0.0,0.0,0.0,0.0,0.0,0.0,0.0,48.0,0.0,0.0,0.0,0.0,0.0,0.0,0.0,0.0,0.0,0.0,0.0,0.0,0.0,30.0,0.0,20.0,0.0,0.0,0.0,0.0,0.0,0.0,0.0,0.0,243.0,0.0,0.0,10.0,0.0,0.0,0.0,0.0,489.0,0.0,2571.0,0.0,0.0,0.0,0.0,827.0,0.0,0.0,0.0,230.0,0.0,0.0,0.0,909.0,0.0,4591.0,0.0,0.0,0.0,0.0,17029.0,0.0,0.0,0.0,0.0,45.0,0.0,0.0,209.0,0.0,0.0,0.0,0.0,0.0,0.0,0.0,0.0,0.0,0.0,0.0,0.0,20.0,0.0,27.0,0.0,0.0,9.0,0.0,0.0,0.0,0.0,0.0,0.0,0.0,0.0,0.0,0.0,0.0,0.0,0.0,0.0,0.0,0.0,0.0,0.0,0.0,0.0,0.0,0.0,0.0,0.0,0.0,0.0,0.0,0.0,0.0,0.0,0.0,0.0,0.0,0.0,0.0,0.0,0.0,0.0,0.0,0.0,0.0,0.0,0.0,0.0,0.0,0.0,0.0,0.0,0.0,0.0,0.0,0.0,0.0,0.0,0.0,0.0,0.0,0.0,0.0,0.0,0.0,0.0,0.0,0.0,0.0,0.0,0.0,0.0,0.0,0.0,0.0,0.0,0.0,0.0,0.0,0.0,0.0,0.0,0.0,0.0,0.0,0.0,0.0,0.0,0.0,0.0,0.0,0.0,0.0,0.0,0.0,0.0,0.0,0.0,0.0,0.0,0.0,0.0,0.0,0.0,0.0,0.0,0.0,0.0,0.0,0.0,0.0,0.0,0.0,0.0,0.0,0.0,0.0,0.0,0.0,0.0,0.0,0.0,0.0,0.0,0.0,0.0,0.0,0.0,0.0,0.0,0.0,0.0,0.0,0.0,0.0,0.0,0.0,0.0,0.0,0.0,0.0,0.0,0.0,0.0,0.0,0.0,0.0,0.0,0.0,0.0,0.0,0.0,0.0,0.0,0.0,0.0,0.0,0.0,0.0,0.0,0.0,0.0,0.0,0.0,0.0,0.0,0.0,0.0,0.0,0.0,0.0,0.0,0.0,0.0,0.0,0.0,0.0,0.0,0.0,0.0,0.0,0.0,0.0,0.0,0.0,0.0,0.0,0.0,0.0,0.0,0.0,0.0,0.0,0.0,0.0,0.0,0.0,0.0,0.0,0.0,0.0,0.0,0.0,0.0,8962.0,0.0,0.0,0.0,0.0,0.0,0.0,0.0,0.0,0.0,28.0,8840.0,0.0,0.0,0.0,0.0,0.0,0.0,0.0,0.0,0.0,0.0,0.0,0.0,0.0,780.0,0.0,0.0,0.0,50.0,0.0,21.0,0.0,0.0,0.0,0.0,0.0,0.0,0.0,0.0,0.0,0.0,0.0,0.0,0.0,0.0,0.0,0.0,0.0,0.0,0.0,0.0,0.0,0.0,0.0,0.0,0.0,0.0,0.0,0.0,0.0,0.0,0.0,0.0,0.0,0.0,0.0,0.0,0.0,0.0,0.0,0.0,0.0,0.0,0.0,0.0,0.0,0.0,0.0,0.0,1.0,0.0,0.0,0.0,0.0,0.0,0.0,0.0,0.0,0.0,0.0,0.0,0.0,0.0,0.0,0.0,0.0,0.0,0.0,0.0,16.0,21640.0,85203.0,0.0,-3055.0,0.0,0.0,0.0,0.0,0.0,0.0,0.0,0.0,0.0,0.0,0.0,0.0,0.0,0.0,0.0,0.0,0.0,9908.0,0.0,0.0,0.0
2023-01-01,0.0,0.0,0.0,0.0,0.0,0.0,0.0,0.0,-1720.0,0.0,0.0,0.0,0.0,0.0,0.0,0.0,1410.0,27419.0,0.0,0.0,0.0,0.0,0.0,0.0,0.0,9110.0,1400.0,17691.0,0.0,0.0,0.0,23.0,0.0,0.0,0.0,800.0,8643.0,420.0,14533.0,0.0,0.0,0.0,406.0,0.0,0.0,0.0,0.0,0.0,680.0,8423.0,0.0,0.0,0.0,0.0,0.0,0.0,0.0,26186.0,135047.0,0.0,8920.0,0.0,0.0,300.0,19739.0,0.0,24537.0,190511.0,2200.0,9925.0,0.0,2400.0,0.0,0.0,0.0,0.0,0.0,0.0,0.0,0.0,0.0,0.0,0.0,0.0,0.0,0.0,0.0,0.0,0.0,0.0,0.0,0.0,0.0,0.0,0.0,0.0,0.0,0.0,0.0,0.0,0.0,0.0,0.0,0.0,0.0,0.0,0.0,0.0,0.0,0.0,0.0,0.0,0.0,0.0,0.0,0.0,0.0,0.0,0.0,0.0,0.0,0.0,0.0,0.0,0.0,0.0,0.0,0.0,0.0,0.0,0.0,0.0,0.0,0.0,0.0,0.0,0.0,0.0,0.0,0.0,0.0,0.0,0.0,0.0,0.0,0.0,0.0,0.0,0.0,0.0,0.0,0.0,0.0,0.0,0.0,20372.0,0.0,0.0,44458.0,0.0,0.0,2460.0,0.0,0.0,0.0,715.0,0.0,4304.0,0.0,0.0,0.0,0.0,0.0,451.0,0.0,0.0,821.0,0.0,0.0,0.0,0.0,241.0,0.0,0.0,0.0,3552.0,0.0,0.0,0.0,27.0,60.0,0.0,0.0,0.0,0.0,0.0,0.0,0.0,0.0,0.0,0.0,0.0,0.0,0.0,0.0,0.0,0.0,407.0,0.0,0.0,0.0,100.0,0.0,0.0,0.0,0.0,0.0,0.0,0.0,0.0,20.0,0.0,0.0,0.0,0.0,2.0,0.0,0.0,0.0,0.0,0.0,0.0,696.0,0.0,0.0,444.0,0.0,0.0,0.0,920.0,0.0,0.0,987.0,0.0,0.0,0.0,4598.0,0.0,0.0,0.0,0.0,20.0,0.0,0.0,-1241.0,0.0,0.0,2912.0,0.0,0.0,0.0,10753.0,0.0,0.0,0.0,0.0,62.0,0.0,0.0,273.0,0.0,0.0,0.0,0.0,0.0,0.0,0.0,0.0,0.0,0.0,0.0,0.0,0.0,0.0,15.0,0.0,0.0,10.0,0.0,0.0,0.0,0.0,0.0,0.0,0.0,0.0,0.0,0.0,0.0,0.0,0.0,0.0,0.0,0.0,0.0,0.0,0.0,0.0,0.0,0.0,0.0,0.0,0.0,0.0,0.0,0.0,0.0,0.0,0.0,0.0,0.0,0.0,0.0,0.0,0.0,0.0,0.0,0.0,0.0,0.0,0.0,0.0,0.0,0.0,0.0,0.0,0.0,0.0,0.0,0.0,0.0,0.0,0.0,0.0,0.0,0.0,0.0,0.0,0.0,0.0,0.0,0.0,0.0,0.0,0.0,0.0,0.0,0.0,0.0,0.0,0.0,0.0,0.0,0.0,0.0,0.0,0.0,0.0,0.0,0.0,0.0,0.0,0.0,0.0,0.0,0.0,0.0,0.0,0.0,0.0,0.0,0.0,0.0,0.0,0.0,0.0,0.0,0.0,0.0,0.0,0.0,0.0,0.0,0.0,0.0,0.0,0.0,0.0,0.0,0.0,0.0,0.0,0.0,0.0,0.0,0.0,0.0,0.0,0.0,0.0,0.0,0.0,0.0,0.0,0.0,0.0,0.0,0.0,0.0,0.0,0.0,0.0,0.0,0.0,0.0,0.0,0.0,0.0,0.0,0.0,0.0,0.0,0.0,0.0,0.0,0.0,0.0,0.0,0.0,0.0,0.0,0.0,0.0,0.0,0.0,0.0,0.0,0.0,0.0,0.0,0.0,0.0,0.0,11.0,0.0,0.0,0.0,0.0,0.0,0.0,0.0,0.0,0.0,0.0,0.0,0.0,0.0,0.0,0.0,12000.0,0.0,0.0,0.0,0.0,0.0,0.0,0.0,0.0,0.0,0.0,0.0,0.0,0.0,0.0,0.0,0.0,0.0,2050.0,3.0,0.0,0.0,0.0,0.0,0.0,0.0,0.0,0.0,0.0,442.0,4400.0,0.0,200.0,0.0,0.0,0.0,0.0,0.0,0.0,0.0,0.0,0.0,0.0,0.0,200.0,0.0,0.0,0.0,114.0,0.0,153.0,0.0,0.0,0.0,0.0,0.0,0.0,0.0,0.0,0.0,0.0,0.0,0.0,0.0,0.0,0.0,0.0,0.0,0.0,0.0,0.0,0.0,0.0,0.0,0.0,0.0,0.0,0.0,0.0,0.0,0.0,0.0,0.0,0.0,0.0,0.0,0.0,0.0,0.0,0.0,0.0,0.0,0.0,0.0,0.0,0.0,0.0,0.0,0.0,0.0,0.0,0.0,0.0,0.0,0.0,0.0,0.0,0.0,0.0,0.0,0.0,0.0,0.0,0.0,0.0,0.0,0.0,0.0,0.0,0.0,22104.0,125931.0,0.0,0.0,0.0,0.0,0.0,0.0,0.0,0.0,0.0,0.0,0.0,0.0,0.0,0.0,0.0,0.0,0.0,0.0,0.0,8614.0,0.0,0.0,0.0
2023-02-01,0.0,0.0,0.0,0.0,0.0,0.0,0.0,0.0,0.0,0.0,0.0,0.0,50.0,9243.0,0.0,0.0,1660.0,16782.0,0.0,0.0,0.0,0.0,0.0,0.0,0.0,5530.0,6000.0,11957.0,0.0,150.0,0.0,47.0,0.0,0.0,0.0,0.0,9951.0,0.0,9249.0,0.0,1580.0,0.0,0.0,0.0,0.0,0.0,0.0,0.0,156.0,12154.0,0.0,0.0,0.0,0.0,0.0,0.0,0.0,19718.0,92103.0,0.0,4100.0,0.0,0.0,1141.0,18084.0,0.0,28536.0,170599.0,1000.0,3251.0,0.0,1000.0,0.0,0.0,0.0,0.0,0.0,0.0,0.0,0.0,0.0,0.0,0.0,0.0,0.0,0.0,0.0,0.0,0.0,0.0,0.0,0.0,0.0,0.0,0.0,0.0,0.0,0.0,0.0,0.0,0.0,0.0,0.0,0.0,0.0,0.0,0.0,0.0,0.0,0.0,0.0,0.0,0.0,0.0,0.0,0.0,0.0,0.0,0.0,0.0,0.0,0.0,0.0,0.0,0.0,0.0,0.0,0.0,0.0,0.0,0.0,0.0,0.0,0.0,0.0,0.0,0.0,0.0,0.0,0.0,0.0,0.0,0.0,0.0,0.0,0.0,0.0,0.0,0.0,0.0,0.0,0.0,0.0,0.0,0.0,2500.0,0.0,0.0,0.0,0.0,0.0,0.0,0.0,0.0,0.0,248.0,0.0,1429.0,0.0,0.0,0.0,0.0,0.0,62.0,0.0,0.0,3735.0,0.0,0.0,0.0,0.0,643.0,0.0,0.0,0.0,4685.0,0.0,0.0,0.0,0.0,0.0,0.0,0.0,0.0,0.0,0.0,0.0,0.0,0.0,0.0,0.0,0.0,0.0,0.0,0.0,0.0,0.0,310.0,0.0,0.0,0.0,0.0,0.0,0.0,0.0,0.0,0.0,0.0,0.0,0.0,0.0,60.0,3.0,0.0,0.0,0.0,0.0,0.0,0.0,50.0,0.0,0.0,189.0,0.0,0.0,1278.0,0.0,0.0,0.0,1364.0,0.0,0.0,2397.0,0.0,0.0,0.0,2750.0,0.0,0.0,0.0,0.0,53.0,0.0,0.0,345.0,0.0,0.0,2926.0,0.0,0.0,0.0,10217.0,0.0,0.0,0.0,0.0,173.0,0.0,0.0,130.0,0.0,0.0,0.0,0.0,0.0,0.0,0.0,0.0,0.0,0.0,0.0,0.0,0.0,0.0,3.0,0.0,0.0,142.0,0.0,0.0,0.0,0.0,0.0,0.0,0.0,0.0,0.0,0.0,0.0,0.0,0.0,0.0,0.0,0.0,0.0,0.0,0.0,0.0,0.0,0.0,0.0,0.0,0.0,0.0,0.0,0.0,0.0,0.0,0.0,0.0,0.0,0.0,0.0,0.0,0.0,0.0,0.0,0.0,0.0,0.0,0.0,0.0,0.0,0.0,0.0,0.0,0.0,0.0,0.0,0.0,0.0,0.0,0.0,0.0,0.0,0.0,0.0,0.0,0.0,0.0,0.0,0.0,0.0,0.0,0.0,0.0,0.0,0.0,0.0,0.0,0.0,0.0,0.0,0.0,0.0,0.0,0.0,0.0,0.0,0.0,0.0,0.0,0.0,0.0,0.0,0.0,0.0,0.0,0.0,0.0,0.0,0.0,0.0,0.0,0.0,0.0,0.0,0.0,0.0,0.0,0.0,0.0,0.0,0.0,0.0,0.0,0.0,0.0,0.0,0.0,0.0,0.0,0.0,0.0,0.0,0.0,0.0,0.0,0.0,0.0,0.0,0.0,0.0,0.0,0.0,0.0,0.0,0.0,0.0,0.0,0.0,0.0,0.0,0.0,0.0,0.0,0.0,0.0,0.0,0.0,0.0,0.0,0.0,0.0,0.0,0.0,0.0,0.0,100.0,100.0,100.0,100.0,100.0,148.0,100.0,100.0,0.0,100.0,0.0,148.0,0.0,0.0,0.0,0.0,0.0,0.0,0.0,0.0,0.0,0.0,0.0,0.0,0.0,0.0,0.0,0.0,0.0,0.0,0.0,175.0,0.0,0.0,0.0,0.0,0.0,0.0,0.0,0.0,0.0,0.0,0.0,0.0,0.0,0.0,0.0,0.0,0.0,0.0,2160.0,1000.0,0.0,0.0,0.0,0.0,0.0,0.0,0.0,0.0,3154.0,1366.0,0.0,0.0,0.0,0.0,0.0,0.0,0.0,0.0,0.0,0.0,0.0,0.0,0.0,70.0,0.0,0.0,0.0,140.0,0.0,-122.0,0.0,0.0,0.0,0.0,0.0,0.0,0.0,0.0,4.0,0.0,0.0,0.0,0.0,0.0,0.0,0.0,0.0,0.0,0.0,0.0,0.0,0.0,0.0,0.0,0.0,0.0,0.0,0.0,0.0,0.0,0.0,0.0,0.0,0.0,0.0,0.0,0.0,0.0,0.0,0.0,0.0,0.0,0.0,0.0,0.0,0.0,0.0,0.0,0.0,0.0,0.0,0.0,0.0,0.0,0.0,0.0,0.0,0.0,0.0,0.0,0.0,0.0,0.0,0.0,0.0,0.0,0.0,0.0,0.0,14168.0,88333.0,0.0,3750.0,0.0,0.0,0.0,0.0,0.0,0.0,0.0,0.0,0.0,0.0,0.0,0.0,0.0,0.0,0.0,0.0,0.0,19340.0,0.0,0.0,0.0
2023-03-01,0.0,0.0,0.0,0.0,0.0,0.0,0.0,0.0,228.0,0.0,0.0,0.0,60.0,20910.0,0.0,0.0,0.0,11843.0,0.0,0.0,0.0,0.0,0.0,0.0,0.0,3093.0,0.0,21252.0,0.0,0.0,0.0,0.0,400.0,0.0,0.0,1300.0,4833.0,1020.0,1866.0,0.0,0.0,0.0,0.0,0.0,3.0,0.0,0.0,0.0,580.0,11596.0,0.0,0.0,0.0,0.0,0.0,0.0,0.0,24547.0,93316.0,0.0,10900.0,0.0,0.0,755.0,22199.0,0.0,33532.0,162581.0,0.0,5596.0,0.0,188.0,0.0,0.0,0.0,0.0,0.0,0.0,100.0,0.0,0.0,0.0,0.0,0.0,0.0,0.0,0.0,0.0,0.0,0.0,0.0,0.0,0.0,0.0,0.0,0.0,0.0,0.0,0.0,0.0,0.0,0.0,0.0,0.0,0.0,0.0,0.0,0.0,0.0,0.0,0.0,0.0,0.0,0.0,0.0,0.0,0.0,0.0,0.0,0.0,0.0,0.0,0.0,0.0,0.0,0.0,0.0,0.0,0.0,0.0,0.0,0.0,0.0,0.0,0.0,0.6,0.0,0.0,0.0,0.0,0.0,0.0,0.0,0.0,0.0,0.0,0.0,0.0,0.0,0.0,0.0,0.0,0.0,0.0,0.0,0.0,0.0,0.0,0.0,0.0,0.0,6000.0,0.0,0.0,0.0,72.0,0.0,5718.0,0.0,0.0,0.0,0.0,0.0,71.0,0.0,0.0,1163.0,0.0,0.0,0.0,0.0,474.0,0.0,0.0,0.0,4932.0,0.0,0.0,0.0,18.0,0.0,0.0,0.0,0.0,0.0,0.0,0.0,0.0,0.0,0.0,0.0,0.0,0.0,0.0,0.0,0.0,0.0,329.0,0.0,0.0,0.0,17.0,0.0,0.0,0.0,0.0,0.0,0.0,0.0,0.0,48.0,0.0,87.0,0.0,0.0,0.0,0.0,0.0,0.0,340.0,0.0,0.0,740.0,0.0,0.0,49.0,0.0,0.0,0.0,1618.0,0.0,0.0,764.0,0.0,0.0,0.0,2254.0,0.0,0.0,0.0,0.0,0.0,0.0,0.0,1508.0,0.0,0.0,2514.0,0.0,0.0,0.0,13286.0,0.0,0.0,0.0,0.0,91.0,0.0,0.0,319.0,0.0,0.0,0.0,0.0,0.0,0.0,0.0,0.0,0.0,0.0,0.0,0.0,0.0,0.0,17.0,0.0,0.0,6.0,0.0,0.0,0.0,0.0,0.0,0.0,0.0,0.0,0.0,0.0,0.0,0.0,0.0,0.0,0.0,0.0,0.0,0.0,0.0,0.0,0.0,0.0,0.0,0.0,0.0,0.0,0.0,0.0,0.0,0.0,0.0,0.0,0.0,0.0,0.0,0.0,0.0,0.0,0.0,0.0,0.0,0.0,0.0,0.0,0.0,0.0,0.0,0.0,0.0,0.0,0.0,0.0,0.0,0.0,0.0,0.0,0.0,0.0,0.0,0.0,0.0,0.0,0.0,0.0,0.0,0.0,0.0,0.0,0.0,0.0,0.0,0.0,0.0,0.0,0.0,0.0,0.0,0.0,0.0,0.0,0.0,0.0,0.0,0.0,0.0,0.0,0.0,0.0,0.0,0.0,0.0,0.0,0.0,0.0,0.0,0.0,0.0,0.0,0.0,0.0,0.0,0.0,0.0,0.0,0.0,0.0,0.0,0.0,0.0,0.0,0.0,0.0,0.0,0.0,0.0,0.0,0.0,0.0,0.0,0.0,0.0,0.0,0.0,0.0,0.0,0.0,0.0,0.0,0.0,0.0,0.0,0.0,0.0,0.0,0.0,0.0,0.0,0.0,0.0,0.0,0.0,0.0,0.0,0.0,0.0,0.0,0.0,0.0,0.0,0.0,0.0,0.0,0.0,0.0,0.0,0.0,0.0,0.0,0.0,0.0,0.0,0.0,0.0,0.0,0.0,0.0,0.0,0.0,0.0,0.0,0.0,0.0,0.0,0.0,0.0,0.0,0.0,0.0,0.0,0.0,0.0,0.0,0.0,0.0,0.0,0.0,0.0,0.0,0.0,0.0,0.0,0.0,0.0,0.0,0.0,0.0,0.0,0.0,0.0,0.0,34.0,0.0,0.0,0.0,0.0,0.0,0.0,0.0,0.0,0.0,171.0,340.0,0.0,0.0,0.0,0.0,0.0,0.0,0.0,0.0,0.0,0.0,0.0,0.0,0.0,1200.0,0.0,0.0,0.0,41.0,340.0,381.0,0.0,0.0,0.0,18.0,0.0,0.0,0.0,0.0,0.0,0.0,0.0,1.0,0.0,0.0,0.0,0.0,0.0,0.0,0.0,0.0,0.0,0.0,0.0,0.0,0.0,0.0,0.0,0.0,0.0,0.0,0.0,0.0,0.0,0.0,0.0,0.0,0.0,0.0,0.0,0.0,0.0,0.0,0.0,0.0,0.0,0.0,0.0,0.0,0.0,0.0,0.0,0.0,0.0,0.0,0.0,0.0,0.0,0.0,0.0,0.0,0.0,0.0,0.0,0.0,0.0,0.0,0.0,0.0,0.0,15200.0,86705.0,0.0,4800.0,0.0,0.0,0.0,0.0,0.0,0.0,0.0,0.0,0.0,0.0,0.0,0.0,0.0,0.0,0.0,0.0,0.0,13332.0,0.0,0.0,0.0
2023-04-01,0.0,0.0,0.0,0.0,0.0,0.0,0.0,0.0,0.0,0.0,0.0,0.0,0.0,3905.0,0.0,0.0,0.0,17179.0,0.0,0.0,0.0,0.0,0.0,0.0,0.0,9450.0,0.0,11658.0,0.0,0.0,0.0,0.0,0.0,0.0,0.0,0.0,5042.0,50.0,7032.0,0.0,0.0,0.0,0.0,0.0,0.0,0.0,0.0,0.0,0.0,11335.0,0.0,0.0,0.0,0.0,0.0,0.0,0.0,11322.0,82151.0,0.0,10330.0,0.0,0.0,1130.0,18424.0,0.0,31746.0,145424.0,0.0,3712.0,0.0,290.0,0.0,0.0,0.0,0.0,0.0,0.0,0.0,0.0,0.0,0.0,0.0,0.0,0.0,0.0,0.0,0.0,0.0,0.0,0.0,0.0,0.0,0.0,0.0,0.0,0.0,0.0,0.0,0.0,0.0,0.0,0.0,0.0,0.0,0.0,0.0,0.0,0.0,0.0,0.0,0.0,0.0,0.0,0.0,0.0,0.0,0.0,0.0,0.0,0.0,0.0,0.0,0.0,0.0,0.0,0.0,0.0,0.0,0.0,0.0,0.0,0.0,0.0,0.0,0.0,0.0,0.0,0.0,0.0,0.0,0.0,0.0,0.0,0.0,0.0,0.0,0.0,0.0,0.0,0.0,0.0,0.0,0.0,0.0,0.0,0.0,0.0,0.0,0.0,0.0,0.0,0.0,0.0,0.0,544.0,0.0,1123.0,0.0,0.0,0.0,0.0,0.0,462.0,0.0,0.0,1006.0,0.0,0.0,0.0,0.0,408.0,0.0,0.0,0.0,2011.0,0.0,0.0,0.0,0.0,190.0,0.0,0.0,0.0,0.0,0.0,0.0,0.0,0.0,0.0,0.0,0.0,0.0,0.0,0.0,0.0,0.0,199.0,0.0,0.0,0.0,0.0,0.0,0.0,0.0,0.0,0.0,0.0,0.0,0.0,8.0,0.0,40.0,0.0,0.0,0.0,0.0,0.0,0.0,0.0,0.0,0.0,100.0,0.0,0.0,257.0,0.0,0.0,0.0,2138.0,0.0,0.0,492.0,0.0,0.0,0.0,2271.0,0.0,0.0,0.0,0.0,0.0,0.0,0.0,343.0,0.0,0.0,1288.0,0.0,0.0,0.0,8068.0,0.0,0.0,0.0,0.0,6.0,0.0,0.0,294.0,0.0,0.0,0.0,0.0,0.0,0.0,0.0,0.0,0.0,0.0,0.0,0.0,0.0,0.0,5.0,0.0,0.0,20.0,0.0,0.0,0.0,0.0,0.0,0.0,0.0,0.0,0.0,0.0,0.0,0.0,0.0,0.0,0.0,0.0,0.0,0.0,0.0,0.0,0.0,0.0,0.0,0.0,0.0,0.0,0.0,0.0,0.0,0.0,0.0,0.0,0.0,0.0,0.0,0.0,0.0,0.0,0.0,0.0,0.0,0.0,0.0,0.0,0.0,0.0,0.0,0.0,0.0,0.0,0.0,0.0,0.0,0.0,0.0,0.0,0.0,0.0,0.0,0.0,0.0,0.0,0.0,0.0,0.0,0.0,0.0,0.0,0.0,0.0,0.0,0.0,0.0,0.0,0.0,0.0,0.0,0.0,0.0,0.0,0.0,0.0,0.0,0.0,0.0,0.0,0.0,0.0,0.0,0.0,0.0,0.0,0.0,0.0,0.0,0.0,0.0,0.0,0.0,0.0,0.0,0.0,0.0,0.0,0.0,0.0,0.0,0.0,0.0,0.0,0.0,0.0,0.0,0.0,0.0,0.0,0.0,0.0,0.0,0.0,0.0,0.0,0.0,0.0,0.0,0.0,0.0,0.0,0.0,0.0,0.0,0.0,0.0,0.0,0.0,0.0,0.0,0.0,0.0,0.0,0.0,0.0,0.0,0.0,0.0,0.0,0.0,0.0,0.0,0.0,0.0,0.0,0.0,0.0,0.0,0.0,0.0,0.0,0.0,0.0,0.0,0.0,0.0,0.0,0.0,0.0,0.0,0.0,0.0,0.0,0.0,0.0,0.0,0.0,0.0,8400.0,0.0,0.0,0.0,0.0,0.0,0.0,0.0,0.0,0.0,0.0,0.0,0.0,0.0,0.0,0.0,0.0,0.0,0.0,0.0,0.0,0.0,0.0,0.0,0.0,9147.0,42.0,0.0,0.0,0.0,0.0,0.0,0.0,0.0,0.0,0.0,4660.0,0.0,0.0,0.0,0.0,0.0,0.0,0.0,0.0,0.0,0.0,0.0,0.0,0.0,0.0,0.0,0.0,0.0,314.0,0.0,112.0,0.0,0.0,0.0,0.0,0.0,0.0,0.0,0.0,0.0,0.0,0.0,0.0,0.0,0.0,0.0,0.0,0.0,0.0,0.0,0.0,0.0,0.0,0.0,0.0,0.0,0.0,0.0,0.0,0.0,0.0,0.0,0.0,0.0,0.0,0.0,0.0,0.0,0.0,0.0,0.0,0.0,0.0,0.0,0.0,0.0,0.0,0.0,0.0,0.0,0.0,0.0,0.0,0.0,0.0,0.0,0.0,0.0,0.0,0.0,0.0,0.0,0.0,0.0,0.0,0.0,0.0,0.0,0.0,0.0,20469.0,85801.0,0.0,7130.0,0.0,0.0,0.0,0.0,0.0,0.0,0.0,0.0,0.0,0.0,0.0,0.0,0.0,0.0,0.0,0.0,0.0,11213.0,0.0,0.0,0.0
2023-05-01,0.0,0.0,0.0,0.0,0.0,0.0,0.0,0.0,0.0,0.0,0.0,0.0,0.0,3400.0,0.0,0.0,0.0,18424.0,0.0,0.0,0.0,0.0,0.0,0.0,1000.0,6612.0,0.0,13880.0,0.0,0.0,0.0,0.0,190.0,0.0,0.0,500.0,11419.0,0.0,12960.0,0.0,30.0,63.0,50.0,0.0,0.0,0.0,0.0,0.0,330.0,10986.0,0.0,0.0,0.0,0.0,0.0,0.0,0.0,23294.0,96664.0,782.0,9800.0,0.0,0.0,550.0,23392.0,0.0,37738.0,168958.0,0.0,3059.0,0.0,1250.0,0.0,0.0,0.0,0.0,0.0,0.0,0.0,0.0,0.0,0.0,0.0,0.0,0.0,0.0,0.0,0.0,0.0,0.0,0.0,0.0,0.0,0.0,0.0,0.0,0.0,0.0,0.0,1.0,0.0,0.0,0.0,0.0,0.0,0.0,0.0,0.0,0.0,0.0,0.0,0.0,0.0,0.0,0.0,0.0,0.0,0.0,0.0,0.0,0.0,0.0,0.0,0.0,0.0,0.0,0.0,0.0,0.0,0.0,0.0,0.0,0.0,0.0,0.0,0.0,0.0,0.0,0.0,0.0,0.0,0.0,0.0,0.0,0.0,0.0,0.0,0.0,0.0,0.0,0.0,0.0,0.0,34344.0,0.0,900.0,0.0,0.0,0.0,0.0,0.0,0.0,0.0,0.0,0.0,269.0,0.0,3232.0,40.0,0.0,0.0,0.0,0.0,295.0,0.0,0.0,1285.0,0.0,0.0,0.0,0.0,1672.0,500.0,0.0,0.0,2250.0,100.0,0.0,0.0,0.0,0.0,0.0,0.0,0.0,0.0,0.0,0.0,0.0,0.0,0.0,0.0,0.0,0.0,0.0,0.0,0.0,0.0,251.0,0.0,0.0,0.0,2.0,3.0,0.0,0.0,0.0,0.0,0.0,2.0,0.0,6.0,0.0,0.0,0.0,0.0,0.0,1.0,0.0,0.0,50.0,0.0,0.0,283.0,0.0,0.0,1443.0,0.0,0.0,0.0,802.0,0.0,0.0,986.0,0.0,0.0,0.0,3670.0,20.0,0.0,0.0,0.0,0.0,0.0,0.0,992.0,0.0,0.0,1388.0,0.0,0.0,0.0,5865.0,390.0,0.0,0.0,0.0,24.0,0.0,0.0,165.0,0.0,0.0,0.0,0.0,0.0,0.0,0.0,0.0,0.0,0.0,0.0,0.0,0.0,0.0,55.0,0.0,0.0,162.0,0.0,0.0,0.0,0.0,0.0,0.0,0.0,0.0,0.0,0.0,0.0,0.0,0.0,0.0,0.0,0.0,0.0,0.0,0.0,0.0,0.0,0.0,0.0,0.0,0.0,0.0,0.0,0.0,0.0,0.0,0.0,0.0,0.0,0.0,0.0,0.0,0.0,0.0,0.0,0.0,0.0,0.0,0.0,0.0,0.0,0.0,0.0,0.0,0.0,0.0,0.0,0.0,0.0,0.0,0.0,0.0,0.0,0.0,0.0,0.0,0.0,0.0,0.0,0.0,0.0,0.0,0.0,0.0,0.0,0.0,0.0,0.0,0.0,0.0,0.0,0.0,0.0,0.0,0.0,0.0,0.0,0.0,0.0,0.0,0.0,0.0,0.0,0.0,0.0,0.0,0.0,0.0,0.0,0.0,0.0,0.0,0.0,0.0,0.0,0.0,0.0,0.0,0.0,0.0,0.0,0.0,0.0,0.0,0.0,0.0,0.0,3.0,0.0,0.0,0.0,0.0,0.0,0.0,0.0,0.0,0.0,0.0,0.0,0.0,0.0,0.0,0.0,0.0,0.0,0.0,0.0,0.0,0.0,0.0,0.0,0.0,0.0,0.0,0.0,0.0,0.0,0.0,0.0,0.0,0.0,0.0,0.0,0.0,0.0,0.0,0.0,0.0,3.0,0.0,0.0,0.0,0.0,0.0,0.0,0.0,0.0,0.0,0.0,0.0,0.0,0.0,0.0,0.0,0.0,0.0,0.0,0.0,0.0,0.0,0.0,100.0,0.0,0.0,0.0,0.0,0.0,0.0,0.0,0.0,0.0,0.0,0.0,0.0,0.0,0.0,0.0,0.0,0.0,0.0,0.0,0.0,0.0,0.0,0.0,0.0,-34.0,-42.0,0.0,0.0,0.0,0.0,0.0,0.0,0.0,350.0,0.0,0.0,0.0,0.0,0.0,0.0,0.0,0.0,0.0,0.0,0.0,0.0,0.0,0.0,0.0,4100.0,0.0,0.0,0.0,20.0,0.0,93.0,0.0,0.0,0.0,156.0,0.0,0.0,0.0,0.0,0.0,0.0,0.0,0.0,0.0,0.0,0.0,-55.0,0.0,0.0,0.0,0.0,0.0,0.0,0.0,0.0,0.0,0.0,0.0,0.0,0.0,0.0,0.0,0.0,0.0,0.0,0.0,0.0,0.0,0.0,0.0,0.0,0.0,0.0,0.0,0.0,0.0,0.0,0.0,0.0,0.0,0.0,0.0,0.0,0.0,0.0,0.0,0.0,0.0,0.0,0.0,0.0,0.0,0.0,0.0,0.0,0.0,0.0,0.0,0.0,0.0,13345.0,81832.0,0.0,4930.0,0.0,0.0,0.0,0.0,0.0,0.0,0.0,0.0,0.0,0.0,0.0,0.0,0.0,0.0,0.0,0.0,0.0,16784.0,0.0,0.0,0.0
2023-06-01,0.0,0.0,0.0,0.0,0.0,0.0,0.0,0.0,0.0,0.0,0.0,0.0,1000.0,1952.0,0.0,0.0,0.0,7123.0,0.0,0.0,0.0,0.0,0.0,0.0,0.0,1010.0,0.0,13434.0,0.0,0.0,0.0,0.0,0.0,0.0,0.0,0.0,18113.0,600.0,14754.0,0.0,0.0,561.0,0.0,0.0,0.0,0.0,0.0,0.0,460.0,7908.0,0.0,0.0,0.0,0.0,0.0,0.0,0.0,15982.0,72850.0,0.0,1290.0,0.0,0.0,540.0,19826.0,0.0,27763.0,164910.0,0.0,3791.0,0.0,1250.0,0.0,0.0,0.0,0.0,0.0,0.0,0.0,0.0,0.0,0.0,0.0,0.0,0.0,0.0,0.0,0.0,0.0,0.0,0.0,0.0,0.0,0.0,0.0,0.0,0.0,0.0,0.0,0.0,0.0,0.0,0.0,0.0,0.0,0.0,0.0,0.0,0.0,0.0,0.0,0.0,0.0,0.0,0.0,0.0,0.0,0.0,0.0,0.0,0.0,0.0,0.0,0.0,0.0,0.0,0.0,0.0,0.0,0.0,0.0,0.0,0.0,0.0,0.0,0.0,0.0,0.0,0.0,0.0,0.0,0.0,0.0,0.0,0.0,0.0,0.0,0.0,0.0,0.0,0.0,0.0,0.0,15264.0,0.0,14310.0,0.0,0.0,2268.0,0.0,0.0,5600.0,0.0,0.0,0.0,28.0,0.0,4074.0,250.0,0.0,0.0,0.0,0.0,37.0,0.0,0.0,1455.0,1240.0,0.0,0.0,0.0,564.0,0.0,0.0,0.0,4583.0,400.0,0.0,0.0,11.0,0.0,0.0,0.0,0.0,0.0,0.0,0.0,0.0,0.0,0.0,0.0,0.0,0.0,0.0,0.0,0.0,0.0,151.0,0.0,0.0,0.0,0.0,0.0,0.0,0.0,0.0,0.0,0.0,0.0,0.0,0.0,0.0,140.0,0.0,0.0,0.0,0.0,0.0,0.0,140.0,0.0,0.0,272.0,0.0,0.0,1274.0,0.0,0.0,0.0,1426.0,0.0,0.0,938.0,0.0,0.0,0.0,1330.0,0.0,0.0,0.0,0.0,0.0,0.0,0.0,0.0,0.0,0.0,3553.0,0.0,0.0,0.0,5569.0,320.0,0.0,0.0,0.0,96.0,0.0,0.0,98.0,0.0,0.0,0.0,0.0,0.0,0.0,0.0,0.0,0.0,0.0,0.0,0.0,0.0,0.0,80.0,0.0,0.0,28.0,0.0,0.0,0.0,0.0,0.0,0.0,0.0,0.0,0.0,0.0,0.0,0.0,0.0,0.0,0.0,0.0,0.0,0.0,0.0,0.0,0.0,0.0,0.0,0.0,0.0,0.0,0.0,0.0,0.0,0.0,0.0,0.0,0.0,0.0,0.0,0.0,0.0,0.0,0.0,0.0,0.0,0.0,0.0,0.0,0.0,0.0,0.0,0.0,0.0,0.0,0.0,0.0,0.0,0.0,0.0,0.0,0.0,0.0,0.0,0.0,0.0,0.0,0.0,0.0,0.0,0.0,0.0,0.0,0.0,0.0,0.0,0.0,0.0,0.0,0.0,0.0,0.0,0.0,0.0,0.0,0.0,0.0,0.0,0.0,0.0,0.0,0.0,0.0,0.0,0.0,0.0,0.0,0.0,0.0,0.0,0.0,0.0,0.0,0.0,0.0,0.0,0.0,0.0,0.0,0.0,0.0,0.0,0.0,0.0,0.0,0.0,0.0,0.0,0.0,0.0,0.0,0.0,0.0,0.0,0.0,0.0,0.0,0.0,0.0,0.0,0.0,0.0,0.0,0.0,0.0,0.0,0.0,0.0,0.0,0.0,0.0,0.0,0.0,0.0,0.0,0.0,0.0,0.0,0.0,0.0,0.0,0.0,0.0,0.0,0.0,0.0,0.0,0.0,0.0,0.0,0.0,0.0,0.0,0.0,0.0,0.0,0.0,0.0,0.0,0.0,700.0,0.0,0.0,0.0,0.0,0.0,0.0,0.0,0.0,0.0,70.0,250.0,0.0,0.0,0.0,0.0,200.0,0.0,0.0,0.0,0.0,0.0,0.0,0.0,0.0,0.0,0.0,0.0,0.0,0.0,0.0,0.0,0.0,0.0,0.0,0.0,0.0,0.0,0.0,0.0,0.0,0.0,0.0,0.0,250.0,2000.0,0.0,0.0,0.0,0.0,0.0,0.0,0.0,0.0,0.0,0.0,0.0,0.0,0.0,0.0,7.0,0.0,0.0,0.0,1.0,0.0,62.0,0.0,0.0,0.0,0.0,0.0,0.0,0.0,0.0,0.0,0.0,0.0,0.0,0.0,0.0,0.0,0.0,0.0,0.0,0.0,0.0,0.0,0.0,0.0,0.0,0.0,0.0,0.0,0.0,0.0,0.0,0.0,0.0,0.0,0.0,0.0,0.0,0.0,0.0,0.0,0.0,0.0,0.0,0.0,0.0,0.0,0.0,0.0,0.0,0.0,0.0,0.0,0.0,0.0,0.0,0.0,0.0,0.0,0.0,0.0,0.0,0.0,0.0,0.0,0.0,0.0,0.0,0.0,0.0,1000.0,17762.0,74861.0,0.0,5550.0,0.0,0.0,0.0,0.0,0.0,0.0,0.0,0.0,0.0,0.0,0.0,0.0,0.0,0.0,0.0,0.0,0.0,8837.0,0.0,0.0,0.0
2023-07-01,0.0,0.0,0.0,0.0,0.0,0.0,0.0,0.0,1254.0,0.0,0.0,0.0,1600.0,7845.0,0.0,0.0,6630.0,8042.0,0.0,0.0,0.0,0.0,0.0,0.0,0.0,400.0,1700.0,6584.0,0.0,0.0,0.0,0.0,0.0,0.0,0.0,0.0,8252.0,0.0,21837.0,0.0,0.0,0.0,100.0,0.0,0.0,2.0,0.0,0.0,420.0,8425.0,0.0,0.0,0.0,0.0,0.0,0.0,0.0,9105.0,77674.0,100.0,3190.0,0.0,0.0,1278.0,17386.0,20.0,47131.0,143644.0,350.0,8033.0,1100.0,1330.0,0.0,0.0,0.0,0.0,0.0,0.0,5166.0,0.0,0.0,0.0,0.0,0.0,0.0,85.0,64.0,0.0,5.0,50.0,0.0,0.0,0.0,0.0,0.0,0.0,0.0,0.0,0.0,0.0,0.0,0.0,0.0,0.0,0.0,0.0,0.0,0.0,0.0,0.0,0.0,0.0,0.0,0.0,0.0,0.0,0.0,0.0,0.0,0.0,0.0,0.0,0.0,0.0,0.0,0.0,0.0,0.0,0.0,0.0,0.0,0.0,0.0,0.0,0.0,0.0,0.0,0.0,0.0,0.0,0.0,0.0,0.0,0.0,0.0,0.0,0.0,0.0,0.0,0.0,0.0,0.0,0.0,25440.0,0.0,12000.0,0.0,0.0,19400.0,0.0,0.0,4000.0,0.0,0.0,0.0,226.0,0.0,9274.0,226.0,0.0,0.0,0.0,0.0,132.0,50.0,0.0,1462.2,954.0,0.0,0.0,0.0,683.2,0.0,0.0,0.0,3639.2,0.0,0.0,0.0,0.0,80.0,0.0,0.0,0.0,0.0,0.0,0.0,0.0,0.0,0.0,0.0,0.0,0.0,0.0,0.0,0.0,0.0,191.0,0.0,0.0,0.0,0.0,0.0,0.0,0.0,0.0,0.0,2.0,0.0,0.0,43.0,0.0,12.0,0.0,0.0,0.0,0.0,0.0,0.0,31.0,0.0,0.0,1355.0,0.0,0.0,560.0,0.0,0.0,0.0,505.0,0.0,0.0,404.3,0.0,0.0,0.0,1631.3,170.0,0.0,1.0,0.0,66.0,0.0,0.0,1354.0,0.0,0.0,2232.0,710.0,0.0,0.0,4796.0,380.0,0.0,0.0,0.0,227.0,0.0,0.0,318.0,0.0,0.0,0.0,0.0,0.0,0.0,0.0,0.0,0.0,0.0,0.0,0.0,0.0,0.0,36.0,0.0,0.0,87.0,0.0,0.0,0.0,0.0,0.0,0.0,0.0,0.0,0.0,0.0,0.0,0.0,0.0,0.0,0.0,0.0,0.0,0.0,5.0,0.0,0.0,0.0,0.0,0.0,0.0,0.0,0.0,0.0,0.0,0.0,0.0,0.0,0.0,0.0,0.0,0.0,0.0,0.0,0.0,0.0,0.0,0.0,0.0,0.0,0.0,0.0,0.0,0.0,0.0,0.0,0.0,0.0,0.0,0.0,0.0,0.0,0.0,0.0,0.0,0.0,0.0,0.0,0.0,0.0,0.0,0.0,0.0,0.0,0.0,0.0,0.0,0.0,0.0,0.0,0.0,0.0,0.0,0.0,0.0,0.0,0.0,0.0,0.0,0.0,0.0,0.0,0.0,0.0,0.0,0.0,0.0,0.0,0.0,0.0,0.0,0.0,0.0,0.0,0.0,0.0,0.0,0.0,0.0,0.0,0.0,0.0,0.0,0.0,0.0,0.0,0.0,0.0,0.0,0.0,0.0,0.0,0.0,0.0,0.0,0.0,0.0,0.0,0.0,0.0,0.0,0.0,0.0,0.0,0.0,0.0,0.0,0.0,0.0,0.0,0.0,0.0,0.0,0.0,0.0,0.0,0.0,0.0,0.0,0.0,0.0,0.0,0.0,0.0,0.0,0.0,0.0,0.0,0.0,0.0,0.0,0.0,0.0,0.0,0.0,0.0,0.0,0.0,0.0,0.0,0.0,-700.0,0.0,0.0,0.0,0.0,0.0,0.0,0.0,0.0,-2256.0,3444.0,-3284.0,0.0,0.0,0.0,0.0,1080.0,0.0,0.0,0.0,0.0,0.0,0.0,0.0,0.0,0.0,0.0,0.0,16.0,0.0,0.0,0.0,0.0,0.0,0.0,2000.0,0.0,0.0,0.0,0.0,0.0,0.0,0.0,0.0,65.0,500.0,3900.0,0.0,0.0,0.0,0.0,0.0,0.0,0.0,0.0,0.0,0.0,0.0,0.0,0.0,0.0,0.0,0.0,0.0,50.0,0.0,14.0,0.0,0.0,0.0,0.0,0.0,0.0,0.0,0.0,0.0,0.0,0.0,88.0,0.0,0.0,0.0,0.0,0.0,0.0,0.0,0.0,0.0,0.0,0.0,0.0,0.0,0.0,0.0,0.0,0.0,0.0,0.0,0.0,0.0,0.0,0.0,0.0,0.0,0.0,0.0,0.0,0.0,0.0,0.0,0.0,0.0,0.0,4.0,0.0,0.0,0.0,0.0,0.0,0.0,0.0,0.0,0.0,0.0,0.0,0.0,0.0,0.0,0.0,0.0,0.0,0.0,0.0,0.0,0.0,800.0,13035.0,81615.0,0.0,1000.0,0.0,0.0,0.0,0.0,0.0,0.0,0.0,0.0,0.0,0.0,0.0,0.0,0.0,0.0,0.0,0.0,0.0,13663.0,0.0,0.0,0.0
2023-08-01,0.0,0.0,0.0,0.0,0.0,0.0,0.0,0.0,1492.0,0.0,0.0,0.0,0.0,-330.0,0.0,0.0,0.0,5746.0,0.0,0.0,0.0,0.0,0.0,0.0,0.0,8060.0,0.0,9170.0,0.0,0.0,0.0,0.0,30.0,0.0,0.0,500.0,9480.0,230.0,3838.0,0.0,3.0,6.0,1760.0,0.0,0.0,0.0,0.0,0.0,593.0,9539.0,0.0,0.0,0.0,0.0,0.0,0.0,0.0,16258.0,77768.0,0.0,1636.0,0.0,0.0,1060.0,20493.0,0.0,37428.0,166711.0,0.0,3180.0,200.0,225.0,0.0,0.0,0.0,0.0,0.0,0.0,5674.0,0.0,0.0,0.0,0.0,0.0,0.0,5.0,12.0,0.0,0.0,52.0,0.0,0.0,0.0,0.0,0.0,0.0,0.0,0.0,0.0,0.0,0.0,0.0,0.0,0.0,0.0,0.0,0.0,0.0,0.0,0.0,0.0,0.0,0.0,0.0,0.0,0.0,0.0,0.0,0.0,0.0,0.0,0.0,0.0,0.0,0.0,0.0,0.0,0.0,0.0,0.0,0.0,0.0,0.0,0.0,0.0,0.0,0.0,0.0,0.0,0.0,0.0,0.0,0.0,0.0,0.0,0.0,0.0,0.0,0.0,0.0,0.0,0.0,0.0,24168.0,0.0,0.0,0.0,0.0,0.0,0.0,0.0,6804.0,0.0,2300.0,0.0,30.0,0.0,4648.5,20.0,0.0,0.0,0.0,0.0,48.0,0.0,0.0,1517.5,2300.0,0.0,0.0,0.0,268.0,0.0,0.0,0.0,1009.5,3380.0,0.0,0.0,1.0,0.0,0.0,0.0,0.0,21.0,0.0,0.0,0.0,0.0,0.0,0.0,0.0,0.0,0.0,0.0,0.0,0.0,119.5,0.0,0.0,0.0,0.0,0.0,0.0,0.0,0.0,0.0,0.0,0.0,0.0,0.0,0.0,30.0,0.0,0.0,0.0,0.0,0.0,0.0,0.0,0.0,0.0,80.0,0.0,0.0,356.0,0.0,0.0,0.0,1788.5,0.0,0.0,230.0,0.0,0.0,0.0,1969.5,40.0,0.0,0.0,0.0,0.0,0.0,0.0,5.5,0.0,0.0,306.0,1050.0,0.0,0.0,3911.5,1180.0,0.0,0.0,0.0,125.0,0.0,0.0,508.0,0.0,0.0,0.0,0.0,0.0,0.0,0.0,0.0,0.0,0.0,0.0,0.0,134.0,0.0,18.0,0.0,0.0,192.0,0.0,0.0,0.0,0.0,0.0,0.0,0.0,0.0,0.0,0.0,0.0,0.0,0.0,0.0,0.0,0.0,0.0,0.0,0.0,0.0,0.0,0.0,0.0,0.0,0.0,0.0,0.0,0.0,0.0,0.0,0.0,0.0,0.0,0.0,0.0,0.0,0.0,0.0,0.0,0.0,0.0,0.0,0.0,0.0,0.0,0.0,0.0,0.0,0.0,0.0,0.0,0.0,0.0,0.0,0.0,0.0,0.0,0.0,0.0,0.0,0.0,0.0,0.0,0.0,0.0,0.0,0.0,0.0,0.0,0.0,0.0,0.0,0.0,0.0,0.0,0.0,0.0,0.0,0.0,0.0,0.0,0.0,0.0,0.0,0.0,0.0,0.0,0.0,0.0,0.0,0.0,0.0,0.0,0.0,0.0,0.0,0.0,0.0,0.0,0.0,0.0,0.0,0.0,0.0,0.0,0.0,0.0,0.0,0.0,0.0,0.0,0.0,0.0,0.0,0.0,0.0,0.0,0.0,0.0,0.0,0.0,0.0,0.0,0.0,0.0,0.0,0.0,0.0,0.0,0.0,0.0,0.0,0.0,0.0,0.0,0.0,0.0,0.0,0.0,0.0,0.0,0.0,0.0,0.0,0.0,0.0,0.0,0.0,0.0,0.0,0.0,0.0,0.0,0.0,0.0,0.0,0.0,0.0,0.0,0.0,0.0,0.0,0.0,0.0,0.0,0.0,0.0,0.0,0.0,0.0,0.0,0.0,0.0,0.0,0.0,0.0,-100.0,0.0,0.0,0.0,0.0,0.0,0.0,0.0,0.0,0.0,0.0,0.0,0.0,0.0,0.0,0.0,0.0,0.0,0.0,0.0,1250.0,0.0,0.0,0.0,644.0,0.0,0.0,0.0,0.0,0.0,0.0,0.0,0.0,0.0,0.0,400.0,0.0,0.0,0.0,0.0,0.0,0.0,0.0,0.0,0.0,0.0,0.0,0.0,0.0,460.0,0.0,0.0,0.0,102.0,0.0,200.0,0.0,0.0,0.0,0.0,0.0,0.0,0.0,0.0,0.0,0.0,0.0,0.0,0.0,0.0,0.0,0.0,0.0,0.0,0.0,0.0,0.0,0.0,0.0,0.0,0.0,0.0,0.0,0.0,0.0,1020.0,0.0,0.0,0.0,0.0,0.0,0.0,0.0,0.0,0.0,0.0,0.0,0.0,0.0,0.0,0.0,0.0,0.0,0.0,20.0,0.0,0.0,0.0,0.0,0.0,0.0,0.0,0.0,0.0,0.0,0.0,0.0,0.0,0.0,0.0,0.0,0.0,0.0,0.0,0.0,10958.0,84354.0,0.0,2900.0,0.0,0.0,0.0,0.0,0.0,0.0,0.0,0.0,0.0,0.0,2170.0,0.0,0.0,0.0,0.0,0.0,0.0,20645.0,0.0,0.0,0.0
2023-09-01,0.0,0.0,0.0,0.0,0.0,0.0,0.0,0.0,738.0,0.0,0.0,0.0,0.0,2385.0,0.0,0.0,100.0,5141.0,0.0,0.0,0.0,0.0,0.0,0.0,0.0,2196.0,400.0,7225.0,0.0,0.0,0.0,0.0,0.0,0.0,0.0,0.0,12108.0,360.0,7202.0,0.0,0.0,0.0,0.0,0.0,0.0,0.0,0.0,0.0,60.0,8375.0,0.0,0.0,0.0,0.0,0.0,0.0,0.0,8860.0,71849.0,0.0,2670.0,0.0,0.0,687.0,18328.0,0.0,34930.0,126323.0,500.0,2420.0,100.0,420.0,0.0,0.0,0.0,0.0,0.0,0.0,0.0,0.0,0.0,0.0,0.0,0.0,0.0,3.0,71.0,0.0,0.0,14.0,0.0,0.0,0.0,0.0,0.0,0.0,0.0,0.0,0.0,0.0,0.0,0.0,0.0,0.0,0.0,0.0,0.0,0.0,0.0,0.0,0.0,0.0,0.0,0.0,0.0,0.0,0.0,0.0,0.0,0.0,0.0,0.0,0.0,0.0,0.0,0.0,0.0,0.0,0.0,0.0,0.0,0.0,0.0,0.0,0.0,0.0,0.0,0.0,0.0,0.0,0.0,0.0,0.0,0.0,0.0,0.0,0.0,0.0,0.0,0.0,0.0,0.0,0.0,0.0,0.0,986.0,0.0,0.0,4680.0,0.0,0.0,13992.0,0.0,138.0,0.0,141.0,0.0,4183.0,886.0,0.0,0.0,0.0,0.0,159.0,0.0,0.0,0.0,2120.0,0.0,0.0,0.0,200.0,150.0,0.0,0.0,2336.0,380.0,0.0,0.0,0.0,0.0,0.0,0.0,0.0,20.0,0.0,0.0,0.0,0.0,0.0,0.0,0.0,0.0,0.0,0.0,0.0,0.0,113.0,60.0,0.0,0.0,0.0,0.0,0.0,0.0,0.0,0.0,0.0,0.0,0.0,2.0,0.0,9.0,0.0,0.0,0.0,0.0,0.0,0.0,0.0,0.0,0.0,94.0,0.0,0.0,155.0,0.0,0.0,0.0,560.0,0.0,0.0,268.0,150.0,0.0,0.0,990.0,110.0,0.0,0.0,0.0,0.0,0.0,0.0,81.0,100.0,0.0,907.0,150.0,0.0,0.0,3859.0,1564.0,0.0,0.0,0.0,147.0,0.0,0.0,180.0,0.0,0.0,0.0,0.0,0.0,0.0,0.0,0.0,0.0,0.0,0.0,0.0,0.0,0.0,0.0,0.0,0.0,42.0,0.0,0.0,0.0,0.0,0.0,0.0,0.0,0.0,0.0,0.0,0.0,0.0,0.0,0.0,0.0,1.0,0.0,0.0,0.0,0.0,0.0,0.0,0.0,0.0,0.0,0.0,0.0,0.0,0.0,0.0,0.0,0.0,0.0,0.0,0.0,0.0,0.0,0.0,0.0,0.0,0.0,0.0,0.0,0.0,0.0,0.0,0.0,0.0,0.0,0.0,0.0,0.0,0.0,0.0,0.0,0.0,0.0,0.0,0.0,0.0,0.0,0.0,0.0,0.0,0.0,0.0,0.0,0.0,0.0,0.0,0.0,0.0,0.0,0.0,0.0,0.0,0.0,0.0,0.0,0.0,0.0,0.0,0.0,0.0,0.0,0.0,0.0,0.0,0.0,0.0,0.0,0.0,0.0,0.0,0.0,0.0,0.0,0.0,0.0,0.0,0.0,0.0,0.0,0.0,0.0,0.0,0.0,0.0,0.0,0.0,0.0,0.0,0.0,0.0,0.0,0.0,0.0,0.0,0.0,0.0,0.0,0.0,0.0,0.0,0.0,0.0,0.0,0.0,0.0,0.0,0.0,0.0,0.0,0.0,0.0,0.0,0.0,0.0,0.0,0.0,0.0,0.0,0.0,0.0,0.0,0.0,0.0,0.0,0.0,0.0,0.0,0.0,0.0,0.0,0.0,0.0,0.0,0.0,0.0,0.0,0.0,0.0,0.0,0.0,0.0,0.0,0.0,0.0,0.0,0.0,0.0,0.0,0.0,0.0,0.0,0.0,0.0,0.0,0.0,0.0,0.0,-539.0,0.0,0.0,0.0,0.0,0.0,0.0,0.0,0.0,0.0,0.0,0.0,0.0,0.0,0.0,2850.0,0.0,0.0,0.0,1100.0,0.0,0.0,0.0,0.0,0.0,0.0,20.0,1100.0,155.0,0.0,2200.0,0.0,0.0,0.0,0.0,0.0,0.0,0.0,0.0,0.0,0.0,0.0,0.0,0.0,3940.0,0.0,0.0,0.0,22.0,0.0,155.0,0.0,0.0,8160.0,160.0,0.0,0.0,0.0,0.0,395.0,0.0,0.0,0.0,0.0,0.0,0.0,0.0,0.0,0.0,0.0,0.0,0.0,0.0,0.0,0.0,0.0,0.0,0.0,0.0,0.0,0.0,12100.0,0.0,0.0,0.0,0.0,0.0,0.0,0.0,0.0,0.0,0.0,0.0,0.0,0.0,0.0,0.0,0.0,0.0,0.0,0.0,0.0,0.0,0.0,0.0,0.0,0.0,0.0,0.0,0.0,0.0,0.0,0.0,0.0,0.0,0.0,0.0,0.0,0.0,0.0,13814.0,77563.0,0.0,900.0,0.0,0.0,0.0,0.0,0.0,0.0,0.0,0.0,0.0,0.0,5550.0,0.0,0.0,0.0,0.0,0.0,0.0,8530.0,0.0,0.0,0.0
2023-10-01,0.0,0.0,0.0,0.0,0.0,0.0,0.0,0.0,1710.0,0.0,0.0,0.0,600.0,8876.0,0.0,0.0,0.0,3610.0,0.0,0.0,0.0,0.0,0.0,0.0,0.0,4210.0,0.0,1795.0,0.0,0.0,0.0,180.0,0.0,0.0,0.0,2735.0,9130.0,460.0,5445.0,0.0,0.0,0.0,0.0,0.0,0.0,300.0,0.0,0.0,220.0,9716.0,0.0,0.0,0.0,0.0,0.0,0.0,0.0,21676.0,64733.0,0.0,2670.0,0.0,0.0,1020.0,17904.0,0.0,43142.0,152782.0,0.0,1120.0,0.0,1065.0,0.0,0.0,0.0,0.0,0.0,0.0,0.0,0.0,0.0,0.0,0.0,0.0,0.0,42.0,26.0,0.0,0.0,0.0,0.0,0.0,0.0,0.0,0.0,0.0,0.0,0.0,0.0,0.0,0.0,0.0,0.0,0.0,0.0,0.0,0.0,0.0,0.0,0.0,0.0,0.0,0.0,0.0,0.0,0.0,0.0,0.0,0.0,0.0,0.0,0.0,0.0,0.0,0.0,0.0,0.0,0.0,0.0,0.0,0.0,0.0,0.0,0.0,0.0,0.0,0.0,0.0,0.0,0.0,0.0,0.0,0.0,0.0,0.0,0.0,0.0,0.0,0.0,0.0,0.0,0.0,0.0,13992.0,0.0,400.0,0.0,0.0,0.0,0.0,0.0,10000.0,0.0,1702.0,0.0,5.0,0.0,1768.0,60.0,0.0,0.0,0.0,0.0,249.0,0.0,0.0,733.0,936.0,0.0,0.0,0.0,140.0,2.0,0.0,0.0,3182.0,850.0,0.0,0.0,0.0,1792.0,0.0,0.0,0.0,0.0,0.0,0.0,0.0,0.0,0.0,0.0,0.0,0.0,0.0,0.0,0.0,0.0,3.0,270.0,0.0,0.0,0.0,0.0,0.0,0.0,0.0,0.0,0.0,0.0,1.0,0.0,0.0,50.0,0.0,0.0,0.0,0.0,0.0,0.0,8.0,0.0,0.0,31.0,200.0,0.0,494.0,0.0,0.0,0.0,2057.0,60.0,0.0,514.0,0.0,0.0,0.0,1014.0,1032.0,0.0,0.0,0.0,50.0,0.0,0.0,1.0,246.0,0.0,948.0,2346.0,0.0,0.0,5271.0,2492.0,0.0,0.0,0.0,100.0,0.0,0.0,254.0,0.0,0.0,0.0,0.0,0.0,0.0,0.0,0.0,0.0,0.0,0.0,0.0,42.0,0.0,7.0,0.0,0.0,9.0,0.0,0.0,0.0,0.0,0.0,0.0,0.0,0.0,0.0,0.0,0.0,0.0,0.0,0.0,0.0,0.0,0.0,0.0,0.0,0.0,0.0,0.0,0.0,0.0,0.0,0.0,0.0,0.0,0.0,0.0,0.0,0.0,0.0,0.0,0.0,0.0,0.0,0.0,0.0,0.0,0.0,0.0,0.0,0.0,0.0,0.0,0.0,0.0,0.0,0.0,0.0,0.0,0.0,0.0,0.0,0.0,0.0,0.0,0.0,0.0,0.0,0.0,0.0,0.0,0.0,0.0,0.0,0.0,0.0,0.0,0.0,0.0,0.0,0.0,0.0,0.0,0.0,0.0,0.0,0.0,0.0,0.0,0.0,0.0,0.0,0.0,0.0,0.0,0.0,0.0,0.0,0.0,0.0,0.0,0.0,0.0,0.0,0.0,0.0,0.0,0.0,0.0,0.0,0.0,0.0,0.0,0.0,0.0,0.0,0.0,0.0,0.0,0.0,0.0,0.0,0.0,0.0,0.0,0.0,0.0,0.0,0.0,0.0,0.0,0.0,0.0,0.0,0.0,0.0,0.0,0.0,0.0,0.0,0.0,0.0,0.0,0.0,0.0,0.0,0.0,0.0,0.0,0.0,0.0,0.0,0.0,0.0,0.0,0.0,0.0,0.0,0.0,60.0,0.0,0.0,0.0,0.0,0.0,0.0,0.0,0.0,0.0,0.0,0.0,0.0,0.0,0.0,0.0,0.0,0.0,0.0,0.0,0.0,0.0,0.0,0.0,0.0,0.0,0.0,0.0,0.0,0.0,0.0,0.0,0.0,0.0,0.0,0.0,0.0,0.0,0.0,0.0,0.0,0.0,0.0,0.0,0.0,0.0,0.0,0.0,0.0,0.0,0.0,0.0,0.0,0.0,100.0,0.0,0.0,24.0,0.0,1340.0,0.0,0.0,0.0,0.0,0.0,0.0,0.0,0.0,0.0,0.0,0.0,0.0,0.0,0.0,0.0,0.0,0.0,65.0,0.0,382.0,0.0,0.0,4800.0,0.0,0.0,0.0,0.0,0.0,0.0,0.0,0.0,0.0,0.0,0.0,0.0,0.0,0.0,0.0,0.0,0.0,0.0,0.0,0.0,0.0,0.0,0.0,0.0,0.0,0.0,0.0,40220.0,0.0,10800.0,0.0,0.0,0.0,0.0,0.0,0.0,0.0,0.0,0.0,0.0,0.0,0.0,0.0,0.0,0.0,4.0,0.0,0.0,0.0,0.0,0.0,0.0,0.0,0.0,0.0,0.0,0.0,0.0,0.0,0.0,0.0,492.0,18800.0,0.0,0.0,0.0,9614.0,79046.0,0.0,2800.0,0.0,0.0,0.0,620.0,0.0,2238.0,0.0,0.0,0.0,0.0,8730.0,0.0,0.0,0.0,0.0,0.0,0.0,28144.0,0.0,0.0,0.0
2023-11-01,0.0,0.0,0.0,0.0,0.0,0.0,0.0,0.0,7580.0,0.0,0.0,0.0,0.0,850.0,0.0,0.0,25.0,5660.0,0.0,0.0,1260.0,0.0,0.0,0.0,0.0,1050.0,0.0,8013.0,0.0,70.0,0.0,0.0,0.0,0.0,0.0,115.0,10142.0,0.0,2570.0,0.0,0.0,0.0,1000.0,0.0,0.0,0.0,0.0,0.0,200.0,7828.0,0.0,0.0,0.0,0.0,0.0,0.0,0.0,17534.0,64005.0,0.0,1750.0,0.0,0.0,1120.0,18718.0,0.0,36003.0,149937.0,770.0,1663.0,0.0,1440.0,0.0,0.0,0.0,0.0,0.0,0.0,0.0,0.0,0.0,0.0,0.0,0.0,0.0,43.0,22.0,0.0,0.0,0.0,0.0,0.0,0.0,0.0,0.0,0.0,0.0,0.0,0.0,0.0,0.0,0.0,0.0,0.0,0.0,0.0,0.0,0.0,0.0,0.0,0.0,0.0,0.0,0.0,0.0,0.0,0.0,0.0,0.0,0.0,0.0,0.0,0.0,0.0,0.0,0.0,0.0,0.0,0.0,0.0,0.0,0.0,0.0,0.0,0.0,0.0,0.0,0.0,0.0,0.0,0.0,0.0,0.0,0.0,0.0,0.0,0.0,0.0,0.0,0.0,0.0,0.0,0.0,24168.0,0.0,11578.0,0.0,0.0,9636.0,0.0,0.0,12338.0,0.0,1730.0,0.0,50.0,0.0,3146.0,0.0,100.0,0.0,0.0,0.0,24.0,1.0,0.0,762.0,2428.0,0.0,0.0,0.0,266.0,2048.0,140.0,0.0,2405.0,720.0,0.0,0.0,0.0,1340.0,0.0,0.0,0.0,50.0,0.0,0.0,0.0,0.0,0.0,0.0,0.0,0.0,0.0,0.0,0.0,0.0,61.0,16.0,0.0,0.0,4.0,0.0,0.0,0.0,0.0,0.0,0.0,0.0,0.0,15.0,0.0,73.0,0.0,0.0,0.0,0.0,0.0,0.0,33.0,0.0,0.0,135.0,170.0,0.0,242.0,0.0,0.0,0.0,1585.0,0.0,0.0,0.0,1050.0,106.0,0.0,1163.0,980.0,0.0,0.0,0.0,0.0,0.0,0.0,13.0,1499.0,0.0,100.0,1145.0,442.0,0.0,5886.0,3681.0,0.0,50.0,0.0,83.0,0.0,0.0,188.0,0.0,0.0,0.0,0.0,0.0,0.0,0.0,0.0,0.0,25.0,0.0,0.0,40.0,0.0,3.0,0.0,0.0,44.0,0.0,0.0,0.0,0.0,0.0,0.0,0.0,0.0,0.0,0.0,0.0,0.0,0.0,0.0,0.0,0.0,0.0,0.0,0.0,0.0,0.0,0.0,0.0,0.0,0.0,0.0,0.0,0.0,0.0,0.0,0.0,0.0,0.0,0.0,0.0,0.0,0.0,0.0,0.0,0.0,0.0,0.0,0.0,0.0,0.0,0.0,0.0,0.0,0.0,0.0,0.0,0.0,0.0,0.0,0.0,0.0,0.0,0.0,0.0,0.0,0.0,0.0,0.0,0.0,0.0,0.0,0.0,0.0,0.0,0.0,0.0,0.0,0.0,0.0,0.0,0.0,0.0,0.0,0.0,0.0,0.0,0.0,0.0,0.0,0.0,0.0,0.0,0.0,0.0,0.0,0.0,0.0,0.0,0.0,0.0,0.0,0.0,0.0,0.0,0.0,0.0,0.0,0.0,0.0,0.0,0.0,0.0,0.0,0.0,0.0,0.0,0.0,0.0,0.0,0.0,0.0,0.0,0.0,0.0,0.0,0.0,0.0,0.0,0.0,0.0,0.0,0.0,0.0,0.0,0.0,0.0,0.0,0.0,0.0,0.0,0.0,100.0,0.0,0.0,0.0,0.0,0.0,0.0,0.0,0.0,0.0,0.0,0.0,0.0,0.0,0.0,0.0,0.0,0.0,0.0,0.0,0.0,0.0,0.0,0.0,0.0,0.0,0.0,0.0,0.0,0.0,0.0,0.0,0.0,0.0,0.0,0.0,0.0,0.0,0.0,0.0,0.0,0.0,0.0,0.0,0.0,0.0,0.0,0.0,0.0,0.0,0.0,0.0,0.0,0.0,0.0,0.0,0.0,0.0,0.0,0.0,670.0,0.0,0.0,0.0,0.0,0.0,0.0,0.0,0.0,0.0,0.0,0.0,0.0,76.0,0.0,1975.0,0.0,0.0,0.0,0.0,0.0,0.0,0.0,0.0,0.0,0.0,0.0,0.0,0.0,0.0,0.0,0.0,0.0,138.0,0.0,64.0,100.0,0.0,0.0,0.0,0.0,0.0,0.0,0.0,0.0,500.0,0.0,400.0,0.0,480.0,0.0,302.0,0.0,0.0,0.0,0.0,0.0,0.0,0.0,0.0,0.0,0.0,0.0,10250.0,1.0,8578.0,53804.0,0.0,135.0,0.0,0.0,0.0,0.0,0.0,0.0,0.0,0.0,0.0,0.0,0.0,0.0,0.0,0.0,0.0,0.0,0.0,0.0,0.0,0.0,0.0,0.0,0.0,0.0,0.0,0.0,0.0,0.0,0.0,0.0,0.0,0.0,51884.0,0.0,0.0,0.0,11600.0,83489.0,0.0,1600.0,0.0,0.0,0.0,2970.0,0.0,1441.0,0.0,0.0,0.0,0.0,14020.0,0.0,0.0,0.0,0.0,0.0,0.0,18911.0,0.0,0.0,0.0
2023-12-01,0.0,0.0,0.0,0.0,0.0,0.0,0.0,0.0,3440.0,0.0,0.0,0.0,0.0,1151.0,0.0,0.0,180.0,5020.0,0.0,0.0,810.0,0.0,0.0,0.0,0.0,1000.0,0.0,3899.0,0.0,0.0,0.0,0.0,0.0,0.0,0.0,1600.0,5108.0,100.0,15.0,0.0,0.0,0.0,0.0,0.0,0.0,0.0,0.0,0.0,440.0,8031.0,0.0,0.0,0.0,0.0,0.0,0.0,0.0,7280.0,68174.0,0.0,2400.0,0.0,0.0,635.0,15233.0,0.0,31026.0,114598.0,200.0,920.0,0.0,130.0,0.0,0.0,0.0,0.0,0.0,0.0,0.0,0.0,0.0,0.0,0.0,0.0,0.0,8.0,8.0,0.0,7.0,0.0,0.0,0.0,0.0,0.0,0.0,0.0,0.0,0.0,0.0,0.0,0.0,0.0,0.0,0.0,0.0,0.0,0.0,0.0,0.0,0.0,0.0,0.0,0.0,0.0,0.0,0.0,0.0,0.0,0.0,0.0,0.0,1.0,0.0,0.0,1.0,1.0,0.0,0.0,0.0,1.0,0.0,0.0,0.0,0.0,0.0,0.0,0.0,2.0,0.0,0.0,0.0,0.0,0.0,0.0,0.0,0.0,0.0,0.0,0.0,0.0,0.0,0.0,0.0,26712.0,0.0,29763.0,0.0,0.0,17116.0,0.0,0.0,5662.0,0.0,120.0,0.0,201.0,0.0,1790.0,360.0,0.0,0.0,0.0,0.0,38.0,0.0,0.0,0.0,0.0,0.0,0.0,0.0,80.0,0.0,120.0,0.0,1036.0,1025.0,0.0,0.0,0.0,2432.0,0.0,0.0,0.0,2.0,0.0,0.0,0.0,0.0,0.0,0.0,0.0,0.0,0.0,0.0,0.0,0.0,60.0,233.0,0.0,0.0,4.0,0.0,0.0,0.0,0.0,0.0,0.0,0.0,0.0,3.0,0.0,0.0,0.0,0.0,0.0,0.0,0.0,0.0,70.0,0.0,0.0,0.0,95.0,0.0,83.0,18.0,0.0,0.0,973.0,40.0,0.0,0.0,0.0,370.0,0.0,1914.0,80.0,0.0,0.0,0.0,0.0,18.0,0.0,0.0,0.0,0.0,151.0,48.0,931.0,0.0,2739.0,1170.0,0.0,1.0,0.0,20.0,0.0,0.0,369.0,0.0,0.0,0.0,0.0,0.0,0.0,0.0,0.0,0.0,0.0,0.0,0.0,0.0,0.0,23.0,0.0,0.0,203.0,0.0,0.0,0.0,0.0,0.0,0.0,0.0,0.0,0.0,0.0,0.0,0.0,0.0,0.0,0.0,0.0,0.0,0.0,0.0,0.0,0.0,0.0,0.0,0.0,0.0,0.0,0.0,0.0,0.0,0.0,0.0,0.0,0.0,0.0,0.0,0.0,0.0,0.0,0.0,0.0,0.0,0.0,0.0,0.0,0.0,0.0,0.0,0.0,0.0,0.0,0.0,0.0,0.0,0.0,0.0,0.0,0.0,0.0,0.0,0.0,0.0,0.0,0.0,0.0,0.0,0.0,0.0,0.0,0.0,0.0,0.0,0.0,0.0,0.0,0.0,0.0,0.0,0.0,0.0,0.0,0.0,0.0,0.0,0.0,0.0,0.0,0.0,0.0,0.0,0.0,0.0,0.0,0.0,0.0,0.0,0.0,0.0,0.0,0.0,0.0,0.0,0.0,0.0,0.0,0.0,0.0,0.0,0.0,0.0,0.0,0.0,0.0,0.0,0.0,0.0,0.0,0.0,0.0,0.0,0.0,0.0,0.0,0.0,0.0,0.0,0.0,0.0,0.0,0.0,0.0,0.0,0.0,0.0,0.0,0.0,0.0,40.0,0.0,0.0,0.0,0.0,0.0,0.0,0.0,0.0,0.0,0.0,0.0,0.0,0.0,0.0,0.0,0.0,0.0,0.0,0.0,0.0,0.0,0.0,0.0,0.0,0.0,0.0,0.0,0.0,0.0,0.0,0.0,0.0,0.0,0.0,0.0,0.0,0.0,0.0,0.0,0.0,0.0,0.0,0.0,0.0,161.0,0.0,0.0,0.0,0.0,0.0,0.0,0.0,0.0,0.0,0.0,0.0,0.0,0.0,0.0,220.0,0.0,0.0,0.0,400.0,0.0,0.0,0.0,0.0,0.0,1900.0,0.0,0.0,462.0,8.0,440.0,0.0,0.0,0.0,0.0,0.0,0.0,0.0,0.0,0.0,0.0,0.0,0.0,0.0,0.0,0.0,0.0,0.0,20.0,0.0,166.0,0.0,0.0,0.0,30.0,0.0,0.0,0.0,0.0,0.0,928.0,0.0,0.0,0.0,490.0,0.0,0.0,0.0,0.0,0.0,0.0,0.0,0.0,0.0,0.0,0.0,0.0,0.0,34800.0,52.0,0.0,29440.0,0.0,0.0,5250.0,1300.0,0.0,0.0,0.0,0.0,0.0,9350.0,0.0,0.0,0.0,0.0,0.0,0.0,0.0,0.0,0.0,0.0,0.0,0.0,0.0,0.0,0.0,0.0,0.0,0.0,0.0,0.0,0.0,0.0,0.0,0.0,16416.0,0.0,0.0,0.0,10122.0,51270.0,0.0,1385.0,0.0,0.0,0.0,2320.0,0.0,2877.0,0.0,0.0,0.0,0.0,4200.0,0.0,0.0,0.0,0.0,0.0,630.0,11914.0,0.0,0.0,0.0
2024-01-01,0.0,0.0,0.0,0.0,0.0,6880.0,0.0,0.0,378.0,0.0,0.0,0.0,0.0,260.0,0.0,0.0,1866.0,45.0,0.0,0.0,0.0,0.0,0.0,0.0,0.0,0.0,500.0,4284.0,0.0,0.0,0.0,0.0,0.0,0.0,0.0,0.0,3606.0,325.0,2820.0,0.0,0.0,0.0,0.0,0.0,0.0,0.0,0.0,0.0,50.0,7318.0,0.0,0.0,0.0,0.0,0.0,0.0,0.0,6017.0,65625.0,0.0,1720.0,0.0,0.0,470.0,16245.0,0.0,36268.0,107287.0,150.0,620.0,0.0,25.0,0.0,0.0,0.0,0.0,0.0,0.0,0.0,0.0,0.0,0.0,0.0,0.0,0.0,2.0,14.0,0.0,0.0,0.0,2.0,0.0,0.0,0.0,0.0,0.0,0.0,0.0,0.0,0.0,0.0,0.0,0.0,0.0,0.0,0.0,0.0,0.0,0.0,0.0,0.0,0.0,0.0,0.0,0.0,0.0,0.0,0.0,0.0,0.0,0.0,0.0,0.0,0.0,0.0,0.0,0.0,0.0,0.0,0.0,0.0,0.0,0.0,0.0,0.0,0.0,0.0,0.0,0.0,0.0,0.0,0.0,0.0,0.0,0.0,0.0,0.0,0.0,0.0,0.0,0.0,0.0,0.0,26712.0,0.0,27168.0,0.0,0.0,4528.0,0.0,0.0,3152.0,15800.0,0.0,0.0,44.0,0.0,2332.0,370.0,0.0,0.0,0.0,0.0,65.0,1.0,0.0,124.0,2777.0,0.0,0.0,0.0,140.0,200.0,0.0,0.0,886.0,1855.0,0.0,0.0,0.0,1280.0,0.0,0.0,0.0,50.0,0.0,0.0,0.0,0.0,0.0,0.0,0.0,0.0,0.0,0.0,0.0,0.0,-12.0,92.0,0.0,0.0,2.0,0.0,0.0,0.0,0.0,0.0,0.0,0.0,0.0,0.0,0.0,5.0,0.0,0.0,0.0,0.0,0.0,0.0,0.0,0.0,0.0,340.0,197.0,0.0,59.0,500.0,50.0,0.0,550.0,260.0,0.0,0.0,0.0,320.0,0.0,810.0,1190.0,0.0,0.0,0.0,0.0,0.0,0.0,16.0,410.0,0.0,1273.0,1298.0,0.0,0.0,5430.0,4088.0,0.0,50.0,0.0,106.0,0.0,0.0,0.0,217.0,0.0,0.0,0.0,0.0,0.0,0.0,0.0,0.0,0.0,0.0,0.0,51.0,0.0,9.0,0.0,0.0,64.0,0.0,0.0,0.0,0.0,0.0,0.0,0.0,0.0,0.0,0.0,0.0,0.0,0.0,0.0,0.0,0.0,0.0,0.0,0.0,0.0,0.0,0.0,0.0,0.0,0.0,0.0,0.0,0.0,0.0,0.0,0.0,0.0,0.0,0.0,0.0,0.0,0.0,0.0,2.0,0.0,0.0,0.0,0.0,0.0,0.0,0.0,0.0,0.0,0.0,0.0,0.0,0.0,0.0,3.0,0.0,0.0,0.0,0.0,0.0,0.0,0.0,0.0,0.0,0.0,0.0,0.0,1.0,0.0,0.0,0.0,1.0,0.0,0.0,0.0,0.0,0.0,0.0,0.0,1.0,0.0,0.0,0.0,0.0,0.0,0.0,1.0,0.0,0.0,1.0,0.0,0.0,0.0,0.0,0.0,0.0,0.0,0.0,0.0,2.0,0.0,0.0,0.0,0.0,0.0,3.0,0.0,0.0,0.0,0.0,0.0,0.0,0.0,0.0,0.0,1.0,0.0,0.0,0.0,0.0,0.0,0.0,0.0,0.0,0.0,0.0,0.0,0.0,0.0,1.0,0.0,0.0,0.0,0.0,0.0,0.0,0.0,0.0,0.0,0.0,0.0,0.0,0.0,0.0,0.0,0.0,0.0,0.0,0.0,0.0,0.0,0.0,0.0,0.0,0.0,0.0,0.0,0.0,0.0,0.0,0.0,0.0,0.0,0.0,0.0,0.0,0.0,0.0,0.0,0.0,0.0,0.0,0.0,0.0,0.0,0.0,0.0,0.0,0.0,0.0,0.0,5700.0,0.0,0.0,0.0,0.0,0.0,0.0,0.0,0.0,0.0,0.0,30720.0,0.0,0.0,0.0,0.0,0.0,0.0,0.0,0.0,30.0,0.0,0.0,0.0,0.0,0.0,3350.0,0.0,0.0,0.0,0.0,1300.0,0.0,0.0,0.0,0.0,0.0,0.0,0.0,0.0,0.0,0.0,0.0,0.0,0.0,750.0,0.0,0.0,0.0,0.0,0.0,93.0,0.0,0.0,4900.0,0.0,0.0,0.0,0.0,0.0,0.0,530.0,0.0,0.0,0.0,240.0,0.0,0.0,0.0,0.0,0.0,0.0,0.0,0.0,0.0,0.0,0.0,0.0,0.0,0.0,0.0,0.0,0.0,0.0,0.0,0.0,0.0,0.0,0.0,0.0,0.0,462.0,0.0,0.0,0.0,0.0,0.0,0.0,0.0,0.0,0.0,0.0,0.0,0.0,0.0,0.0,27.0,35.0,0.0,0.0,0.0,0.0,0.0,0.0,0.0,0.0,0.0,34867.0,0.0,0.0,0.0,9204.0,78674.0,0.0,2750.0,0.0,0.0,0.0,0.0,0.0,5354.0,0.0,0.0,0.0,600.0,5590.0,0.0,0.0,0.0,0.0,0.0,75.0,6761.0,0.0,0.0,0.0
2024-02-01,0.0,0.0,0.0,0.0,0.0,6880.0,0.0,0.0,66.0,0.0,0.0,0.0,0.0,380.0,0.0,0.0,2147.0,170.0,0.0,0.0,0.0,0.0,0.0,0.0,0.0,2000.0,0.0,4100.0,0.0,80.0,0.0,0.0,0.0,0.0,0.0,30.0,9475.0,360.0,850.0,0.0,0.0,0.0,0.0,0.0,0.0,0.0,0.0,0.0,0.0,9798.0,0.0,0.0,0.0,0.0,0.0,0.0,0.0,12482.0,70914.0,0.0,3720.0,0.0,0.0,50.0,20089.0,0.0,32393.0,149639.0,0.0,11106.0,0.0,0.0,0.0,0.0,0.0,0.0,0.0,0.0,0.0,0.0,85.0,0.0,0.0,0.0,0.0,17.0,10.0,0.0,0.0,0.0,0.0,0.0,0.0,0.0,0.0,0.0,0.0,0.0,0.0,0.0,0.0,0.0,0.0,0.0,0.0,0.0,0.0,0.0,0.0,0.0,0.0,0.0,0.0,0.0,0.0,0.0,0.0,0.0,0.0,0.0,0.0,0.0,0.0,0.0,0.0,0.0,0.0,0.0,0.0,0.0,0.0,0.0,0.0,0.0,0.0,0.0,0.0,0.0,1.0,0.0,0.0,0.0,0.0,0.0,0.0,0.0,0.0,0.0,0.0,0.0,0.0,0.0,0.0,27415.0,0.0,70718.0,0.0,0.0,0.0,3396.0,0.0,24852.0,3138.0,0.0,0.0,16.0,0.0,2196.0,130.0,0.0,0.0,0.0,0.0,0.0,38.0,0.0,359.0,3227.0,0.0,0.0,0.0,124.0,0.0,0.0,0.0,2767.0,858.0,0.0,0.0,0.0,746.0,0.0,0.0,0.0,200.0,0.0,0.0,0.0,0.0,0.0,0.0,0.0,0.0,0.0,0.0,0.0,0.0,132.0,430.0,0.0,0.0,10.0,0.0,0.0,0.0,0.0,0.0,0.0,0.0,0.0,0.0,6.0,0.0,0.0,0.0,2.0,0.0,0.0,0.0,0.0,0.0,0.0,67.0,101.0,0.0,99.0,100.0,210.0,0.0,2251.0,50.0,0.0,0.0,350.0,160.0,0.0,473.0,828.0,0.0,0.0,0.0,0.0,0.0,0.0,38.0,0.0,0.0,1071.0,1846.0,0.0,0.0,1478.0,4269.0,0.0,60.0,0.0,68.0,0.0,0.0,0.0,129.0,0.0,0.0,0.0,0.0,0.0,0.0,0.0,0.0,1.0,0.0,0.0,0.0,0.0,0.0,0.0,0.0,74.0,0.0,0.0,0.0,0.0,0.0,0.0,0.0,0.0,0.0,0.0,0.0,0.0,0.0,0.0,0.0,0.0,0.0,0.0,0.0,0.0,0.0,0.0,0.0,0.0,0.0,0.0,0.0,0.0,0.0,0.0,0.0,0.0,0.0,0.0,0.0,0.0,0.0,0.0,0.0,0.0,0.0,0.0,0.0,0.0,0.0,0.0,0.0,0.0,0.0,0.0,0.0,0.0,0.0,0.0,0.0,0.0,0.0,0.0,0.0,0.0,0.0,0.0,0.0,0.0,0.0,0.0,0.0,0.0,0.0,0.0,0.0,0.0,0.0,0.0,0.0,0.0,0.0,0.0,0.0,0.0,0.0,0.0,0.0,0.0,0.0,0.0,0.0,0.0,0.0,0.0,0.0,0.0,0.0,0.0,0.0,0.0,0.0,0.0,0.0,0.0,0.0,0.0,0.0,0.0,0.0,0.0,0.0,0.0,0.0,0.0,0.0,0.0,0.0,0.0,0.0,0.0,0.0,0.0,0.0,0.0,0.0,0.0,0.0,0.0,0.0,0.0,0.0,0.0,0.0,0.0,0.0,0.0,0.0,0.0,0.0,0.0,0.0,0.0,0.0,0.0,0.0,0.0,0.0,0.0,0.0,0.0,0.0,0.0,0.0,0.0,0.0,0.0,0.0,0.0,0.0,0.0,10.0,10.0,0.0,10.0,0.0,0.0,0.0,0.0,0.0,0.0,0.0,0.0,0.0,0.0,0.0,0.0,0.0,0.0,500.0,0.0,0.0,0.0,0.0,2453.0,0.0,0.0,0.0,0.0,0.0,0.0,0.0,0.0,0.0,0.0,0.0,13650.0,0.0,0.0,0.0,0.0,70.0,0.0,189.0,145.0,10.0,0.0,0.0,0.0,0.0,0.0,1250.0,0.0,0.0,165.0,0.0,9455.0,0.0,0.0,0.0,0.0,0.0,0.0,0.0,0.0,600.0,0.0,0.0,0.0,0.0,640.0,0.0,0.0,0.0,135.0,0.0,273.0,0.0,0.0,6750.0,194.0,0.0,0.0,0.0,0.0,847.0,320.0,0.0,0.0,0.0,0.0,0.0,0.0,0.0,0.0,0.0,0.0,0.0,0.0,0.0,0.0,0.0,0.0,0.0,267.0,0.0,0.0,0.0,0.0,0.0,0.0,0.0,0.0,0.0,0.0,442.0,145.0,0.0,0.0,210.0,0.0,0.0,0.0,0.0,0.0,0.0,0.0,0.0,0.0,2.0,0.0,0.0,37.0,0.0,0.0,0.0,0.0,0.0,0.0,0.0,0.0,0.0,68562.0,0.0,0.0,0.0,9500.0,73010.0,0.0,610.0,0.0,0.0,0.0,0.0,0.0,264.0,0.0,0.0,0.0,0.0,3140.0,0.0,0.0,0.0,0.0,2200.0,0.0,7853.0,0.0,0.0,0.0
2024-03-01,0.0,0.0,0.0,0.0,0.0,0.0,0.0,0.0,10.0,0.0,0.0,0.0,0.0,510.0,0.0,0.0,1147.0,6156.0,0.0,0.0,0.0,0.0,0.0,0.0,0.0,30.0,0.0,66.0,0.0,0.0,0.0,0.0,0.0,0.0,0.0,350.0,2019.0,182.0,956.0,0.0,0.0,0.0,0.0,0.0,0.0,0.0,0.0,0.0,550.0,7967.0,0.0,0.0,0.0,0.0,0.0,0.0,0.0,7827.0,75576.0,0.0,2200.0,0.0,0.0,390.0,15885.0,0.0,25549.0,111251.0,0.0,20390.0,0.0,0.0,0.0,0.0,0.0,0.0,0.0,0.0,0.0,0.0,0.0,0.0,0.0,0.0,0.0,0.0,0.0,0.0,0.0,0.0,0.0,0.0,0.0,0.0,0.0,0.0,0.0,0.0,0.0,0.0,0.0,0.0,0.0,0.0,0.0,0.0,0.0,0.0,0.0,0.0,0.0,0.0,0.0,0.0,0.0,0.0,0.0,0.0,0.0,0.0,0.0,0.0,0.0,0.0,0.0,0.0,0.0,0.0,0.0,0.0,0.0,0.0,0.0,0.0,0.0,0.0,0.0,0.0,0.0,0.0,0.0,0.0,0.0,0.0,0.0,0.0,0.0,0.0,0.0,0.0,0.0,0.0,0.0,45182.0,0.0,75550.0,0.0,0.0,0.0,0.0,0.0,9300.0,9660.0,0.0,0.0,35.0,0.0,462.0,0.0,0.0,0.0,0.0,0.0,20.0,9.0,0.0,1.0,608.0,0.0,0.0,0.0,332.0,200.0,0.0,0.0,643.0,440.0,0.0,0.0,0.0,100.0,0.0,0.0,0.0,50.0,0.0,0.0,0.0,0.0,0.0,0.0,0.0,0.0,0.0,0.0,0.0,0.0,116.0,66.0,0.0,0.0,19.0,0.0,0.0,0.0,0.0,0.0,0.0,0.0,0.0,0.0,0.0,92.0,0.0,0.0,0.0,0.0,0.0,0.0,22.0,70.0,0.0,476.0,30.0,0.0,0.0,50.0,27.0,0.0,158.0,566.0,0.0,138.0,200.0,0.0,0.0,1972.0,570.0,0.0,0.0,0.0,0.0,0.0,0.0,34.0,260.0,0.0,1443.0,277.0,3100.0,0.0,1921.0,3578.0,0.0,0.0,0.0,8.0,0.0,0.0,0.0,64.0,0.0,0.0,0.0,0.0,0.0,0.0,0.0,0.0,1.0,0.0,0.0,47.0,0.0,0.0,0.0,0.0,27.0,0.0,0.0,0.0,0.0,0.0,0.0,0.0,0.0,0.0,0.0,0.0,0.0,0.0,0.0,0.0,0.0,0.0,0.0,0.0,0.0,0.0,0.0,0.0,0.0,0.0,0.0,0.0,0.0,0.0,0.0,0.0,0.0,0.0,0.0,0.0,0.0,0.0,0.0,0.0,0.0,0.0,0.0,0.0,0.0,0.0,0.0,0.0,0.0,0.0,0.0,0.0,0.0,0.0,0.0,0.0,0.0,0.0,0.0,0.0,0.0,0.0,0.0,0.0,0.0,0.0,0.0,0.0,0.0,0.0,0.0,0.0,0.0,0.0,0.0,0.0,0.0,0.0,0.0,0.0,0.0,0.0,0.0,0.0,0.0,0.0,0.0,0.0,0.0,0.0,0.0,0.0,0.0,0.0,0.0,0.0,0.0,0.0,0.0,0.0,0.0,0.0,0.0,0.0,0.0,0.0,0.0,0.0,0.0,0.0,0.0,0.0,0.0,0.0,0.0,0.0,0.0,0.0,0.0,0.0,0.0,0.0,0.0,0.0,0.0,0.0,0.0,0.0,0.0,0.0,0.0,0.0,0.0,0.0,0.0,0.0,0.0,0.0,0.0,0.0,0.0,0.0,0.0,0.0,0.0,0.0,0.0,0.0,0.0,0.0,0.0,0.0,0.0,0.0,0.0,0.0,0.0,0.0,0.0,0.0,0.0,0.0,0.0,0.0,0.0,0.0,0.0,0.0,0.0,0.0,0.0,0.0,0.0,0.0,0.0,800.0,0.0,84.0,0.0,0.0,12330.0,0.0,0.0,0.0,0.0,0.0,0.0,0.0,0.0,0.0,0.0,0.0,30630.0,0.0,0.0,0.0,0.0,0.0,0.0,0.0,0.0,0.0,0.0,0.0,0.0,0.0,0.0,6570.0,0.0,0.0,0.0,0.0,1710.0,0.0,0.0,0.0,0.0,0.0,0.0,0.0,0.0,0.0,0.0,0.0,0.0,0.0,0.0,0.0,0.0,0.0,25.0,0.0,68.0,25.0,0.0,0.0,0.0,0.0,0.0,0.0,0.0,408.0,320.0,0.0,0.0,0.0,150.0,0.0,0.0,0.0,0.0,0.0,0.0,0.0,0.0,0.0,0.0,0.0,0.0,0.0,0.0,0.0,4484.0,0.0,0.0,0.0,0.0,0.0,1050.0,0.0,0.0,0.0,4.0,0.0,0.0,2200.0,155.0,0.0,0.0,0.0,0.0,0.0,0.0,0.0,0.0,0.0,0.0,5.0,0.0,0.0,0.0,0.0,0.0,10320.0,0.0,0.0,280.0,0.0,71476.0,0.0,0.0,0.0,15434.0,49834.0,0.0,1000.0,0.0,0.0,0.0,0.0,0.0,1105.0,0.0,0.0,0.0,0.0,0.0,0.0,0.0,0.0,0.0,0.0,0.0,12991.0,0.0,0.0,0.0
2024-04-01,0.0,0.0,0.0,0.0,0.0,0.0,0.0,0.0,0.0,0.0,0.0,0.0,0.0,145.0,0.0,0.0,0.0,8380.0,0.0,0.0,0.0,0.0,0.0,0.0,0.0,0.0,0.0,90.0,0.0,0.0,0.0,0.0,600.0,0.0,0.0,690.0,7433.0,105.0,5462.0,0.0,0.0,0.0,0.0,0.0,0.0,0.0,0.0,0.0,50.0,7584.0,0.0,0.0,0.0,0.0,0.0,0.0,0.0,10904.0,75703.0,0.0,2820.0,0.0,0.0,1410.0,14762.0,0.0,33126.0,138883.0,0.0,31400.0,0.0,3.0,0.0,0.0,0.0,0.0,0.0,0.0,0.0,0.0,0.0,0.0,0.0,0.0,0.0,0.0,0.0,0.0,0.0,0.0,0.0,0.0,0.0,0.0,0.0,0.0,0.0,0.0,0.0,0.0,0.0,0.0,0.0,0.0,0.0,0.0,0.0,0.0,0.0,0.0,0.0,0.0,0.0,0.0,0.0,0.0,0.0,0.0,0.0,0.0,0.0,0.0,0.0,0.0,0.0,0.0,0.0,0.0,0.0,0.0,0.0,0.0,0.0,0.0,0.0,0.0,0.0,60.0,87.0,0.0,0.0,52.0,0.0,0.0,0.0,0.0,0.0,0.0,0.0,0.0,0.0,0.0,0.0,-124.0,0.0,47932.0,0.0,0.0,0.0,0.0,0.0,3656.0,6396.0,0.0,0.0,11.0,0.0,1077.0,250.0,0.0,0.0,0.0,0.0,40.0,6.0,0.0,107.0,2160.0,0.0,0.0,0.0,113.0,780.0,0.0,0.0,1962.0,2142.0,0.0,0.0,0.0,0.0,0.0,0.0,0.0,250.0,0.0,0.0,0.0,0.0,0.0,0.0,0.0,0.0,0.0,0.0,0.0,0.0,95.0,164.0,0.0,0.0,7.0,0.0,0.0,0.0,0.0,0.0,0.0,0.0,0.0,0.0,0.0,36.0,0.0,0.0,0.0,0.0,0.0,0.0,40.0,0.0,0.0,50.0,0.0,0.0,0.0,0.0,51.0,0.0,673.0,1400.0,0.0,324.0,290.0,140.0,0.0,509.0,574.0,0.0,0.0,0.0,0.0,0.0,0.0,15.0,110.0,0.0,307.0,1708.0,1110.0,0.0,1904.0,3542.0,0.0,0.0,0.0,15.0,0.0,0.0,0.0,301.0,0.0,0.0,0.0,0.0,0.0,0.0,0.0,0.0,0.0,0.0,0.0,12.0,0.0,62.0,0.0,126.0,31.0,0.0,0.0,0.0,0.0,0.0,0.0,0.0,0.0,0.0,0.0,0.0,0.0,0.0,0.0,0.0,0.0,0.0,0.0,0.0,0.0,0.0,0.0,0.0,0.0,0.0,0.0,0.0,0.0,0.0,0.0,0.0,0.0,0.0,0.0,0.0,0.0,0.0,0.0,0.0,0.0,0.0,0.0,0.0,0.0,0.0,0.0,0.0,0.0,0.0,0.0,0.0,0.0,0.0,0.0,0.0,0.0,0.0,0.0,0.0,0.0,0.0,0.0,0.0,0.0,0.0,0.0,0.0,0.0,0.0,0.0,0.0,0.0,0.0,0.0,0.0,0.0,0.0,0.0,0.0,0.0,0.0,0.0,0.0,0.0,0.0,0.0,0.0,0.0,0.0,0.0,0.0,0.0,0.0,0.0,0.0,0.0,0.0,0.0,0.0,0.0,0.0,0.0,0.0,0.0,0.0,0.0,0.0,0.0,0.0,0.0,0.0,0.0,0.0,0.0,0.0,0.0,0.0,0.0,0.0,0.0,0.0,0.0,0.0,0.0,0.0,0.0,0.0,0.0,0.0,0.0,0.0,0.0,0.0,0.0,0.0,0.0,0.0,0.0,0.0,0.0,0.0,0.0,0.0,0.0,0.0,0.0,0.0,0.0,0.0,0.0,0.0,0.0,0.0,0.0,0.0,0.0,0.0,0.0,0.0,0.0,0.0,0.0,0.0,0.0,0.0,0.0,0.0,0.0,0.0,0.0,0.0,0.0,0.0,0.0,0.0,0.0,12.0,8500.0,0.0,21754.0,0.0,0.0,0.0,0.0,0.0,0.0,0.0,0.0,0.0,0.0,0.0,62220.0,0.0,0.0,0.0,0.0,0.0,0.0,0.0,165.0,0.0,0.0,0.0,0.0,0.0,0.0,1150.0,0.0,0.0,90.0,0.0,0.0,0.0,0.0,0.0,0.0,0.0,0.0,0.0,0.0,0.0,0.0,0.0,0.0,0.0,7854.0,0.0,0.0,0.0,29.0,0.0,0.0,0.0,0.0,0.0,0.0,0.0,0.0,0.0,0.0,0.0,440.0,0.0,0.0,0.0,510.0,0.0,0.0,0.0,0.0,0.0,0.0,0.0,0.0,0.0,0.0,0.0,0.0,0.0,0.0,0.0,3080.0,0.0,0.0,2800.0,0.0,0.0,0.0,0.0,0.0,30.0,52.0,0.0,0.0,0.0,0.0,0.0,0.0,0.0,0.0,0.0,0.0,0.0,0.0,70.0,0.0,15.0,0.0,0.0,0.0,0.0,0.0,11126.0,0.0,0.0,0.0,0.0,68649.0,0.0,0.0,0.0,11341.0,85457.0,0.0,1000.0,0.0,0.0,120.0,456.0,0.0,150.0,0.0,0.0,0.0,0.0,1020.0,0.0,0.0,0.0,0.0,-2200.0,0.0,4580.0,0.0,0.0,0.0
2024-05-01,0.0,0.0,0.0,0.0,0.0,0.0,0.0,0.0,0.0,0.0,0.0,0.0,0.0,750.0,0.0,0.0,125.0,4382.0,0.0,0.0,0.0,0.0,0.0,0.0,0.0,0.0,0.0,240.0,0.0,0.0,0.0,0.0,0.0,0.0,0.0,0.0,686.0,0.0,3422.0,0.0,0.0,0.0,0.0,0.0,0.0,0.0,0.0,0.0,170.0,8318.0,0.0,0.0,0.0,0.0,0.0,0.0,0.0,14256.0,64292.0,0.0,7880.0,0.0,0.0,348.0,17945.0,0.0,28092.0,157637.0,0.0,23496.0,80.0,144.0,0.0,0.0,0.0,0.0,0.0,0.0,0.0,0.0,0.0,0.0,0.0,0.0,0.0,0.0,0.0,0.0,0.0,0.0,0.0,0.0,0.0,0.0,0.0,0.0,0.0,0.0,0.0,0.0,0.0,0.0,0.0,0.0,0.0,0.0,0.0,0.0,0.0,0.0,0.0,0.0,0.0,0.0,0.0,0.0,0.0,0.0,0.0,0.0,0.0,0.0,0.0,0.0,0.0,0.0,0.0,0.0,0.0,0.0,0.0,0.0,0.0,0.0,0.0,0.0,0.0,0.0,0.0,0.0,0.0,0.0,0.0,0.0,0.0,0.0,0.0,0.0,0.0,0.0,0.0,0.0,0.0,27984.0,0.0,97352.0,0.0,0.0,3396.0,0.0,0.0,10194.0,0.0,0.0,0.0,19.0,0.0,6266.5,150.0,0.0,0.0,0.0,0.0,30.0,18.0,0.0,0.5,410.0,0.0,0.0,0.0,28.0,0.0,0.0,0.0,560.5,713.0,0.0,0.0,0.0,80.5,0.0,0.0,0.0,102.0,0.0,0.0,0.0,0.0,0.0,0.0,0.0,0.0,0.0,0.0,0.0,0.0,38.0,10.0,0.0,0.0,16.0,0.0,0.0,0.0,0.0,0.0,0.0,0.0,3.0,0.0,0.0,23.0,0.0,0.0,0.0,0.0,0.0,0.0,0.0,40.0,0.0,101.0,10.0,0.0,0.0,12.0,18.0,0.0,1502.0,3636.0,0.0,116.0,0.0,126.0,0.0,101.0,860.0,0.0,0.0,0.0,0.0,0.0,0.0,6.0,10.0,0.0,440.0,43.0,800.0,0.0,2320.0,4273.0,0.0,0.0,0.0,9.0,0.0,0.0,0.0,84.0,0.0,0.0,0.0,0.0,0.0,0.0,0.0,0.0,0.0,0.0,0.0,0.0,0.0,14.0,0.0,4.0,0.0,0.0,0.0,0.0,0.0,0.0,0.0,0.0,0.0,0.0,0.0,0.0,0.0,0.0,0.0,0.0,0.0,0.0,0.0,0.0,0.0,0.0,0.0,0.0,0.0,0.0,0.0,0.0,0.0,0.0,0.0,0.0,0.0,0.0,0.0,0.0,0.0,0.0,0.0,0.0,0.0,0.0,0.0,0.0,0.0,0.0,0.0,0.0,0.0,0.0,0.0,0.0,0.0,0.0,0.0,0.0,0.0,0.0,0.0,0.0,0.0,0.0,0.0,0.0,0.0,0.0,0.0,0.0,0.0,0.0,0.0,0.0,0.0,0.0,0.0,0.0,0.0,0.0,0.0,0.0,0.0,0.0,0.0,0.0,0.0,0.0,0.0,0.0,0.0,0.0,0.0,0.0,0.0,0.0,0.0,0.0,0.0,0.0,0.0,0.0,0.0,0.0,0.0,0.0,0.0,0.0,0.0,0.0,0.0,0.0,0.0,0.0,0.0,0.0,0.0,0.0,0.0,0.0,0.0,0.0,0.0,0.0,0.0,0.0,0.0,0.0,0.0,0.0,0.0,0.0,0.0,0.0,0.0,0.0,0.0,0.0,0.0,0.0,0.0,0.0,0.0,0.0,0.0,0.0,0.0,0.0,0.0,0.0,0.0,0.0,0.0,0.0,0.0,0.0,0.0,0.0,0.0,0.0,0.0,0.0,0.0,0.0,0.0,0.0,0.0,0.0,0.0,0.0,0.0,0.0,0.0,0.0,0.0,0.0,0.0,0.0,0.0,6.0,280.0,0.0,4615.0,0.0,0.0,0.0,0.0,0.0,0.0,0.0,0.0,0.0,0.0,0.0,39038.0,0.0,0.0,0.0,0.0,0.0,0.0,0.0,0.0,9000.0,0.0,0.0,0.0,0.0,0.0,340.0,0.0,0.0,0.0,0.0,660.0,0.0,0.0,0.0,0.0,0.0,0.0,0.0,0.0,389.0,0.0,0.0,0.0,0.0,2128.0,0.0,0.0,0.0,165.0,0.0,134.0,0.0,0.0,2026.0,0.0,0.0,0.0,0.0,0.0,60.0,1051.0,0.0,0.0,0.0,470.0,0.0,0.0,0.0,0.0,0.0,0.0,0.0,0.0,0.0,0.0,0.0,0.0,0.0,0.0,0.0,0.0,0.0,0.0,350.0,0.0,0.0,0.0,0.0,1775.0,5424.0,198.2,0.0,0.0,0.0,17.0,9.0,110.0,0.0,0.0,0.0,0.0,0.0,0.0,0.0,0.0,5.0,0.0,0.0,0.0,0.0,57.0,0.0,0.0,0.0,300.0,1800.0,45893.0,0.0,0.0,0.0,8310.0,92595.0,0.0,1000.0,0.0,0.0,0.0,9831.0,0.0,1310.0,0.0,0.0,0.0,0.0,2040.0,0.0,0.0,0.0,0.0,0.0,0.0,1564.0,0.0,0.0,0.0
2024-06-01,0.0,0.0,0.0,0.0,0.0,0.0,0.0,0.0,0.0,0.0,0.0,0.0,0.0,0.0,0.0,0.0,60.0,2102.0,0.0,0.0,0.0,0.0,0.0,0.0,0.0,0.0,0.0,80.0,0.0,0.0,0.0,0.0,0.0,0.0,0.0,150.0,803.0,59.0,2628.0,0.0,0.0,0.0,0.0,0.0,0.0,0.0,0.0,0.0,380.0,7060.0,0.0,0.0,0.0,0.0,0.0,0.0,0.0,7754.0,66077.0,0.0,-2395.0,0.0,0.0,1260.0,12836.0,0.0,27607.0,126454.0,385.0,10636.0,0.0,101.0,0.0,0.0,0.0,0.0,0.0,0.0,0.0,0.0,0.0,0.0,0.0,0.0,0.0,0.0,0.0,0.0,0.0,0.0,0.0,0.0,0.0,0.0,0.0,0.0,0.0,0.0,0.0,0.0,0.0,0.0,0.0,0.0,0.0,0.0,0.0,0.0,0.0,0.0,0.0,0.0,0.0,0.0,0.0,0.0,0.0,0.0,0.0,0.0,0.0,0.0,0.0,0.0,0.0,0.0,0.0,0.0,0.0,0.0,0.0,0.0,0.0,0.0,0.0,0.0,0.0,0.0,0.0,0.0,0.0,0.0,0.0,0.0,0.0,0.0,0.0,0.0,0.0,0.0,0.0,0.0,0.0,8904.0,0.0,75412.0,0.0,0.0,6792.0,0.0,0.0,22584.0,0.0,0.0,0.0,101.0,0.0,1088.0,0.0,0.0,0.0,0.0,0.0,0.0,17.0,0.0,2.0,1704.0,0.0,0.0,0.0,214.0,0.0,0.0,0.0,521.0,664.0,0.0,0.0,0.0,1.0,0.0,0.0,0.0,100.0,0.0,0.0,100.0,0.0,0.0,0.0,0.0,0.0,0.0,100.0,0.0,0.0,125.0,32.0,0.0,0.0,8.0,0.0,0.0,0.0,0.0,0.0,0.0,0.0,2.0,0.0,0.0,18.0,0.0,0.0,0.0,0.0,0.0,0.0,0.0,0.0,0.0,121.0,4.0,0.0,100.0,49.0,3.0,0.0,648.0,32.0,0.0,4.0,300.0,200.0,0.0,294.0,60.0,0.0,0.0,0.0,0.0,0.0,0.0,0.0,90.0,0.0,466.0,2091.0,300.0,0.0,4510.0,1791.0,480.0,0.0,0.0,0.0,0.0,52.0,0.0,279.0,0.0,0.0,0.0,0.0,0.0,0.0,0.0,0.0,1.0,0.0,0.0,40.0,0.0,42.0,0.0,0.0,0.0,0.0,0.0,0.0,0.0,0.0,0.0,0.0,0.0,0.0,0.0,0.0,0.0,0.0,0.0,0.0,0.0,0.0,0.0,0.0,0.0,0.0,0.0,0.0,0.0,0.0,0.0,0.0,0.0,0.0,0.0,0.0,0.0,0.0,0.0,0.0,0.0,0.0,0.0,0.0,0.0,0.0,0.0,0.0,0.0,0.0,0.0,0.0,0.0,0.0,0.0,0.0,0.0,0.0,0.0,0.0,0.0,0.0,0.0,0.0,0.0,0.0,0.0,0.0,0.0,0.0,0.0,0.0,0.0,0.0,0.0,0.0,0.0,0.0,0.0,0.0,0.0,0.0,0.0,0.0,0.0,0.0,0.0,0.0,0.0,0.0,0.0,0.0,0.0,0.0,0.0,0.0,0.0,0.0,0.0,0.0,0.0,0.0,0.0,0.0,0.0,0.0,0.0,0.0,0.0,0.0,0.0,0.0,0.0,0.0,0.0,0.0,0.0,0.0,0.0,0.0,0.0,0.0,0.0,0.0,0.0,0.0,0.0,0.0,0.0,0.0,0.0,0.0,0.0,0.0,0.0,0.0,0.0,0.0,0.0,0.0,0.0,0.0,0.0,0.0,0.0,0.0,0.0,0.0,0.0,0.0,0.0,0.0,0.0,0.0,0.0,0.0,0.0,0.0,0.0,0.0,0.0,0.0,0.0,0.0,0.0,0.0,0.0,0.0,0.0,0.0,0.0,0.0,0.0,0.0,0.0,0.0,0.0,0.0,0.0,0.0,0.0,114.0,0.0,0.0,1600.0,0.0,0.0,0.0,0.0,0.0,0.0,0.0,0.0,0.0,0.0,0.0,47685.0,200.0,0.0,0.0,0.0,0.0,0.0,0.0,0.0,1230.0,0.0,0.0,0.0,0.0,0.0,250.0,0.0,0.0,0.0,0.0,150.0,0.0,0.0,0.0,150.0,0.0,0.0,0.0,0.0,0.0,0.0,0.0,0.0,0.0,0.0,0.0,0.0,0.0,51.0,50.0,165.0,0.0,0.0,3045.0,190.0,0.0,0.0,0.0,0.0,0.0,455.0,0.0,0.0,0.0,174.0,0.0,0.0,0.0,0.0,0.0,0.0,0.0,0.0,0.0,0.0,0.0,0.0,0.0,0.0,0.0,257.0,0.0,0.0,-240.0,0.0,0.0,0.0,0.0,0.0,6876.0,97.0,1700.0,0.0,0.0,0.0,0.0,64.0,0.0,0.0,115.0,0.0,0.0,0.0,4.0,0.0,0.0,0.0,0.0,0.0,2.0,21.0,0.0,0.0,0.0,570.0,0.0,5874.0,0.0,0.0,50.0,5922.0,80482.0,0.0,751.0,0.0,0.0,340.0,4491.0,0.0,8912.0,0.0,0.0,0.0,0.0,290.0,0.0,0.0,0.0,0.0,2200.0,0.0,9544.0,0.0,0.0,0.0
2024-07-01,0.0,0.0,0.0,0.0,0.0,0.0,0.0,0.0,0.0,0.0,0.0,0.0,0.0,150.0,0.0,0.0,330.0,44.0,0.0,0.0,0.0,0.0,0.0,0.0,0.0,0.0,0.0,330.0,0.0,0.0,0.0,0.0,80.0,0.0,0.0,0.0,30.0,0.0,2271.0,0.0,0.0,0.0,0.0,0.0,0.0,0.0,0.0,0.0,200.0,8224.0,0.0,0.0,0.0,0.0,0.0,0.0,0.0,10281.0,76351.0,0.0,204.0,0.0,0.0,100.0,17342.0,0.0,25648.0,142021.0,2640.0,8907.0,0.0,3.0,0.0,0.0,0.0,0.0,0.0,0.0,0.0,0.0,0.0,0.0,0.0,0.0,0.0,0.0,0.0,0.0,0.0,0.0,0.0,0.0,0.0,0.0,0.0,0.0,0.0,0.0,0.0,0.0,0.0,0.0,0.0,0.0,0.0,0.0,0.0,0.0,0.0,0.0,0.0,0.0,0.0,0.0,0.0,0.0,0.0,0.0,0.0,0.0,0.0,0.0,0.0,0.0,0.0,0.0,0.0,0.0,0.0,0.0,0.0,0.0,0.0,0.0,0.0,0.0,0.0,0.0,0.0,0.0,0.0,0.0,0.0,0.0,0.0,0.0,0.0,0.0,0.0,0.0,0.0,0.0,0.0,0.0,0.0,129271.0,8500.0,0.0,4928.0,0.0,0.0,18924.0,8500.0,0.0,0.0,45.0,0.0,5334.0,142.0,0.0,0.0,0.0,0.0,0.0,64.0,0.0,64.0,2152.0,0.0,0.0,0.0,32.0,0.0,0.0,0.0,993.0,934.0,0.0,0.0,0.0,0.0,0.0,0.0,0.0,101.0,0.0,0.0,0.0,0.0,0.0,0.0,0.0,0.0,0.0,0.0,0.0,0.0,194.0,77.0,0.0,0.0,0.0,0.0,0.0,0.0,0.0,0.0,48.0,61.5,0.0,11.0,0.0,54.0,0.0,0.0,0.0,0.0,0.0,0.0,8.0,0.0,0.0,102.0,243.0,0.0,600.0,4.0,1.0,0.0,520.0,2095.0,0.0,3.0,0.0,0.0,0.0,268.0,600.0,0.0,0.0,0.0,2.0,0.0,0.0,14.0,104.0,0.0,407.0,2105.0,104.0,0.0,743.0,3604.0,0.0,0.0,0.0,156.0,0.0,0.0,0.0,395.0,100.0,0.0,0.0,0.0,0.0,0.0,0.0,0.0,0.0,0.0,0.0,120.0,0.0,8.0,0.0,0.0,66.0,0.0,6.0,0.0,0.0,0.0,0.0,0.0,0.0,0.0,0.0,0.0,0.0,0.0,0.0,0.0,0.0,0.0,0.0,0.0,0.0,0.0,0.0,0.0,0.0,0.0,0.0,0.0,0.0,0.0,0.0,0.0,0.0,0.0,0.0,0.0,0.0,0.0,0.0,0.0,0.0,0.0,0.0,0.0,0.0,0.0,0.0,0.0,0.0,0.0,0.0,0.0,0.0,0.0,0.0,0.0,0.0,0.0,0.0,0.0,0.0,0.0,0.0,0.0,0.0,0.0,0.0,0.0,0.0,0.0,0.0,0.0,0.0,0.0,0.0,0.0,0.0,0.0,0.0,0.0,0.0,0.0,0.0,0.0,0.0,0.0,0.0,0.0,0.0,0.0,0.0,0.0,0.0,0.0,0.0,0.0,0.0,0.0,0.0,0.0,0.0,0.0,0.0,0.0,0.0,0.0,0.0,0.0,0.0,0.0,0.0,0.0,0.0,0.0,0.0,0.0,0.0,0.0,0.0,0.0,0.0,0.0,0.0,0.0,0.0,0.0,0.0,0.0,0.0,0.0,0.0,0.0,0.0,0.0,0.0,0.0,0.0,0.0,0.0,200.0,0.0,0.0,0.0,0.0,0.0,0.0,0.0,0.0,0.0,0.0,0.0,0.0,0.0,0.0,0.0,0.0,0.0,0.0,0.0,0.0,0.0,0.0,0.0,0.0,0.0,0.0,0.0,0.0,0.0,0.0,0.0,0.0,0.0,0.0,0.0,0.0,0.0,884.0,0.0,0.0,1627.0,0.0,0.0,0.0,0.0,0.0,0.0,0.0,0.0,0.0,0.0,0.0,64736.0,1372.0,0.0,0.0,0.0,0.0,0.0,15.0,0.0,1800.0,0.0,0.0,0.0,0.0,0.0,8250.0,0.0,0.0,0.0,0.0,80.0,0.0,0.0,0.0,30.0,0.0,0.0,0.0,0.0,0.0,0.0,0.0,0.0,0.0,0.0,0.0,0.0,0.0,100.0,0.0,306.0,0.0,0.0,5000.0,0.0,0.0,0.0,0.0,0.0,0.0,0.0,0.0,0.0,0.0,0.0,0.0,0.0,0.0,0.0,0.0,0.0,0.0,0.0,0.0,0.0,0.0,0.0,0.0,0.0,0.0,0.0,0.0,0.0,0.0,0.0,0.0,0.0,0.0,0.0,1515.0,61.0,3000.0,0.0,0.0,435.0,0.0,104.0,0.0,0.0,0.0,0.0,0.0,0.0,0.0,0.0,13.0,0.0,0.0,0.0,0.0,100.0,0.0,0.0,0.0,120.0,0.0,10454.0,0.0,0.0,0.0,6362.0,82889.0,0.0,0.0,0.0,0.0,840.0,7850.0,0.0,5328.0,0.0,0.0,0.0,350.0,0.0,0.0,0.0,0.0,0.0,0.0,0.0,31067.0,0.0,0.0,0.0
2024-08-01,0.0,0.0,0.0,0.0,0.0,0.0,0.0,0.0,210.0,0.0,0.0,0.0,0.0,135.0,0.0,0.0,1500.0,0.0,0.0,0.0,0.0,0.0,0.0,0.0,0.0,0.0,0.0,0.0,0.0,0.0,0.0,0.0,220.0,0.0,0.0,0.0,0.0,0.0,2074.0,0.0,0.0,0.0,0.0,0.0,0.0,0.0,0.0,0.0,150.0,10356.0,0.0,0.0,0.0,0.0,0.0,0.0,0.0,19170.0,81065.0,0.0,1198.0,0.0,0.0,190.0,17808.0,0.0,27345.0,148981.0,150.0,5618.0,0.0,0.0,0.0,0.0,0.0,0.0,0.0,0.0,0.0,0.0,0.0,0.0,0.0,0.0,0.0,0.0,0.0,0.0,0.0,0.0,0.0,0.0,0.0,0.0,0.0,0.0,0.0,0.0,0.0,0.0,0.0,0.0,0.0,0.0,0.0,0.0,0.0,0.0,0.0,0.0,0.0,0.0,0.0,0.0,0.0,0.0,0.0,0.0,0.0,0.0,0.0,0.0,0.0,0.0,0.0,0.0,0.0,0.0,0.0,0.0,0.0,0.0,0.0,0.0,0.0,0.0,0.0,0.0,0.0,0.0,0.0,0.0,0.0,0.0,0.0,0.0,0.0,0.0,0.0,0.0,0.0,0.0,0.0,1000.0,0.0,37374.0,0.0,0.0,1132.0,0.0,0.0,9883.0,4650.0,0.0,0.0,25.0,0.0,921.0,305.0,0.0,0.0,0.0,0.0,0.0,55.0,0.0,130.0,3136.0,0.0,0.0,0.0,397.0,0.0,0.0,0.0,3045.0,1464.0,0.0,0.0,0.0,220.0,0.0,0.0,0.0,100.0,0.0,0.0,0.0,0.0,0.0,0.0,0.0,0.0,0.0,0.0,0.0,0.0,222.0,4.0,0.0,0.0,13.0,0.0,0.0,0.0,0.0,0.0,0.0,0.0,0.0,10.0,0.0,0.0,0.0,0.0,0.0,0.0,0.0,0.0,0.0,0.0,0.0,337.0,55.0,0.0,211.0,0.0,0.0,0.0,663.0,280.0,0.0,129.0,0.0,476.0,0.0,1331.0,540.0,0.0,0.0,0.0,0.0,0.0,0.0,10.0,445.0,0.0,2903.0,2240.0,200.0,0.0,2386.0,6284.0,0.0,0.0,0.0,182.0,0.0,0.0,0.0,217.0,0.0,0.0,0.0,0.0,0.0,0.0,0.0,0.0,0.0,0.0,0.0,2.0,0.0,13.0,0.0,0.0,16.0,0.0,0.0,1.0,0.0,0.0,0.0,0.0,0.0,0.0,0.0,0.0,0.0,1.0,0.0,0.0,0.0,0.0,0.0,0.0,0.0,1.0,0.0,0.0,1.0,0.0,0.0,0.0,0.0,0.0,0.0,0.0,0.0,0.0,0.0,0.0,0.0,0.0,0.0,0.0,0.0,0.0,1.0,0.0,0.0,0.0,1.0,0.0,0.0,0.0,0.0,0.0,0.0,0.0,0.0,0.0,0.0,0.0,0.0,0.0,0.0,0.0,0.0,0.0,0.0,0.0,0.0,0.0,0.0,0.0,1.0,0.0,0.0,0.0,0.0,0.0,0.0,0.0,0.0,1.0,0.0,0.0,0.0,0.0,0.0,0.0,0.0,0.0,0.0,0.0,0.0,0.0,0.0,0.0,0.0,1.0,0.0,0.0,0.0,0.0,0.0,0.0,0.0,0.0,0.0,1.0,0.0,0.0,0.0,0.0,0.0,0.0,0.0,0.0,0.0,0.0,0.0,0.0,0.0,0.0,0.0,0.0,0.0,0.0,0.0,0.0,0.0,0.0,0.0,1.0,0.0,0.0,0.0,0.0,0.0,0.0,0.0,0.0,0.0,0.0,0.0,0.0,0.0,0.0,0.0,0.0,0.0,0.0,0.0,0.0,0.0,0.0,0.0,0.0,0.0,0.0,0.0,0.0,0.0,0.0,0.0,0.0,0.0,0.0,0.0,0.0,0.0,0.0,0.0,0.0,0.0,0.0,0.0,0.0,0.0,660.0,0.0,342.0,67.0,0.0,6585.0,0.0,0.0,0.0,0.0,0.0,0.0,0.0,0.0,0.0,0.0,0.0,60550.0,5456.0,0.0,0.0,0.0,0.0,0.0,5945.0,1025.0,0.0,0.0,0.0,0.0,0.0,0.0,0.0,0.0,0.0,5.0,0.0,1750.0,0.0,0.0,0.0,0.0,0.0,0.0,0.0,0.0,0.0,0.0,0.0,0.0,0.0,0.0,0.0,0.0,0.0,0.0,0.0,191.0,8.0,0.0,0.0,30.0,0.0,0.0,0.0,0.0,0.0,17.0,0.0,0.0,0.0,0.0,0.0,0.0,0.0,0.0,0.0,0.0,0.0,0.0,0.0,0.0,0.0,0.0,0.0,0.0,0.0,30.0,0.0,0.0,80.0,5316.0,0.0,0.0,225.0,97.0,3181.0,8.0,0.0,0.0,0.0,350.0,0.0,113.0,0.0,0.0,0.0,0.0,0.0,0.0,0.0,0.0,0.0,0.0,0.0,0.0,0.0,100.0,0.0,0.0,0.0,0.0,0.0,4975.0,0.0,0.0,0.0,7159.0,82555.0,0.0,0.0,0.0,0.0,445.0,5288.0,155.0,2031.0,0.0,0.0,200.0,0.0,0.0,0.0,0.0,0.0,0.0,0.0,30.0,19587.0,0.0,0.0,0.0
2024-09-01,0.0,0.0,0.0,0.0,0.0,0.0,0.0,0.0,0.0,0.0,0.0,0.0,0.0,0.0,0.0,0.0,100.0,0.0,0.0,0.0,0.0,0.0,0.0,0.0,0.0,0.0,0.0,0.0,0.0,0.0,0.0,0.0,0.0,0.0,0.0,0.0,0.0,0.0,464.0,0.0,0.0,0.0,0.0,0.0,0.0,0.0,0.0,0.0,414.0,9815.0,0.0,0.0,0.0,0.0,0.0,0.0,0.0,17003.0,92297.0,0.0,6186.0,0.0,0.0,999.0,17380.0,0.0,26029.0,142014.0,550.0,682.0,0.0,155.0,0.0,0.0,0.0,0.0,0.0,0.0,0.0,0.0,0.0,0.0,0.0,0.0,0.0,0.0,0.0,0.0,0.0,0.0,0.0,0.0,0.0,0.0,0.0,0.0,0.0,0.0,0.0,0.0,0.0,0.0,0.0,0.0,0.0,0.0,0.0,0.0,0.0,0.0,0.0,0.0,0.0,0.0,0.0,0.0,0.0,0.0,0.0,0.0,0.0,0.0,0.0,0.0,0.0,0.0,0.0,0.0,0.0,0.0,0.0,0.0,0.0,0.0,0.0,0.0,0.0,0.0,0.0,0.0,0.0,0.0,0.0,0.0,0.0,0.0,0.0,0.0,0.0,0.0,0.0,0.0,0.0,0.0,0.0,11320.0,0.0,0.0,0.0,0.0,0.0,0.0,0.0,0.0,0.0,36.0,0.0,2669.0,260.0,0.0,0.0,0.0,0.0,0.0,3.0,0.0,1041.0,1726.0,0.0,0.0,0.0,14.0,1461.0,0.0,0.0,2745.0,806.0,0.0,0.0,0.0,1.0,0.0,0.0,403.0,1.0,0.0,0.0,2.0,0.0,0.0,0.0,0.0,0.0,0.0,0.0,0.0,0.0,77.0,100.0,0.0,0.0,0.0,0.0,0.0,0.0,0.0,0.0,0.0,0.0,0.0,0.0,0.0,0.0,0.0,0.0,0.0,0.0,0.0,0.0,0.0,0.0,0.0,171.0,23.0,0.0,14.0,0.0,0.0,0.0,480.0,6.0,0.0,10.0,465.0,0.0,0.0,360.0,200.0,0.0,0.0,0.0,1.0,0.0,0.0,6.0,6.0,0.0,2071.0,1350.0,0.0,0.0,1807.0,3301.0,0.0,0.0,0.0,139.0,0.0,0.0,0.0,143.0,0.0,0.0,0.0,0.0,0.0,0.0,0.0,0.0,0.0,0.0,0.0,3.0,0.0,8.0,0.0,0.0,23.0,0.0,0.0,0.0,0.0,0.0,0.0,0.0,0.0,0.0,0.0,0.0,0.0,0.0,0.0,0.0,0.0,0.0,0.0,0.0,0.0,0.0,0.0,0.0,0.0,0.0,0.0,0.0,0.0,0.0,0.0,0.0,0.0,0.0,0.0,0.0,0.0,0.0,0.0,0.0,0.0,0.0,0.0,0.0,0.0,0.0,0.0,0.0,0.0,0.0,0.0,0.0,0.0,0.0,0.0,0.0,0.0,0.0,0.0,0.0,0.0,0.0,0.0,0.0,0.0,0.0,0.0,0.0,0.0,0.0,0.0,0.0,0.0,0.0,0.0,0.0,0.0,0.0,0.0,0.0,0.0,0.0,0.0,0.0,0.0,0.0,0.0,0.0,0.0,0.0,0.0,0.0,0.0,0.0,0.0,0.0,0.0,0.0,0.0,0.0,0.0,0.0,0.0,0.0,0.0,0.0,0.0,0.0,0.0,0.0,0.0,0.0,0.0,0.0,0.0,0.0,0.0,0.0,0.0,0.0,0.0,0.0,0.0,0.0,0.0,0.0,0.0,0.0,0.0,0.0,0.0,0.0,0.0,0.0,0.0,0.0,0.0,0.0,0.0,0.0,0.0,0.0,0.0,0.0,0.0,0.0,0.0,0.0,0.0,0.0,0.0,0.0,0.0,0.0,0.0,0.0,0.0,0.0,0.0,0.0,0.0,0.0,18.0,0.0,0.0,0.0,94.0,0.0,0.0,0.0,0.0,0.0,0.0,0.0,0.0,300.0,12.0,60.0,3200.0,0.0,3743.0,0.0,0.0,0.0,0.0,0.0,0.0,0.0,0.0,0.0,0.0,0.0,22912.0,8644.0,0.0,0.0,0.0,0.0,0.0,0.0,0.0,895.0,0.0,0.0,0.0,0.0,0.0,427.0,0.0,0.0,0.0,0.0,2362.0,0.0,0.0,0.0,0.0,0.0,0.0,0.0,0.0,0.0,0.0,0.0,0.0,0.0,0.0,0.0,0.0,0.0,368.0,0.0,246.0,82.0,0.0,0.0,0.0,0.0,0.0,0.0,0.0,0.0,0.0,0.0,12.0,0.0,0.0,0.0,0.0,0.0,0.0,0.0,0.0,0.0,0.0,0.0,0.0,0.0,0.0,0.0,0.0,0.0,200.0,0.0,0.0,4150.0,0.0,0.0,0.0,0.0,0.0,0.0,12.0,2810.0,0.0,0.0,100.0,0.0,33.0,0.0,0.0,0.0,0.0,0.0,0.0,0.0,0.0,12.0,0.0,0.0,14.0,0.0,0.0,0.0,0.0,0.0,0.0,0.0,5932.0,0.0,0.0,0.0,7578.0,80409.0,0.0,0.0,0.0,0.0,0.0,6986.0,100.0,1110.0,0.0,0.0,0.0,0.0,0.0,0.0,3024.0,0.0,0.0,0.0,0.0,17753.0,0.0,0.0,0.0
2024-10-01,0.0,0.0,0.0,0.0,0.0,0.0,0.0,0.0,0.0,0.0,0.0,0.0,0.0,0.0,0.0,0.0,1500.0,0.0,0.0,0.0,0.0,0.0,0.0,0.0,0.0,0.0,0.0,270.0,0.0,0.0,0.0,0.0,0.0,0.0,0.0,0.0,0.0,0.0,792.0,0.0,0.0,0.0,0.0,0.0,0.0,0.0,0.0,0.0,400.0,7644.0,0.0,0.0,0.0,0.0,0.0,0.0,0.0,12193.0,78990.0,0.0,4991.0,0.0,0.0,20.0,19836.0,0.0,32522.0,162585.0,190.0,4358.0,0.0,400.0,0.0,0.0,0.0,0.0,0.0,0.0,0.0,0.0,0.0,0.0,0.0,0.0,0.0,0.0,0.0,0.0,0.0,0.0,0.0,0.0,0.0,0.0,0.0,0.0,0.0,0.0,0.0,0.0,0.0,0.0,0.0,0.0,0.0,0.0,0.0,0.0,0.0,0.0,0.0,0.0,0.0,0.0,0.0,0.0,0.0,0.0,0.0,0.0,0.0,0.0,0.0,0.0,0.0,0.0,0.0,0.0,0.0,0.0,0.0,0.0,0.0,0.0,0.0,0.0,0.0,0.0,0.0,0.0,0.0,0.0,0.0,0.0,0.0,0.0,0.0,0.0,0.0,0.0,0.0,0.0,0.0,600.0,0.0,47544.0,0.0,0.0,0.0,0.0,0.0,42.0,2400.0,0.0,0.0,7.0,0.0,500.0,309.0,0.0,0.0,0.0,0.0,30.0,159.0,0.0,22.0,562.0,0.0,0.0,0.0,42.0,0.0,0.0,0.0,1287.0,1076.0,0.0,0.0,0.0,430.0,0.0,0.0,0.0,285.0,0.0,0.0,9.0,9.0,0.0,0.0,0.0,0.0,9.0,20.0,0.0,0.0,266.0,0.0,0.0,0.0,11.0,0.0,0.0,0.0,0.0,0.0,0.0,0.0,0.0,3.0,0.0,3.0,0.0,0.0,0.0,0.0,0.0,0.0,0.0,0.0,0.0,490.0,0.0,0.0,1.0,75.0,0.0,0.0,905.0,343.0,0.0,511.0,103.0,0.0,0.0,795.0,1710.0,0.0,0.0,0.0,29.0,0.0,0.0,0.0,166.0,0.0,1215.0,551.0,0.0,0.0,2958.0,6848.0,10.0,20.0,0.0,39.0,0.0,0.0,0.0,230.0,0.0,0.0,0.0,0.0,0.0,0.0,0.0,0.0,0.0,0.0,0.0,60.0,0.0,9.0,0.0,0.0,68.0,0.0,0.0,0.0,0.0,0.0,0.0,0.0,0.0,0.0,0.0,0.0,0.0,0.0,0.0,0.0,0.0,0.0,0.0,0.0,0.0,0.0,0.0,0.0,0.0,0.0,0.0,0.0,0.0,0.0,0.0,0.0,0.0,0.0,0.0,0.0,0.0,0.0,0.0,0.0,0.0,0.0,0.0,0.0,0.0,0.0,0.0,0.0,0.0,0.0,0.0,0.0,0.0,0.0,0.0,0.0,0.0,0.0,0.0,0.0,0.0,0.0,0.0,0.0,0.0,0.0,0.0,0.0,0.0,0.0,0.0,0.0,0.0,0.0,0.0,0.0,0.0,0.0,0.0,0.0,0.0,0.0,0.0,0.0,0.0,0.0,0.0,0.0,0.0,0.0,0.0,0.0,0.0,0.0,0.0,0.0,0.0,0.0,0.0,0.0,0.0,0.0,0.0,0.0,0.0,0.0,0.0,0.0,0.0,0.0,0.0,0.0,0.0,0.0,0.0,0.0,0.0,0.0,0.0,0.0,0.0,0.0,0.0,0.0,0.0,0.0,0.0,0.0,0.0,0.0,0.0,0.0,0.0,0.0,0.0,0.0,0.0,0.0,0.0,0.0,0.0,0.0,0.0,0.0,0.0,0.0,0.0,0.0,0.0,0.0,0.0,0.0,0.0,0.0,0.0,0.0,0.0,0.0,0.0,0.0,0.0,0.0,0.0,0.0,0.0,0.0,0.0,0.0,0.0,0.0,0.0,0.0,0.0,0.0,0.0,400.0,0.0,420.0,550.0,0.0,7710.0,0.0,0.0,0.0,0.0,0.0,0.0,0.0,0.0,0.0,0.0,0.0,18328.0,2000.0,0.0,0.0,0.0,0.0,0.0,0.0,-188.0,7303.0,0.0,0.0,0.0,0.0,0.0,1795.0,0.0,0.0,15.0,0.0,5535.0,0.0,0.0,0.0,0.0,0.0,0.0,0.0,0.0,0.0,0.0,0.0,0.0,0.0,0.0,0.0,500.0,0.0,125.0,0.0,229.0,30.0,0.0,0.0,12.0,0.0,0.0,0.0,0.0,0.0,217.0,0.0,122.0,0.0,0.0,0.0,60.0,0.0,0.0,0.0,0.0,0.0,0.0,0.0,0.0,0.0,0.0,0.0,0.0,0.0,200.0,885.0,0.0,301.0,0.0,0.0,0.0,0.0,0.0,645.0,53.0,0.0,0.0,0.0,100.0,325.0,0.0,0.0,0.0,0.0,0.0,0.0,0.0,0.0,0.0,0.0,0.0,0.0,0.0,6.0,4.0,0.0,0.0,0.0,3810.0,0.0,7448.0,0.0,0.0,0.0,6525.0,92394.0,0.0,1200.0,0.0,0.0,80.0,15577.0,0.0,2829.0,0.0,0.0,0.0,0.0,1960.0,900.0,7776.0,0.0,0.0,0.0,0.0,24898.0,0.0,300.0,0.0
2024-11-01,0.0,0.0,0.0,0.0,0.0,0.0,0.0,0.0,0.0,0.0,0.0,0.0,0.0,0.0,0.0,0.0,0.0,0.0,0.0,0.0,0.0,0.0,0.0,0.0,0.0,0.0,0.0,800.0,0.0,0.0,0.0,0.0,330.0,0.0,0.0,180.0,0.0,0.0,1600.0,0.0,0.0,0.0,0.0,0.0,0.0,0.0,0.0,0.0,54.0,4800.0,0.0,0.0,0.0,0.0,0.0,0.0,0.0,6427.0,50499.0,0.0,6260.0,0.0,0.0,370.0,20054.0,150.0,22397.0,143864.0,620.0,2457.0,0.0,1530.0,0.0,0.0,0.0,0.0,0.0,0.0,0.0,0.0,0.0,2900.0,0.0,0.0,0.0,0.0,0.0,0.0,0.0,0.0,0.0,0.0,0.0,0.0,0.0,0.0,0.0,0.0,0.0,0.0,0.0,0.0,0.0,0.0,0.0,0.0,0.0,0.0,0.0,0.0,0.0,0.0,0.0,0.0,0.0,0.0,0.0,0.0,0.0,0.0,0.0,0.0,0.0,0.0,0.0,0.0,0.0,0.0,0.0,0.0,0.0,0.0,0.0,0.0,0.0,0.0,0.0,0.0,0.0,0.0,0.0,0.0,0.0,0.0,0.0,0.0,0.0,0.0,0.0,0.0,0.0,0.0,0.0,0.0,0.0,89772.0,71316.0,0.0,0.0,0.0,0.0,0.0,18000.0,0.0,0.0,0.0,0.0,80.0,-38.0,0.0,0.0,0.0,0.0,0.0,0.0,0.0,6.0,119.0,0.0,0.0,0.0,110.0,0.0,0.0,0.0,2382.0,1230.0,0.0,0.0,0.0,0.0,0.0,0.0,0.0,101.0,0.0,0.0,256.0,0.0,0.0,0.0,0.0,0.0,0.0,170.0,0.0,0.0,134.0,4.0,0.0,0.0,21.0,0.0,0.0,0.0,0.0,0.0,0.0,0.0,0.0,4.0,0.0,0.0,0.0,0.0,0.0,0.0,0.0,0.0,0.0,0.0,0.0,220.0,91.0,0.0,171.0,0.0,0.0,0.0,755.0,50.0,0.0,414.0,0.0,0.0,0.0,309.0,100.0,0.0,0.0,0.0,0.0,0.0,0.0,215.0,100.0,0.0,711.0,0.0,0.0,0.0,2518.0,2521.0,0.0,11.0,0.0,17.0,0.0,0.0,0.0,150.0,0.0,0.0,0.0,0.0,0.0,0.0,0.0,0.0,0.0,0.0,0.0,50.0,0.0,0.0,0.0,0.0,31.0,0.0,0.0,0.0,0.0,0.0,0.0,0.0,0.0,0.0,0.0,0.0,0.0,0.0,0.0,0.0,0.0,0.0,0.0,0.0,0.0,0.0,0.0,0.0,0.0,0.0,0.0,0.0,0.0,0.0,0.0,0.0,0.0,0.0,0.0,0.0,0.0,0.0,0.0,0.0,0.0,0.0,0.0,0.0,0.0,0.0,0.0,0.0,0.0,0.0,0.0,0.0,0.0,0.0,0.0,0.0,0.0,0.0,0.0,0.0,0.0,0.0,0.0,0.0,0.0,0.0,0.0,0.0,0.0,0.0,0.0,0.0,0.0,0.0,0.0,0.0,0.0,0.0,0.0,0.0,0.0,0.0,0.0,0.0,0.0,0.0,0.0,0.0,0.0,0.0,0.0,0.0,0.0,0.0,0.0,0.0,0.0,0.0,0.0,0.0,0.0,0.0,0.0,0.0,0.0,0.0,0.0,0.0,0.0,0.0,0.0,0.0,0.0,0.0,0.0,0.0,0.0,0.0,0.0,0.0,0.0,0.0,0.0,0.0,0.0,0.0,0.0,0.0,0.0,0.0,0.0,0.0,0.0,0.0,0.0,0.0,0.0,0.0,0.0,12.0,0.0,0.0,0.0,4.0,0.0,0.0,0.0,0.0,0.0,0.0,0.0,0.0,0.0,0.0,0.0,0.0,0.0,3.0,0.0,0.0,3.0,0.0,0.0,0.0,0.0,0.0,0.0,0.0,0.0,0.0,0.0,0.0,0.0,0.0,0.0,150.0,280.0,642.0,239.0,49.0,4649.0,0.0,0.0,0.0,0.0,0.0,0.0,0.0,0.0,1300.0,0.0,0.0,90525.0,3830.0,0.0,0.0,0.0,0.0,0.0,0.0,1550.0,120.0,0.0,0.0,0.0,0.0,0.0,482.0,18.0,0.0,0.0,0.0,8140.0,0.0,0.0,0.0,0.0,0.0,3000.0,0.0,0.0,0.0,0.0,0.0,0.0,0.0,0.0,400.0,33709.0,0.0,310.0,0.0,206.0,75.0,0.0,9040.0,102.0,0.0,0.0,10000.0,0.0,0.0,0.0,0.0,0.0,0.0,0.0,0.0,0.0,0.0,0.0,0.0,0.0,0.0,0.0,0.0,0.0,0.0,0.0,0.0,0.0,0.0,0.0,998.0,0.0,2260.0,0.0,0.0,0.0,0.0,0.0,0.0,94.0,0.0,0.0,0.0,0.0,0.0,1.0,0.0,0.0,0.0,0.0,0.0,0.0,0.0,0.0,0.0,0.0,10.0,10.0,0.0,0.0,0.0,0.0,0.0,0.0,0.0,11489.0,0.0,0.0,0.0,10840.0,34081.0,0.0,390.0,0.0,0.0,232.0,4099.0,50.0,680.0,0.0,0.0,0.0,0.0,0.0,300.0,6092.0,0.0,0.0,0.0,0.0,26105.0,0.0,150.0,0.0
2024-12-01,0.0,0.0,0.0,0.0,0.0,0.0,0.0,0.0,0.0,0.0,0.0,0.0,0.0,0.0,0.0,0.0,2000.0,0.0,0.0,0.0,0.0,0.0,0.0,0.0,0.0,0.0,0.0,0.0,0.0,0.0,0.0,0.0,0.0,0.0,0.0,18.0,1700.0,0.0,1245.0,0.0,0.0,0.0,0.0,0.0,0.0,0.0,0.0,0.0,70.0,4276.0,0.0,0.0,0.0,0.0,0.0,0.0,0.0,6585.0,48047.0,0.0,1720.0,0.0,0.0,510.0,16672.0,0.0,24617.0,119201.0,0.0,898.0,0.0,0.0,0.0,0.0,0.0,0.0,0.0,0.0,0.0,0.0,0.0,2842.0,4186.0,530.0,0.0,0.0,0.0,0.0,0.0,0.0,0.0,0.0,0.0,0.0,0.0,0.0,0.0,0.0,0.0,0.0,0.0,0.0,0.0,0.0,0.0,0.0,0.0,0.0,0.0,0.0,0.0,0.0,0.0,0.0,0.0,0.0,0.0,0.0,0.0,0.0,0.0,0.0,0.0,0.0,0.0,0.0,0.0,0.0,0.0,0.0,0.0,0.0,0.0,0.0,0.0,0.0,0.0,160.0,0.0,0.0,0.0,0.0,0.0,0.0,0.0,0.0,0.0,0.0,0.0,0.0,0.0,0.0,0.0,0.0,0.0,56600.0,19558.0,0.0,4528.0,0.0,0.0,0.0,0.0,0.0,0.0,94.0,0.0,869.0,2076.0,0.0,0.0,0.0,0.0,40.0,23.0,0.0,53.0,143.0,0.0,0.0,0.0,225.0,0.0,0.0,0.0,2735.0,44.0,0.0,0.0,0.0,0.0,0.0,0.0,0.0,100.0,0.0,0.0,204.0,0.0,0.0,0.0,0.0,0.0,0.0,0.0,0.0,0.0,587.0,0.0,0.0,0.0,0.0,0.0,0.0,0.0,0.0,0.0,0.0,0.0,0.0,0.0,0.0,0.0,0.0,0.0,0.0,0.0,0.0,0.0,0.0,0.0,0.0,266.0,37.0,0.0,30.0,0.0,0.0,0.0,702.0,50.0,0.0,201.0,0.0,0.0,0.0,477.0,600.0,0.0,0.0,0.0,0.0,0.0,0.0,28.0,358.0,0.0,138.0,90.0,0.0,0.0,1322.0,3545.0,0.0,6.0,0.0,29.0,0.0,0.0,0.0,117.0,0.0,0.0,0.0,0.0,0.0,0.0,0.0,0.0,0.0,0.0,0.0,12.0,0.0,0.0,0.0,0.0,129.0,0.0,0.0,0.0,0.0,0.0,0.0,0.0,0.0,0.0,0.0,0.0,0.0,0.0,0.0,0.0,0.0,0.0,0.0,0.0,0.0,0.0,0.0,0.0,0.0,0.0,0.0,0.0,0.0,0.0,0.0,0.0,0.0,0.0,0.0,0.0,0.0,0.0,0.0,1.0,0.0,0.0,0.0,0.0,0.0,0.0,0.0,0.0,0.0,0.0,0.0,1.0,0.0,0.0,2.0,0.0,0.0,0.0,0.0,0.0,2.0,0.0,0.0,2.0,0.0,0.0,0.0,1.0,0.0,0.0,0.0,0.0,0.0,0.0,2.0,0.0,0.0,0.0,0.0,0.0,0.0,0.0,0.0,0.0,0.0,0.0,0.0,0.0,0.0,0.0,0.0,0.0,0.0,0.0,0.0,0.0,0.0,0.0,0.0,1.0,0.0,0.0,0.0,0.0,0.0,0.0,0.0,0.0,0.0,0.0,0.0,0.0,0.0,0.0,0.0,0.0,0.0,0.0,0.0,0.0,0.0,0.0,0.0,0.0,0.0,0.0,0.0,0.0,0.0,3.0,0.0,0.0,1.0,0.0,0.0,0.0,0.0,0.0,0.0,0.0,0.0,0.0,0.0,0.0,0.0,0.0,0.0,0.0,0.0,0.0,0.0,0.0,0.0,0.0,0.0,0.0,0.0,0.0,0.0,0.0,0.0,0.0,0.0,0.0,0.0,0.0,0.0,0.0,0.0,0.0,0.0,0.0,0.0,0.0,0.0,0.0,0.0,8.0,0.0,0.0,3640.0,60.0,0.0,0.0,0.0,0.0,0.0,0.0,0.0,0.0,0.0,200.0,44230.0,1000.0,0.0,2750.0,0.0,0.0,0.0,0.0,4600.0,0.0,0.0,0.0,0.0,0.0,0.0,228.0,0.0,0.0,400.0,0.0,18770.0,0.0,0.0,0.0,0.0,0.0,1030.0,0.0,0.0,0.0,0.0,0.0,0.0,0.0,0.0,3580.0,66456.0,0.0,18.0,0.0,82.0,70.0,0.0,0.0,5.0,0.0,3604.0,19464.0,0.0,0.0,375.0,0.0,0.0,0.0,0.0,0.0,0.0,0.0,0.0,0.0,0.0,0.0,534.0,0.0,0.0,0.0,0.0,0.0,0.0,0.0,0.0,518.0,0.0,334.0,0.0,0.0,10.0,0.0,0.0,1968.0,32.0,0.0,4418.0,0.0,0.0,0.0,18.0,0.0,0.0,0.0,0.0,0.0,0.0,6.0,11.0,0.0,0.0,20.0,0.0,0.0,0.0,0.0,0.0,0.0,5300.0,2100.0,2514.0,0.0,0.0,0.0,8725.0,1092.0,0.0,0.0,0.0,0.0,0.0,3929.0,0.0,2060.0,0.0,0.0,0.0,0.0,1000.0,750.0,5210.0,0.0,0.0,0.0,0.0,10.0,0.0,0.0,0.0
2025-01-01,0.0,0.0,0.0,0.0,0.0,0.0,0.0,0.0,590.0,0.0,0.0,0.0,0.0,0.0,0.0,0.0,0.0,0.0,0.0,0.0,0.0,0.0,0.0,0.0,0.0,0.0,0.0,900.0,0.0,0.0,0.0,0.0,800.0,0.0,0.0,450.0,7264.0,0.0,3554.0,1630.0,0.0,0.0,0.0,0.0,0.0,0.0,0.0,0.0,150.0,7801.0,0.0,0.0,0.0,0.0,0.0,0.0,0.0,15130.0,67335.0,500.0,0.0,0.0,0.0,480.0,15287.0,0.0,17632.0,150381.0,0.0,15642.0,0.0,0.0,0.0,0.0,0.0,0.0,0.0,0.0,0.0,0.0,0.0,496.0,1288.0,27867.0,0.0,0.0,0.0,0.0,0.0,0.0,0.0,0.0,0.0,0.0,0.0,0.0,0.0,0.0,0.0,0.0,0.0,0.0,0.0,0.0,0.0,0.0,0.0,0.0,0.0,0.0,0.0,0.0,0.0,0.0,0.0,0.0,0.0,0.0,0.0,0.0,0.0,0.0,0.0,0.0,0.0,0.0,0.0,0.0,0.0,0.0,0.0,0.0,0.0,0.0,0.0,0.0,0.0,0.0,0.0,0.0,0.0,0.0,0.0,0.0,0.0,0.0,0.0,0.0,0.0,0.0,0.0,0.0,0.0,1400.0,0.0,57732.0,0.0,0.0,0.0,0.0,0.0,40.0,0.0,0.0,0.0,8.0,0.0,1298.0,200.0,0.0,0.0,0.0,0.0,40.0,64.0,0.0,1086.0,450.0,0.0,0.0,0.0,298.0,0.0,0.0,0.0,2260.0,32.0,0.0,0.0,0.0,0.0,0.0,0.0,0.0,412.0,0.0,0.0,116.0,0.0,0.0,0.0,0.0,0.0,0.0,0.0,0.0,0.0,594.0,0.0,0.0,0.0,12.0,0.0,0.0,0.0,0.0,0.0,0.0,0.0,0.0,3.0,0.0,0.0,0.0,0.0,0.0,0.0,0.0,0.0,0.0,0.0,0.0,210.0,160.0,0.0,0.0,28.0,0.0,0.0,60.0,0.0,0.0,16.0,0.0,200.0,0.0,1280.0,132.0,0.0,0.0,0.0,0.0,0.0,0.0,86.0,200.0,0.0,0.0,1500.0,0.0,0.0,6356.0,4312.0,2016.0,4.0,0.0,145.0,0.0,0.0,0.0,284.0,0.0,488.0,488.0,0.0,0.0,0.0,0.0,0.0,0.0,0.0,0.0,38.0,0.0,50.0,0.0,0.0,63.0,0.0,0.0,0.0,0.0,0.0,0.0,0.0,0.0,0.0,0.0,0.0,0.0,0.0,0.0,0.0,0.0,0.0,0.0,0.0,0.0,0.0,0.0,0.0,0.0,0.0,0.0,0.0,0.0,0.0,0.0,0.0,0.0,0.0,0.0,0.0,0.0,0.0,0.0,0.0,0.0,0.0,0.0,0.0,0.0,0.0,0.0,0.0,0.0,0.0,0.0,0.0,0.0,0.0,0.0,0.0,0.0,0.0,0.0,0.0,0.0,0.0,0.0,0.0,0.0,0.0,0.0,0.0,0.0,0.0,0.0,0.0,0.0,0.0,0.0,0.0,0.0,0.0,0.0,0.0,0.0,0.0,0.0,0.0,0.0,0.0,0.0,0.0,0.0,0.0,0.0,0.0,0.0,0.0,0.0,0.0,0.0,0.0,0.0,0.0,0.0,0.0,0.0,0.0,0.0,0.0,0.0,0.0,0.0,0.0,0.0,0.0,0.0,0.0,0.0,0.0,0.0,0.0,0.0,0.0,0.0,0.0,0.0,0.0,0.0,0.0,0.0,0.0,0.0,0.0,0.0,0.0,0.0,0.0,0.0,0.0,0.0,0.0,0.0,0.0,0.0,0.0,0.0,0.0,0.0,0.0,0.0,0.0,0.0,0.0,0.0,0.0,0.0,0.0,0.0,0.0,0.0,0.0,0.0,0.0,0.0,0.0,0.0,0.0,0.0,0.0,0.0,0.0,0.0,0.0,0.0,0.0,0.0,0.0,0.0,72.0,0.0,0.0,5090.0,0.0,17016.0,0.0,0.0,0.0,0.0,0.0,0.0,0.0,0.0,0.0,0.0,0.0,12430.0,0.0,0.0,0.0,0.0,0.0,0.0,0.0,0.0,4500.0,0.0,0.0,0.0,0.0,0.0,1217.0,0.0,0.0,5730.0,0.0,6200.0,0.0,0.0,0.0,0.0,0.0,80.0,0.0,0.0,0.0,0.0,0.0,0.0,0.0,0.0,5270.0,73751.0,0.0,0.0,0.0,100.0,65.0,0.0,5112.0,0.0,0.0,5048.0,11812.0,0.0,0.0,50.0,0.0,0.0,0.0,0.0,0.0,0.0,0.0,0.0,0.0,0.0,0.0,0.0,0.0,0.0,0.0,0.0,0.0,0.0,0.0,0.0,1499.0,0.0,1440.0,19.0,0.0,1000.0,0.0,0.0,37.0,250.0,5000.0,7448.0,0.0,100.0,0.0,4.0,0.0,0.0,0.0,0.0,0.0,14.0,0.0,0.0,0.0,0.0,0.0,0.0,0.0,0.0,0.0,0.0,0.0,0.0,0.0,0.0,0.0,0.0,0.0,4526.0,4.0,-49.0,0.0,0.0,0.0,0.0,435.0,0.0,665.0,0.0,0.0,0.0,0.0,0.0,300.0,0.0,0.0,0.0,0.0,0.0,2000.0,0.0,0.0,0.0
2025-02-01,0.0,0.0,0.0,0.0,0.0,0.0,0.0,0.0,30.0,0.0,0.0,0.0,0.0,0.0,0.0,0.0,800.0,0.0,0.0,0.0,0.0,0.0,0.0,0.0,0.0,0.0,0.0,130.0,0.0,0.0,0.0,0.0,48.0,0.0,0.0,0.0,7773.0,0.0,751.0,11843.0,0.0,0.0,0.0,0.0,0.0,0.0,0.0,0.0,20.0,5246.0,0.0,0.0,0.0,0.0,0.0,0.0,0.0,17999.0,50073.0,500.0,0.0,0.0,0.0,1220.0,14248.0,0.0,16952.0,134116.0,3150.0,8508.0,0.0,2888.0,0.0,0.0,0.0,0.0,0.0,0.0,0.0,0.0,0.0,6120.0,846.0,60751.0,0.0,0.0,0.0,0.0,0.0,0.0,0.0,0.0,0.0,0.0,0.0,0.0,0.0,0.0,0.0,0.0,0.0,0.0,0.0,0.0,0.0,0.0,0.0,2.0,0.0,1.0,0.0,0.0,0.0,0.0,0.0,0.0,0.0,3.0,0.0,0.0,0.0,0.0,0.0,0.0,0.0,0.0,0.0,1.0,0.0,0.0,0.0,0.0,1.0,0.0,0.0,0.0,0.0,0.0,0.0,0.0,0.0,0.0,0.0,0.0,0.0,0.0,0.0,0.0,0.0,0.0,0.0,0.0,0.0,0.0,0.0,0.0,15068.0,0.0,0.0,1961.0,0.0,3880.0,0.0,0.0,0.0,6.0,0.0,502.0,102.0,0.0,0.0,0.0,0.0,20.0,34.0,0.0,104.0,1861.0,0.0,0.0,0.0,270.0,0.0,0.0,0.0,1319.0,326.0,0.0,0.0,0.0,134.0,0.0,0.0,0.0,317.0,0.0,0.0,500.0,0.0,0.0,0.0,0.0,0.0,0.0,730.0,0.0,0.0,853.0,40.0,0.0,0.0,0.0,0.0,0.0,0.0,0.0,0.0,0.0,0.0,0.0,0.0,0.0,12.0,0.0,0.0,0.0,0.0,0.0,0.0,0.0,0.0,0.0,399.0,45.0,0.0,22.0,0.0,0.0,0.0,667.0,290.0,0.0,316.0,0.0,0.0,0.0,500.0,194.0,0.0,0.0,0.0,0.0,0.0,0.0,2.0,240.0,0.0,154.0,382.0,0.0,0.0,5476.0,1981.0,0.0,225.0,0.0,96.0,0.0,0.0,0.0,111.0,0.0,0.0,45.0,0.0,0.0,0.0,0.0,0.0,0.0,0.0,0.0,240.0,0.0,50.0,0.0,0.0,68.0,0.0,0.0,0.0,0.0,0.0,0.0,0.0,0.0,0.0,0.0,0.0,0.0,0.0,0.0,0.0,0.0,0.0,0.0,0.0,0.0,0.0,0.0,0.0,0.0,0.0,0.0,0.0,0.0,0.0,0.0,0.0,0.0,0.0,0.0,0.0,0.0,0.0,0.0,0.0,0.0,0.0,0.0,0.0,0.0,0.0,0.0,0.0,0.0,0.0,0.0,0.0,0.0,0.0,0.0,0.0,0.0,0.0,0.0,0.0,0.0,0.0,0.0,0.0,0.0,0.0,0.0,0.0,0.0,0.0,0.0,0.0,0.0,0.0,0.0,0.0,0.0,0.0,0.0,0.0,0.0,0.0,0.0,0.0,0.0,0.0,0.0,0.0,0.0,0.0,0.0,0.0,0.0,0.0,0.0,0.0,0.0,0.0,0.0,0.0,0.0,0.0,0.0,0.0,0.0,0.0,0.0,0.0,0.0,0.0,0.0,0.0,0.0,0.0,0.0,0.0,0.0,0.0,0.0,0.0,0.0,0.0,0.0,0.0,0.0,0.0,0.0,0.0,0.0,0.0,0.0,0.0,0.0,0.0,0.0,0.0,0.0,0.0,0.0,0.0,0.0,0.0,0.0,0.0,0.0,0.0,0.0,0.0,0.0,0.0,0.0,0.0,0.0,0.0,0.0,0.0,0.0,0.0,0.0,0.0,0.0,0.0,0.0,0.0,0.0,0.0,0.0,0.0,0.0,0.0,0.0,0.0,0.0,0.0,0.0,8738.0,0.0,0.0,6910.0,0.0,10500.0,0.0,0.0,0.0,0.0,0.0,0.0,0.0,0.0,700.0,2600.0,75.0,44021.0,900.0,0.0,0.0,0.0,620.0,0.0,0.0,602.0,2600.0,0.0,0.0,0.0,0.0,0.0,1220.0,0.0,0.0,0.0,0.0,7165.0,0.0,0.0,0.0,0.0,0.0,800.0,0.0,0.0,0.0,0.0,0.0,0.0,0.0,-5013.0,5830.0,904.0,0.0,28.0,0.0,89.0,0.0,0.0,0.0,0.0,2100.0,7128.0,15955.0,0.0,0.0,60.0,0.0,10.0,0.0,848.0,0.0,0.0,0.0,0.0,0.0,0.0,0.0,0.0,0.0,0.0,0.0,0.0,0.0,0.0,0.0,0.0,0.0,0.0,560.0,0.0,0.0,0.0,0.0,0.0,3690.0,15.0,0.0,2941.0,0.0,0.0,0.0,0.0,0.0,0.0,0.0,0.0,0.0,0.0,0.0,0.0,0.0,0.0,0.0,0.0,0.0,0.0,1368.0,0.0,0.0,70.0,0.0,0.0,0.0,0.0,0.0,5200.0,202.0,-44.0,5342.0,0.0,0.0,0.0,358.0,0.0,0.0,0.0,0.0,0.0,600.0,0.0,600.0,0.0,0.0,0.0,0.0,0.0,250.0,0.0,0.0,0.0
